ANDES 1.9.3
Copyright (C) 2015-2022 Hantao Cui

ANDES comes with ABSOLUTELY NO WARRANTY
Case file: case3012wp.xlsx
Report time: 09/11/2026 09:26:59 AM

Power flow converged in 3 iterations.
Flat-start: No

Statistics:
Buses                           3012
Generators                       502
Committed Gens                   385
Loads                           2271
Shunts                             9
Lines                           3572
Transformers                     201
Areas                              0

EXTENDED SUMMARY:
                              P (pu)            Q (pu)

Generation                    277.87            84.075
Load                           271.7            102.01

BUS DATA:
                            Bus Name            Vm(pu)          Va(rad.)

1                              Bus 1            1.1068        -0.0060291
2                              Bus 2            1.1079           0.01349
3                              Bus 3            1.0659          -0.55668
4                              Bus 4            1.0659          -0.55683
5                              Bus 5             1.077          -0.59598
6                              Bus 6            1.0752          -0.11516
7                              Bus 7            1.0751          -0.11516
8                              Bus 8            1.0903          -0.33818
9                              Bus 9            1.0905          -0.33789
10                            Bus 10            1.1099          -0.39811
11                            Bus 11            1.0252          -0.24719
12                            Bus 12            1.0253          -0.24704
13                            Bus 13            1.0115          -0.32472
14                            Bus 14            1.0427          -0.33487
15                            Bus 15            1.0429          -0.33481
16                            Bus 16             1.043          -0.33464
17                            Bus 17            1.0312          -0.41268
18                            Bus 18            1.0309          -0.40611
19                            Bus 19            1.0264          -0.21765
20                            Bus 20            1.0265          -0.21747
21                            Bus 21            1.0219          -0.38943
22                            Bus 22            1.0155          -0.32006
23                            Bus 23            1.0155          -0.32006
24                            Bus 24            1.0867          -0.45864
25                            Bus 25            1.0867          -0.45863
26                            Bus 26            1.0847         -0.097679
27                            Bus 27            1.0848         -0.097906
28                            Bus 28            1.0399          -0.37096
29                            Bus 29            1.0398          -0.37092
30                            Bus 30            1.0423          -0.32629
31                            Bus 31            1.0422          -0.32652
32                            Bus 32            1.0844         -0.056705
33                            Bus 33            1.0843         -0.057119
34                            Bus 34             1.017          -0.28466
35                            Bus 35             1.017          -0.28475
36                            Bus 36            1.0067          -0.34109
37                            Bus 37              1.11        1.3013e-16
38                            Bus 38              1.11          0.018609
39                            Bus 39              1.11          0.018483
40                            Bus 40            1.0475        -0.0089533
41                            Bus 41            1.0475         -0.008846
42                            Bus 42            1.0317          -0.35781
43                            Bus 43            1.0316          -0.35787
44                            Bus 44            1.0499         -0.038319
45                            Bus 45            1.0499         -0.038381
46                            Bus 46            1.0393          -0.34104
47                            Bus 47            1.0599          -0.15725
48                            Bus 48            1.0599          -0.15756
49                            Bus 49            1.0929          -0.22954
50                            Bus 50            1.0911          -0.22235
51                            Bus 51            1.1036          -0.19372
52                            Bus 52            1.1036          -0.19379
53                            Bus 53            1.0722          -0.26442
54                            Bus 54            1.0994          -0.17105
55                            Bus 55            1.0995          -0.17104
56                            Bus 56             1.036           -0.1741
57                            Bus 57            1.1017          -0.19609
58                            Bus 58            1.1017           -0.1961
59                            Bus 59            1.1017          -0.19611
60                            Bus 60              1.05           -0.1635
61                            Bus 61              1.05          -0.16338
62                            Bus 62             1.094          -0.18394
63                            Bus 63            1.0448          -0.24261
64                            Bus 64            1.0448          -0.24263
65                            Bus 65            1.0478          -0.19057
66                            Bus 66            1.0784           -0.2343
67                            Bus 67            1.0783          -0.23421
68                            Bus 68            1.0457          -0.18475
69                            Bus 69            1.0457          -0.18479
70                            Bus 70            1.1084          -0.17169
71                            Bus 71            1.1084          -0.17172
72                            Bus 72            1.0433          -0.17809
73                            Bus 73            1.0433          -0.17812
74                            Bus 74            1.0986          -0.21278
75                            Bus 75            1.0986          -0.21281
76                            Bus 76            1.0965          -0.18703
77                            Bus 77            1.0965          -0.18696
78                            Bus 78            1.0974          -0.21188
79                            Bus 79            1.0974          -0.21194
80                            Bus 80              1.05          -0.20118
81                            Bus 81            1.0499          -0.20138
82                            Bus 82               1.1          -0.21328
83                            Bus 83            1.1006          -0.21105
84                            Bus 84            1.0798          -0.21372
85                            Bus 85            1.0932         -0.075594
86                            Bus 86            1.0945          -0.15975
87                            Bus 87            1.0946          -0.15975
88                            Bus 88            1.0996         -0.051601
89                            Bus 89            1.0997         -0.051377
90                            Bus 90            1.1094         -0.044367
91                            Bus 91            1.1094         -0.044407
92                            Bus 92            1.0746         -0.075646
93                            Bus 93            1.0744         -0.075765
94                            Bus 94            1.1088         -0.036848
95                            Bus 95              1.11          -0.02857
96                            Bus 96            1.0959         -0.054025
97                            Bus 97            1.0958         -0.054043
98                            Bus 98              1.05         -0.082121
99                            Bus 99            1.0499         -0.082599
100                          Bus 100            1.0599           -0.1101
101                          Bus 101            1.1085         -0.035733
102                          Bus 102            1.1085         -0.035685
103                          Bus 103            1.0961         -0.071648
104                          Bus 104            1.0961         -0.071731
105                          Bus 105            1.1042         -0.033066
106                          Bus 106            1.1041         -0.033105
107                          Bus 107            1.1003         -0.064216
108                          Bus 108            1.1003         -0.064337
109                          Bus 109            1.0433         -0.039595
110                          Bus 110            1.0433         -0.039623
111                          Bus 111            1.1068         -0.030409
112                          Bus 112            1.1069         -0.030386
113                          Bus 113             1.081         -0.064713
114                          Bus 114            1.0809         -0.064941
115                          Bus 115            1.1009         -0.054789
116                          Bus 116            1.1008         -0.055001
117                          Bus 117            1.0946          -0.15941
118                          Bus 118            1.0946          -0.15936
119                          Bus 119            1.0607         -0.081522
120                          Bus 120            1.0606         -0.081547
121                          Bus 121              1.11         -0.030737
122                          Bus 122              1.11         -0.030704
123                          Bus 123              1.11         -0.031682
124                          Bus 124              1.11         -0.031483
125                          Bus 125            1.0961         -0.078859
126                          Bus 126            1.0961         -0.079004
127                          Bus 127             1.079         -0.086354
128                          Bus 128            1.0891         -0.046215
129                          Bus 129            1.0892         -0.046252
130                          Bus 130            1.0944         -0.055186
131                          Bus 131            1.0945         -0.055041
132                          Bus 132            1.0414         -0.096909
133                          Bus 133            1.0414         -0.096909
134                          Bus 134            1.1076         -0.046936
135                          Bus 135            1.1076         -0.046979
136                          Bus 136            1.0927         -0.073597
137                          Bus 137            1.0927         -0.073798
138                          Bus 138            1.0477          -0.19825
139                          Bus 139            1.0477          -0.19829
140                          Bus 140            1.0499          -0.10625
141                          Bus 141            1.0499          -0.10622
142                          Bus 142            1.0765         -0.090924
143                          Bus 143            1.0765         -0.090881
144                          Bus 144            1.1099         -0.023785
145                          Bus 145              1.11          -0.02338
146                          Bus 146            1.0397         -0.080292
147                          Bus 147            1.0397         -0.080281
148                          Bus 148            1.0948          -0.07334
149                          Bus 149            1.0949          -0.07322
150                          Bus 150            1.1097          -0.03177
151                          Bus 151            1.0983         -0.066656
152                          Bus 152            1.0747          -0.07565
153                          Bus 153            1.0744         -0.075769
154                          Bus 154            1.0886          -0.22907
155                          Bus 155            1.0886          -0.22928
156                          Bus 156            1.0635          -0.25841
157                          Bus 157            1.0634          -0.25843
158                          Bus 158            1.0549          -0.28894
159                          Bus 159            1.0809          -0.22859
160                          Bus 160            1.0808          -0.22875
161                          Bus 161            1.0222          -0.22116
162                          Bus 162            1.0222           -0.2212
163                          Bus 163            1.0259          -0.50175
164                          Bus 164             1.077           -0.6244
165                          Bus 165             1.077           -0.6244
166                          Bus 166            1.0716          -0.54591
167                          Bus 167            1.0716          -0.54591
168                          Bus 168            1.0542          -0.29307
169                          Bus 169             1.081          -0.32189
170                          Bus 170            1.0809          -0.32215
171                          Bus 171              1.11          -0.26623
172                          Bus 172            1.1041          -0.58742
173                          Bus 173            1.1041          -0.58743
174                          Bus 174            1.0361          -0.53791
175                          Bus 175            1.0361          -0.53785
176                          Bus 176           0.99462          -0.48305
177                          Bus 177           0.99473           -0.4832
178                          Bus 178            1.0482          -0.40223
179                          Bus 179            1.0483          -0.40231
180                          Bus 180              1.11          -0.16286
181                          Bus 181              1.11            -0.163
182                          Bus 182              1.11          -0.16261
183                          Bus 183            1.0494          -0.15144
184                          Bus 184            1.0494          -0.15146
185                          Bus 185            1.0807            -0.625
186                          Bus 186            1.0807            -0.625
187                          Bus 187            1.0079          -0.23931
188                          Bus 188           0.97882          -0.34106
189                          Bus 189            1.0203          -0.20461
190                          Bus 190            1.0203          -0.20447
191                          Bus 191             1.083          -0.32464
192                          Bus 192            1.0827          -0.32537
193                          Bus 193            1.0324          -0.20971
194                          Bus 194             1.014          -0.61724
195                          Bus 195            1.0141          -0.61732
196                          Bus 196            1.0765          -0.62587
197                          Bus 197            1.0765          -0.62589
198                          Bus 198            1.0204           -0.5224
199                          Bus 199            1.0203          -0.52225
200                          Bus 200           0.98019          -0.55175
201                          Bus 201           0.98019          -0.55175
202                          Bus 202            1.0164          -0.37745
203                          Bus 203            1.0164          -0.37736
204                          Bus 204            1.0103          -0.53538
205                          Bus 205            1.0637          -0.25001
206                          Bus 206            1.0637          -0.25022
207                          Bus 207            1.0553          -0.22041
208                          Bus 208            1.0675          -0.37671
209                          Bus 209             1.007          -0.39985
210                          Bus 210            1.0069           -0.3997
211                          Bus 211            1.0437          -0.48851
212                          Bus 212              1.11          -0.56475
213                          Bus 213             1.032          -0.54594
214                          Bus 214            1.0321          -0.54596
215                          Bus 215            1.0232          -0.51049
216                          Bus 216            1.0232          -0.51061
217                          Bus 217            1.0295          -0.60283
218                          Bus 218            1.0234          -0.57822
219                          Bus 219            1.0234          -0.57832
220                          Bus 220            1.0547           -0.4917
221                          Bus 221            1.0546          -0.49177
222                          Bus 222            1.0056          -0.44488
223                          Bus 223            1.0056          -0.44488
224                          Bus 224             1.029          -0.54463
225                          Bus 225            1.0515          -0.47302
226                          Bus 226            1.0515           -0.4729
227                          Bus 227            1.0707          -0.53747
228                          Bus 228            1.0603           -0.5493
229                          Bus 229             1.027          -0.54543
230                          Bus 230             1.027          -0.54543
231                          Bus 231            1.0499          -0.60383
232                          Bus 232            1.0528          -0.55067
233                          Bus 233            1.0529          -0.55061
234                          Bus 234            1.0362          -0.53219
235                          Bus 235            1.0362          -0.53225
236                          Bus 236            1.0292          -0.51136
237                          Bus 237            1.0291          -0.51135
238                          Bus 238            1.0321          -0.47649
239                          Bus 239            1.0321          -0.47675
240                          Bus 240            1.0222          -0.49828
241                          Bus 241            1.0222          -0.49823
242                          Bus 242            1.0686          -0.58593
243                          Bus 243            1.0687          -0.58583
244                          Bus 244              1.11         -0.057565
245                          Bus 245            1.0593          -0.49861
246                          Bus 246            1.0682          -0.63402
247                          Bus 247            1.0681          -0.63387
248                          Bus 248            1.1118           -0.3888
249                          Bus 249            1.1118          -0.38922
250                          Bus 250            1.0363          -0.47409
251                          Bus 251            1.0363          -0.47413
252                          Bus 252            1.0893         -0.048973
253                          Bus 253            1.0784          -0.06429
254                          Bus 254            1.1053           -0.4437
255                          Bus 255            1.1054           -0.4471
256                          Bus 256            1.1065          -0.45076
257                          Bus 257            1.1063          -0.45337
258                          Bus 258            1.1049          -0.45588
259                          Bus 259            1.1051          -0.44676
260                          Bus 260            1.1046          -0.45483
261                          Bus 261            1.1046          -0.45445
262                          Bus 262            1.1065          -0.45516
263                          Bus 263             1.099          -0.44308
264                          Bus 264            1.0991          -0.44298
265                          Bus 265            1.1077          -0.42918
266                          Bus 266            1.1076          -0.42957
267                          Bus 267            1.0583          -0.33956
268                          Bus 268            1.0751          -0.19856
269                          Bus 269            1.1107          -0.42466
270                          Bus 270            1.0907         -0.091414
271                          Bus 271            1.0872          -0.01866
272                          Bus 272            1.0982           -0.4505
273                          Bus 273            1.0999          -0.58216
274                          Bus 274            1.0844          -0.47775
275                          Bus 275            1.1091          -0.17339
276                          Bus 276            1.0593          -0.26312
277                          Bus 277            1.1194          -0.42744
278                          Bus 278            1.1153            -0.167
279                          Bus 279            1.1198          -0.19189
280                          Bus 280            1.0971          -0.43338
281                          Bus 281            1.0796         -0.061888
282                          Bus 282            1.0743          -0.24358
283                          Bus 283            1.0742          -0.24347
284                          Bus 284            1.0746         -0.046826
285                          Bus 285            1.0745         -0.047193
286                          Bus 286            1.0809          -0.52137
287                          Bus 287             1.111          -0.16293
288                          Bus 288            1.0801          -0.52599
289                          Bus 289            1.0801          -0.52607
290                          Bus 290            1.0858          -0.52659
291                          Bus 291            1.0794          -0.53067
292                          Bus 292            1.0794          -0.53075
293                          Bus 293            1.0884          -0.50408
294                          Bus 294            1.0884          -0.50452
295                          Bus 295            1.0944          -0.46777
296                          Bus 296            1.0945          -0.46814
297                          Bus 297            1.0681          -0.58941
298                          Bus 298            1.1039          -0.10396
299                          Bus 299            1.1002          -0.10261
300                          Bus 300            1.1016          -0.10533
301                          Bus 301            1.1002          -0.10264
302                          Bus 302            1.0785          -0.56178
303                          Bus 303            1.0785          -0.56199
304                          Bus 304            1.1115          -0.18031
305                          Bus 305            1.1027          -0.10839
306                          Bus 306            1.1027          -0.10806
307                          Bus 307            1.1161           -0.4768
308                          Bus 308            1.0866         -0.018087
309                          Bus 309            1.0867         -0.018483
310                          Bus 310                 1          0.046394
311                          Bus 311            1.0961          -0.60936
312                          Bus 312             1.096          -0.60971
313                          Bus 313            1.0975          -0.60903
314                          Bus 314             1.108          -0.58964
315                          Bus 315            1.0866          -0.59592
316                          Bus 316            1.0611          -0.45667
317                          Bus 317             1.104           -0.4567
318                          Bus 318            1.0605          -0.67679
319                          Bus 319            1.1152          -0.40545
320                          Bus 320             1.074          -0.30815
321                          Bus 321            1.0995          -0.43645
322                          Bus 322            1.0729          -0.66441
323                          Bus 323            1.0928          -0.58332
324                          Bus 324             1.096          -0.58493
325                          Bus 325            1.0742          -0.04868
326                          Bus 326            1.0741         -0.048975
327                          Bus 327            1.1027          -0.18476
328                          Bus 328            1.0618          -0.68052
329                          Bus 329            1.1151          -0.39587
330                          Bus 330            1.1095          -0.38447
331                          Bus 331            1.0765          -0.54532
332                          Bus 332            1.0851          -0.02484
333                          Bus 333            1.0795         -0.055518
334                          Bus 334            1.0861         -0.019782
335                          Bus 335            1.0996          -0.42128
336                          Bus 336            1.1066          -0.44502
337                          Bus 337            1.1151          -0.39437
338                          Bus 338            1.1152          -0.39455
339                          Bus 339             1.085           -0.4804
340                          Bus 340            1.0599          -0.67198
341                          Bus 341            1.0599          -0.67187
342                          Bus 342            1.1083          -0.39876
343                          Bus 343            1.1082          -0.39865
344                          Bus 344            1.0965          -0.43603
345                          Bus 345            1.1164          -0.38977
346                          Bus 346            1.1086          -0.40757
347                          Bus 347             1.109          -0.15921
348                          Bus 348            1.1113          -0.16979
349                          Bus 349            1.0795          -0.19185
350                          Bus 350            1.0796          -0.19197
351                          Bus 351            1.1013          -0.47876
352                          Bus 352            1.0975          -0.51643
353                          Bus 353            1.1083          -0.40395
354                          Bus 354            1.0881           -0.4082
355                          Bus 355            1.0745         -0.055655
356                          Bus 356            1.0745         -0.055501
357                          Bus 357            1.0885         -0.021458
358                          Bus 358            1.0871         -0.025074
359                          Bus 359            1.1091          -0.15968
360                          Bus 360             1.099          -0.42386
361                          Bus 361            1.0909           -0.1945
362                          Bus 362            1.0926          -0.57063
363                          Bus 363            1.0926          -0.57103
364                          Bus 364            1.0986          -0.50265
365                          Bus 365            1.0927           -0.4491
366                          Bus 366            1.0949           -0.2712
367                          Bus 367            1.0897          -0.40509
368                          Bus 368            1.1179          -0.39082
369                          Bus 369            1.1111          -0.15837
370                          Bus 370            1.0623          -0.46838
371                          Bus 371            1.1004          -0.45714
372                          Bus 372            1.0952          -0.26922
373                          Bus 373            1.0948          -0.17399
374                          Bus 374            1.1135          -0.16596
375                          Bus 375            1.1182          -0.19372
376                          Bus 376            1.1019           -0.4803
377                          Bus 377            1.1087          -0.17437
378                          Bus 378            1.0857          -0.10227
379                          Bus 379            1.1113          -0.15814
380                          Bus 380            1.1111          -0.18009
381                          Bus 381            1.1093           -0.1582
382                          Bus 382            1.1148          -0.16504
383                          Bus 383            1.1105          -0.16156
384                          Bus 384            1.1174           -0.1621
385                          Bus 385            1.1175          -0.18017
386                          Bus 386             1.114          -0.16563
387                          Bus 387            1.1113          -0.15551
388                          Bus 388            1.1139          -0.16552
389                          Bus 389            1.1028          -0.24441
390                          Bus 390            1.1027           -0.2447
391                          Bus 391            1.0925          -0.47262
392                          Bus 392            1.0936          -0.46475
393                          Bus 393            1.0964          -0.45679
394                          Bus 394            1.0938          -0.46464
395                          Bus 395            1.0938           -0.4644
396                          Bus 396             1.108          -0.39209
397                          Bus 397             1.108          -0.39186
398                          Bus 398            1.1094          -0.15866
399                          Bus 399             1.108          -0.16035
400                          Bus 400            1.0962          -0.52306
401                          Bus 401            1.1124          -0.16611
402                          Bus 402            1.1089          -0.16359
403                          Bus 403            1.1102           -0.1643
404                          Bus 404            1.0977          -0.51803
405                          Bus 405            1.0976          -0.51845
406                          Bus 406             1.099          -0.45414
407                          Bus 407            1.0989          -0.45432
408                          Bus 408            1.1104          -0.16391
409                          Bus 409            1.1004           -0.1791
410                          Bus 410            1.0995          -0.18076
411                          Bus 411             1.105          -0.16428
412                          Bus 412            1.0735          -0.37103
413                          Bus 413            1.0735          -0.37126
414                          Bus 414             1.097          -0.45659
415                          Bus 415             1.097          -0.45657
416                          Bus 416             1.103          -0.18492
417                          Bus 417            1.0778           -0.5792
418                          Bus 418            1.1101          -0.17822
419                          Bus 419            1.0734          -0.53405
420                          Bus 420            1.0733          -0.53408
421                          Bus 421            1.1164          -0.38941
422                          Bus 422            1.1016          -0.40799
423                          Bus 423            1.0963          -0.46521
424                          Bus 424             1.075           -0.4407
425                          Bus 425            1.1163          -0.39242
426                          Bus 426            1.1071          -0.37866
427                          Bus 427            1.1149          -0.39801
428                          Bus 428           0.99573          -0.32472
429                          Bus 429            1.0494          -0.33868
430                          Bus 430            1.0863          -0.41063
431                          Bus 431            1.1165           -0.3925
432                          Bus 432            1.0673          -0.67517
433                          Bus 433            1.0995           -0.4832
434                          Bus 434             1.072          -0.56969
435                          Bus 435            1.1114          -0.15788
436                          Bus 436             1.108          -0.40187
437                          Bus 437            1.1096          -0.38481
438                          Bus 438            1.0924           -0.5251
439                          Bus 439            1.1116          -0.39911
440                          Bus 440             1.112          -0.39255
441                          Bus 441            1.1119          -0.39245
442                          Bus 442           0.99218          -0.41205
443                          Bus 443           0.99426          -0.40603
444                          Bus 444            1.0705          -0.44967
445                          Bus 445            1.0962          -0.44059
446                          Bus 446            1.0962          -0.44049
447                          Bus 447            1.1183          -0.41535
448                          Bus 448            1.1183          -0.41542
449                          Bus 449            1.1133          -0.37683
450                          Bus 450            1.1134          -0.37555
451                          Bus 451            1.1133          -0.37639
452                          Bus 452           0.98142          -0.38943
453                          Bus 453            1.0746          -0.25156
454                          Bus 454            1.1132          -0.48292
455                          Bus 455            1.1124          -0.38904
456                          Bus 456            1.1189           -0.3996
457                          Bus 457            1.1171          -0.36487
458                          Bus 458            1.1149          -0.37535
459                          Bus 459            1.1131           -0.4373
460                          Bus 460             1.113           -0.4379
461                          Bus 461            1.0894          -0.48666
462                          Bus 462            1.0829          -0.51209
463                          Bus 463            1.0829          -0.51238
464                          Bus 464            1.0776          -0.60655
465                          Bus 465            1.0946            -0.531
466                          Bus 466            1.0906          -0.46926
467                          Bus 467            1.0906          -0.46927
468                          Bus 468             1.088          -0.20045
469                          Bus 469            1.1033          -0.19952
470                          Bus 470             1.076          -0.64285
471                          Bus 471            1.0739          -0.56326
472                          Bus 472            1.0745          -0.24155
473                          Bus 473            1.0746           -0.2419
474                          Bus 474            1.0915           -0.4698
475                          Bus 475            1.1145          -0.47461
476                          Bus 476            1.1156          -0.47614
477                          Bus 477            1.0778          -0.53352
478                          Bus 478            1.1187            -0.471
479                          Bus 479            1.1049          -0.50656
480                          Bus 480            1.0921          -0.54737
481                          Bus 481            1.1092          -0.40235
482                          Bus 482            1.1062          -0.22792
483                          Bus 483            1.1098          -0.40544
484                          Bus 484            1.1131          -0.15546
485                          Bus 485            1.1117          -0.15761
486                          Bus 486             1.084         -0.053367
487                          Bus 487            1.0871         -0.025054
488                          Bus 488            1.1161          -0.39564
489                          Bus 489            1.0956          -0.50984
490                          Bus 490            1.1022          -0.21917
491                          Bus 491            1.1199          -0.41447
492                          Bus 492              1.12          -0.38546
493                          Bus 493            1.1153          -0.39181
494                          Bus 494             1.115          -0.42597
495                          Bus 495            1.0926          -0.44019
496                          Bus 496            1.0927          -0.44052
497                          Bus 497            1.0768          -0.25439
498                          Bus 498            1.1184          -0.39128
499                          Bus 499            1.1141          -0.37888
500                          Bus 500            1.0931          -0.10478
501                          Bus 501            1.0973         -0.075873
502                          Bus 502            1.0841          -0.59628
503                          Bus 503            1.0917          -0.10084
504                          Bus 504            1.1186          -0.41599
505                          Bus 505            1.0668          -0.31697
506                          Bus 506            1.1149          -0.42596
507                          Bus 507            1.1149           -0.4262
508                          Bus 508            1.0855           -0.5127
509                          Bus 509            1.1198          -0.37706
510                          Bus 510             1.119          -0.41019
511                          Bus 511           0.99098          -0.34109
512                          Bus 512            1.0939         -0.072908
513                          Bus 513            1.0907          -0.46998
514                          Bus 514            1.1193          -0.41538
515                          Bus 515             1.096          -0.45095
516                          Bus 516             1.096          -0.45074
517                          Bus 517            1.1028          -0.21848
518                          Bus 518            1.1121          -0.47614
519                          Bus 519            1.1043          -0.40908
520                          Bus 520            1.1042          -0.40929
521                          Bus 521            1.0983          -0.42601
522                          Bus 522            1.1012          -0.41633
523                          Bus 523            1.0833          -0.52884
524                          Bus 524            1.0956           -0.4826
525                          Bus 525            1.0765          -0.43823
526                          Bus 526            1.1034           -0.4095
527                          Bus 527            1.1108          -0.15928
528                          Bus 528            1.1108          -0.15929
529                          Bus 529            1.0589         -0.077465
530                          Bus 530            1.1171           -0.4209
531                          Bus 531            1.0841          -0.23957
532                          Bus 532            1.1016           -0.4529
533                          Bus 533            1.1015          -0.45255
534                          Bus 534            1.1132          -0.16588
535                          Bus 535            1.0594          -0.45883
536                          Bus 536            1.0724          -0.53955
537                          Bus 537            1.0598         -0.076661
538                          Bus 538            1.0598         -0.076743
539                          Bus 539            1.0963          -0.14822
540                          Bus 540            1.0593          -0.67219
541                          Bus 541            1.0861         -0.021759
542                          Bus 542            1.0861         -0.021998
543                          Bus 543            1.0608         -0.075239
544                          Bus 544             1.086          -0.10119
545                          Bus 545            1.1106          -0.16048
546                          Bus 546            1.1103          -0.17375
547                          Bus 547            1.0963          -0.14413
548                          Bus 548             1.085          -0.26139
549                          Bus 549            1.0607          -0.47218
550                          Bus 550             1.096          -0.19956
551                          Bus 551             1.059          -0.47685
552                          Bus 552            1.0589           -0.4764
553                          Bus 553            1.0595          -0.46757
554                          Bus 554            1.0611          -0.45667
555                          Bus 555            1.0611          -0.45616
556                          Bus 556            1.0571          -0.67754
557                          Bus 557            1.0942          -0.47496
558                          Bus 558            1.1122          -0.40006
559                          Bus 559            1.1019          -0.11607
560                          Bus 560            1.0638          -0.25317
561                          Bus 561            1.0638          -0.25339
562                          Bus 562            1.0744          -0.54764
563                          Bus 563            1.0745          -0.54798
564                          Bus 564            1.1048          -0.38427
565                          Bus 565            1.1006          -0.45801
566                          Bus 566             1.094          -0.27218
567                          Bus 567            1.0532          -0.50194
568                          Bus 568             1.066          -0.45996
569                          Bus 569            1.1103          -0.26784
570                          Bus 570            1.1197          -0.42677
571                          Bus 571            1.1198          -0.42644
572                          Bus 572            1.0532          -0.51195
573                          Bus 573            1.0532          -0.51217
574                          Bus 574             1.081          -0.19695
575                          Bus 575            1.1022          -0.43589
576                          Bus 576             1.111          -0.16286
577                          Bus 577            1.0874          -0.32978
578                          Bus 578            1.0873          -0.33016
579                          Bus 579            1.1048          -0.18155
580                          Bus 580            1.1077          -0.41804
581                          Bus 581            1.0934         -0.085155
582                          Bus 582             1.066          -0.64344
583                          Bus 583             1.066           -0.6432
584                          Bus 584            1.0597          -0.66808
585                          Bus 585            1.0493           -0.3397
586                          Bus 586            1.0954          -0.39619
587                          Bus 587            1.0918          -0.61557
588                          Bus 588            1.1162          -0.41424
589                          Bus 589            1.0791          -0.25353
590                          Bus 590            1.1018           -0.4163
591                          Bus 591            1.1179           -0.1872
592                          Bus 592            1.1101          -0.43493
593                          Bus 593            1.1102          -0.43474
594                          Bus 594            1.0777          -0.57207
595                          Bus 595            1.0464          -0.47007
596                          Bus 596            1.0463          -0.47019
597                          Bus 597            1.0872         -0.099656
598                          Bus 598            1.0779          -0.18398
599                          Bus 599            1.0853          -0.10217
600                          Bus 600            1.0768          -0.18593
601                          Bus 601            1.1039          -0.10392
602                          Bus 602            1.1002          -0.10257
603                          Bus 603            1.1119          -0.39917
604                          Bus 604            1.1119          -0.39918
605                          Bus 605            1.1105          -0.39363
606                          Bus 606            1.1106          -0.39348
607                          Bus 607            1.0992          -0.47446
608                          Bus 608            1.1047          -0.44545
609                          Bus 609            1.1057           -0.4042
610                          Bus 610            1.1057           -0.4039
611                          Bus 611            1.1076          -0.39613
612                          Bus 612            1.1075          -0.39659
613                          Bus 613            1.1092          -0.39126
614                          Bus 614            1.1092          -0.39126
615                          Bus 615             1.107          -0.42159
616                          Bus 616            1.1072          -0.42131
617                          Bus 617             1.094          -0.46411
618                          Bus 618             1.063          -0.25471
619                          Bus 619            1.0559          -0.53072
620                          Bus 620            1.1103           -0.4002
621                          Bus 621            1.1105          -0.40005
622                          Bus 622            1.1056          -0.40258
623                          Bus 623            1.1056          -0.40278
624                          Bus 624            1.1116           -0.4146
625                          Bus 625            1.1054          -0.40666
626                          Bus 626             1.107          -0.39875
627                          Bus 627             1.107          -0.39916
628                          Bus 628            1.0679          -0.67547
629                          Bus 629            1.1085          -0.40025
630                          Bus 630            1.1097          -0.38429
631                          Bus 631            1.0993          -0.11384
632                          Bus 632            1.0993          -0.11405
633                          Bus 633            1.1116          -0.16875
634                          Bus 634            1.0942          -0.46693
635                          Bus 635            1.1119          -0.39515
636                          Bus 636            1.1119          -0.39501
637                          Bus 637            1.0989          -0.50137
638                          Bus 638            1.1056          -0.40876
639                          Bus 639             1.111          -0.39392
640                          Bus 640            1.1005          -0.42565
641                          Bus 641            1.0965          -0.40911
642                          Bus 642            1.1093          -0.39091
643                          Bus 643            1.1093          -0.39151
644                          Bus 644             1.106          -0.40788
645                          Bus 645            1.1059          -0.40809
646                          Bus 646            1.0619          -0.45692
647                          Bus 647            1.0618           -0.4573
648                          Bus 648            1.0832          -0.14568
649                          Bus 649            1.0833            -0.146
650                          Bus 650            1.1117            -0.415
651                          Bus 651            1.1118          -0.41478
652                          Bus 652            1.1117           -0.4146
653                          Bus 653            1.1118          -0.41451
654                          Bus 654            1.1134          -0.38243
655                          Bus 655            1.1133          -0.38245
656                          Bus 656            1.1081          -0.40083
657                          Bus 657            1.1081          -0.40071
658                          Bus 658            1.1003          -0.42195
659                          Bus 659            1.1004          -0.42159
660                          Bus 660            1.0854          -0.13999
661                          Bus 661            1.0584          -0.46054
662                          Bus 662            1.0583          -0.46076
663                          Bus 663            1.1116          -0.41521
664                          Bus 664            1.1041          -0.40959
665                          Bus 665            1.1099          -0.39775
666                          Bus 666             1.107          -0.39675
667                          Bus 667            1.1072           -0.3961
668                          Bus 668            1.1073          -0.39584
669                          Bus 669            1.1175          -0.41757
670                          Bus 670            1.1196          -0.38418
671                          Bus 671              1.12          -0.37678
672                          Bus 672            1.1189          -0.37804
673                          Bus 673            1.1183          -0.38559
674                          Bus 674            1.1103            -0.414
675                          Bus 675            1.1102          -0.41387
676                          Bus 676            1.1072          -0.39761
677                          Bus 677            1.1072          -0.39744
678                          Bus 678            1.1137          -0.39222
679                          Bus 679            1.1139          -0.39169
680                          Bus 680            1.1018          -0.40793
681                          Bus 681            1.1016          -0.40817
682                          Bus 682            1.1122          -0.41391
683                          Bus 683            1.1075          -0.39762
684                          Bus 684            1.1094          -0.39973
685                          Bus 685            1.1095          -0.39973
686                          Bus 686            1.1091          -0.39451
687                          Bus 687             1.109          -0.39445
688                          Bus 688            1.1127          -0.39367
689                          Bus 689            1.1126          -0.39398
690                          Bus 690            1.1102          -0.40498
691                          Bus 691            1.1102          -0.40467
692                          Bus 692            1.0987           -0.4258
693                          Bus 693            1.1057          -0.40314
694                          Bus 694             1.082          -0.52976
695                          Bus 695            1.0813          -0.64417
696                          Bus 696            1.0873          -0.52134
697                          Bus 697            1.0797          -0.53198
698                          Bus 698            1.0797          -0.53205
699                          Bus 699            1.0365          -0.47426
700                          Bus 700            1.1146          -0.41404
701                          Bus 701            1.1114          -0.39935
702                          Bus 702            1.1147          -0.41339
703                          Bus 703            1.0809          -0.52137
704                          Bus 704            1.1116          -0.18023
705                          Bus 705            1.1145          -0.47458
706                          Bus 706            1.1156          -0.47613
707                          Bus 707             1.096          -0.58491
708                          Bus 708            1.1164          -0.38976
709                          Bus 709            1.1086          -0.40757
710                          Bus 710             1.102           -0.4552
711                          Bus 711            1.1104          -0.16384
712                          Bus 712            1.1165          -0.38931
713                          Bus 713            1.1017          -0.40789
714                          Bus 714            1.0751          -0.44064
715                          Bus 715            1.1086          -0.40089
716                          Bus 716            1.1096          -0.38481
717                          Bus 717            1.0613         -0.074284
718                          Bus 718            1.1107          -0.16042
719                          Bus 719            1.0863         -0.019557
720                          Bus 720            1.0607          -0.47215
721                          Bus 721             1.066          -0.45996
722                          Bus 722            1.1078          -0.41779
723                          Bus 723            1.0937         -0.084437
724                          Bus 724            1.0992          -0.47446
725                          Bus 725            1.0849          -0.42589
726                          Bus 726            1.1134          -0.16582
727                          Bus 727            1.1169           -0.1627
728                          Bus 728            1.1122          -0.40033
729                          Bus 729            1.0999          -0.42681
730                          Bus 730            1.0845          -0.42673
731                          Bus 731            1.1058          -0.49318
732                          Bus 732             1.089          -0.52668
733                          Bus 733            1.0891          -0.52666
734                          Bus 734            1.0804          -0.17171
735                          Bus 735            1.0952           -0.1883
736                          Bus 736            1.0953          -0.18844
737                          Bus 737            1.1154          -0.16688
738                          Bus 738            1.1199          -0.19178
739                          Bus 739            1.0888         -0.021601
740                          Bus 740            1.0887          -0.19352
741                          Bus 741            1.0764         -0.068102
742                          Bus 742            1.0764          -0.06808
743                          Bus 743            1.1113          -0.15943
744                          Bus 744            1.1075          -0.40539
745                          Bus 745            1.1074           -0.4057
746                          Bus 746            1.1086          -0.39864
747                          Bus 747            1.1086          -0.39913
748                          Bus 748            1.0833          -0.25075
749                          Bus 749            1.0843          -0.51101
750                          Bus 750            1.1168          -0.16281
751                          Bus 751            1.0543          -0.52846
752                          Bus 752            1.0973          -0.45935
753                          Bus 753            1.0964          -0.44407
754                          Bus 754            1.0963          -0.44406
755                          Bus 755            1.1123          -0.26641
756                          Bus 756            1.1123          -0.26632
757                          Bus 757            1.0911          -0.26816
758                          Bus 758            1.1011          -0.29277
759                          Bus 759            1.0891          -0.27776
760                          Bus 760            1.0989          -0.28833
761                          Bus 761            1.0961          -0.25661
762                          Bus 762            1.0961          -0.25671
763                          Bus 763            1.0987          -0.29806
764                          Bus 764             1.096          -0.27088
765                          Bus 765            1.0679          -0.26655
766                          Bus 766            1.0975          -0.27014
767                          Bus 767            1.0965          -0.27239
768                          Bus 768            1.0834          -0.26647
769                          Bus 769            1.0833          -0.26653
770                          Bus 770            1.0508          -0.43656
771                          Bus 771            1.0509          -0.43666
772                          Bus 772              1.05          -0.43474
773                          Bus 773            1.0855          -0.29605
774                          Bus 774            1.0842          -0.30202
775                          Bus 775            1.0943          -0.29448
776                          Bus 776            1.0944          -0.29437
777                          Bus 777            1.0972          -0.21443
778                          Bus 778            1.0982          -0.21422
779                          Bus 779            1.1022          -0.28283
780                          Bus 780            1.0882          -0.27888
781                          Bus 781            1.0936          -0.30694
782                          Bus 782            1.0936          -0.30692
783                          Bus 783            1.0933          -0.30719
784                          Bus 784            1.0951          -0.30662
785                          Bus 785            1.1051          -0.22691
786                          Bus 786            1.1051          -0.22692
787                          Bus 787            1.0952          -0.30671
788                          Bus 788            1.0914          -0.25926
789                          Bus 789            1.0963          -0.30381
790                          Bus 790            1.0963          -0.30416
791                          Bus 791            1.0946          -0.22446
792                          Bus 792            1.0947          -0.30757
793                          Bus 793            1.0868          -0.30188
794                          Bus 794            1.1023           -0.2668
795                          Bus 795             1.077          -0.24927
796                          Bus 796            1.0926          -0.26913
797                          Bus 797            1.0987          -0.19502
798                          Bus 798            1.1155          -0.22761
799                          Bus 799            1.0914          -0.26551
800                          Bus 800            1.0983          -0.35366
801                          Bus 801            1.0683          -0.28164
802                          Bus 802            1.0667          -0.27591
803                          Bus 803            1.1069          -0.20508
804                          Bus 804            1.1069          -0.27817
805                          Bus 805            1.0924          -0.26399
806                          Bus 806            1.1099           -0.2017
807                          Bus 807            1.0707          -0.28483
808                          Bus 808            1.0983          -0.28824
809                          Bus 809            1.0986          -0.28791
810                          Bus 810            1.1141          -0.22993
811                          Bus 811            1.1002          -0.26583
812                          Bus 812             1.099          -0.26712
813                          Bus 813            1.1138          -0.23029
814                          Bus 814            1.0927          -0.25957
815                          Bus 815            1.0881          -0.27295
816                          Bus 816            1.0518          -0.44093
817                          Bus 817            1.0876           -0.2766
818                          Bus 818            1.0924          -0.26472
819                          Bus 819            1.1019          -0.27484
820                          Bus 820            1.0805          -0.31332
821                          Bus 821            1.0875          -0.20928
822                          Bus 822            1.0882          -0.21354
823                          Bus 823            1.0777          -0.28586
824                          Bus 824            1.0942           -0.2764
825                          Bus 825            1.0525          -0.43521
826                          Bus 826            1.0853          -0.30062
827                          Bus 827            1.1013          -0.27901
828                          Bus 828            1.1064          -0.22859
829                          Bus 829            1.0827          -0.30741
830                          Bus 830            1.0922          -0.24081
831                          Bus 831            1.1015          -0.23439
832                          Bus 832              1.12          -0.24838
833                          Bus 833            1.0851          -0.34034
834                          Bus 834            1.0918          -0.24596
835                          Bus 835            1.0941          -0.29479
836                          Bus 836            1.0929           -0.2452
837                          Bus 837            1.0902          -0.24495
838                          Bus 838            1.0904          -0.24681
839                          Bus 839            1.0903           -0.2499
840                          Bus 840            1.0929           -0.2452
841                          Bus 841            1.0989          -0.20705
842                          Bus 842            1.1025           -0.2353
843                          Bus 843            1.0848          -0.30514
844                          Bus 844            1.1025          -0.27676
845                          Bus 845            1.0912          -0.26265
846                          Bus 846              1.12          -0.24838
847                          Bus 847              1.12          -0.24851
848                          Bus 848            1.0903          -0.24792
849                          Bus 849            1.0929          -0.24514
850                          Bus 850            1.0783          -0.28534
851                          Bus 851            1.0888          -0.27452
852                          Bus 852            1.0888          -0.27463
853                          Bus 853            1.0785          -0.28522
854                          Bus 854             1.078          -0.28533
855                          Bus 855            1.0781          -0.28521
856                          Bus 856            1.0785          -0.28528
857                          Bus 857             1.085          -0.27893
858                          Bus 858            1.0703           -0.2641
859                          Bus 859            1.0701          -0.26306
860                          Bus 860            1.0967          -0.29495
861                          Bus 861              1.07          -0.26259
862                          Bus 862            1.1006          -0.17718
863                          Bus 863            1.0897          -0.25076
864                          Bus 864             1.112          -0.25873
865                          Bus 865            1.0854          -0.27802
866                          Bus 866            1.0781          -0.31804
867                          Bus 867             1.095          -0.30974
868                          Bus 868            1.1007          -0.29355
869                          Bus 869            1.1096          -0.27387
870                          Bus 870            1.1164          -0.25876
871                          Bus 871            1.1163          -0.25918
872                          Bus 872            1.1091          -0.23389
873                          Bus 873            1.0959             -0.27
874                          Bus 874            1.1086          -0.23432
875                          Bus 875            1.1089           -0.2728
876                          Bus 876            1.1087          -0.27272
877                          Bus 877            1.1089          -0.27365
878                          Bus 878             1.107          -0.27873
879                          Bus 879            1.0912          -0.27273
880                          Bus 880            1.0532          -0.44639
881                          Bus 881            1.0853          -0.27806
882                          Bus 882            1.1091          -0.27464
883                          Bus 883             1.109          -0.27521
884                          Bus 884             1.073          -0.35908
885                          Bus 885             1.106          -0.28112
886                          Bus 886            1.1088          -0.27069
887                          Bus 887            1.1058          -0.28163
888                          Bus 888            1.1095          -0.27285
889                          Bus 889            1.1095          -0.27274
890                          Bus 890            1.1085          -0.27118
891                          Bus 891            1.1101          -0.26906
892                          Bus 892             1.109          -0.27293
893                          Bus 893             1.105          -0.22682
894                          Bus 894            1.1052          -0.22632
895                          Bus 895            1.0837          -0.33013
896                          Bus 896            1.0851          -0.24537
897                          Bus 897            1.1016          -0.13323
898                          Bus 898            1.0572          -0.40932
899                          Bus 899            1.0736          -0.31997
900                          Bus 900            1.0902          -0.27014
901                          Bus 901            1.1053          -0.33012
902                          Bus 902            1.1105          -0.26874
903                          Bus 903            1.1106           -0.2686
904                          Bus 904             1.102          -0.21448
905                          Bus 905            1.0851          -0.24537
906                          Bus 906            1.0851           -0.2454
907                          Bus 907            1.1056          -0.20923
908                          Bus 908            1.1049          -0.21001
909                          Bus 909             1.095          -0.22688
910                          Bus 910             1.079          -0.31609
911                          Bus 911             1.087          -0.30359
912                          Bus 912            1.1019           -0.2321
913                          Bus 913            1.0665           -0.2788
914                          Bus 914            1.1113          -0.23521
915                          Bus 915            1.0962          -0.22535
916                          Bus 916            1.0985          -0.29883
917                          Bus 917            1.0883          -0.27016
918                          Bus 918            1.0925          -0.30024
919                          Bus 919            1.1086          -0.23042
920                          Bus 920            1.0819          -0.25089
921                          Bus 921            1.0979          -0.24687
922                          Bus 922            1.0951          -0.25442
923                          Bus 923            1.0952          -0.25381
924                          Bus 924            1.0949          -0.25528
925                          Bus 925            1.1073          -0.21803
926                          Bus 926            1.0987          -0.20834
927                          Bus 927            1.0987          -0.20833
928                          Bus 928            1.0949          -0.25513
929                          Bus 929            1.0919          -0.26088
930                          Bus 930            1.0928          -0.26025
931                          Bus 931            1.0911          -0.26641
932                          Bus 932             1.081          -0.34576
933                          Bus 933            1.0841          -0.26795
934                          Bus 934             1.117          -0.19195
935                          Bus 935             1.117          -0.19219
936                          Bus 936            1.0944          -0.26255
937                          Bus 937            1.0989          -0.20657
938                          Bus 938            1.1052          -0.26457
939                          Bus 939            1.0994          -0.26746
940                          Bus 940            1.0838           -0.3045
941                          Bus 941            1.0838          -0.30539
942                          Bus 942             1.093          -0.29902
943                          Bus 943            1.0934          -0.29792
944                          Bus 944            1.1006          -0.28573
945                          Bus 945            1.0711          -0.32307
946                          Bus 946            1.0781          -0.29943
947                          Bus 947            1.0829          -0.25685
948                          Bus 948            1.1058          -0.22419
949                          Bus 949             1.071          -0.32333
950                          Bus 950            1.0737          -0.31966
951                          Bus 951            1.0737           -0.3196
952                          Bus 952            1.0713          -0.32274
953                          Bus 953            1.0893          -0.26897
954                          Bus 954            1.0962          -0.22535
955                          Bus 955            1.0962           -0.2251
956                          Bus 956            1.0788          -0.36013
957                          Bus 957            1.0892           -0.2706
958                          Bus 958            1.0772          -0.24896
959                          Bus 959            1.1074          -0.22528
960                          Bus 960            1.0968          -0.30093
961                          Bus 961            1.0968          -0.30088
962                          Bus 962            1.0865          -0.28305
963                          Bus 963            1.0665          -0.27882
964                          Bus 964            1.0997          -0.24848
965                          Bus 965            1.0753          -0.26351
966                          Bus 966            1.0955          -0.25798
967                          Bus 967            1.0956          -0.25806
968                          Bus 968            1.0922          -0.26752
969                          Bus 969            1.0925          -0.26527
970                          Bus 970            1.0862          -0.28243
971                          Bus 971            1.1066          -0.25001
972                          Bus 972            1.0935          -0.29194
973                          Bus 973            1.0951          -0.25287
974                          Bus 974            1.0991          -0.25107
975                          Bus 975            1.0952          -0.25687
976                          Bus 976            1.1032          -0.23165
977                          Bus 977            1.1032          -0.23177
978                          Bus 978            1.0903          -0.26717
979                          Bus 979            1.1064          -0.22675
980                          Bus 980            1.0991          -0.25459
981                          Bus 981            1.1028          -0.24684
982                          Bus 982            1.1154          -0.22771
983                          Bus 983            1.0958          -0.22026
984                          Bus 984            1.1072           -0.2788
985                          Bus 985            1.0864           -0.2662
986                          Bus 986             1.107          -0.27932
987                          Bus 987            1.0872          -0.19234
988                          Bus 988            1.0791          -0.26368
989                          Bus 989            1.0931          -0.27323
990                          Bus 990            1.0919          -0.27516
991                          Bus 991            1.0971          -0.27171
992                          Bus 992            1.1032          -0.23598
993                          Bus 993            1.1018          -0.26248
994                          Bus 994            1.1018          -0.26259
995                          Bus 995            1.0837          -0.26769
996                          Bus 996             1.075          -0.26677
997                          Bus 997            1.0845           -0.2678
998                          Bus 998            1.0944          -0.25532
999                          Bus 999            1.1116          -0.20039
1000                        Bus 1000            1.0901          -0.26634
1001                        Bus 1001            1.0902          -0.26617
1002                        Bus 1002            1.0901          -0.26634
1003                        Bus 1003            1.0991          -0.29734
1004                        Bus 1004            1.0901          -0.26634
1005                        Bus 1005            1.0926          -0.27415
1006                        Bus 1006            1.1023          -0.21041
1007                        Bus 1007            1.0917          -0.26516
1008                        Bus 1008             1.115          -0.22867
1009                        Bus 1009            1.1019          -0.26412
1010                        Bus 1010            1.0848          -0.27527
1011                        Bus 1011            1.0844          -0.26395
1012                        Bus 1012             1.111          -0.23257
1013                        Bus 1013            1.1075          -0.23972
1014                        Bus 1014            1.1047          -0.27159
1015                        Bus 1015             1.096          -0.27408
1016                        Bus 1016            1.0977          -0.24709
1017                        Bus 1017             1.086          -0.30545
1018                        Bus 1018            1.0892          -0.29977
1019                        Bus 1019            1.0923          -0.26188
1020                        Bus 1020            1.0962          -0.22535
1021                        Bus 1021            1.1022          -0.28249
1022                        Bus 1022            1.0855          -0.30692
1023                        Bus 1023            1.0981           -0.2668
1024                        Bus 1024            1.1065          -0.30807
1025                        Bus 1025            1.0955          -0.25798
1026                        Bus 1026            1.0691           -0.3773
1027                        Bus 1027            1.0549          -0.42311
1028                        Bus 1028             1.093          -0.22293
1029                        Bus 1029            1.0757          -0.34713
1030                        Bus 1030            1.0883          -0.25442
1031                        Bus 1031            1.0892          -0.17277
1032                        Bus 1032            1.1095          -0.26996
1033                        Bus 1033            1.0851          -0.26695
1034                        Bus 1034            1.0936          -0.30688
1035                        Bus 1035            1.0936          -0.30694
1036                        Bus 1036            1.0996          -0.26644
1037                        Bus 1037            1.1025          -0.27676
1038                        Bus 1038            1.0996          -0.19292
1039                        Bus 1039            1.1077          -0.23947
1040                        Bus 1040            1.1051          -0.22868
1041                        Bus 1041             1.108          -0.27008
1042                        Bus 1042             1.108          -0.26985
1043                        Bus 1043             1.094          -0.27256
1044                        Bus 1044            1.0901          -0.26634
1045                        Bus 1045            1.1053          -0.27469
1046                        Bus 1046            1.0972          -0.28261
1047                        Bus 1047            1.1086          -0.27123
1048                        Bus 1048            1.1079          -0.27097
1049                        Bus 1049            1.0835          -0.26701
1050                        Bus 1050            1.0882          -0.28164
1051                        Bus 1051              1.12         -0.013145
1052                        Bus 1052            1.1189         -0.036331
1053                        Bus 1053            1.0888          -0.20577
1054                        Bus 1054            1.0937          -0.21853
1055                        Bus 1055            1.0888          -0.20577
1056                        Bus 1056            1.0885          -0.20517
1057                        Bus 1057            1.0993          -0.13342
1058                        Bus 1058            1.0992          -0.13341
1059                        Bus 1059            1.1128         -0.090548
1060                        Bus 1060            1.0994          -0.12155
1061                        Bus 1061            1.0995          -0.12125
1062                        Bus 1062            1.0994          -0.12631
1063                        Bus 1063            1.0994          -0.12628
1064                        Bus 1064            1.0994          -0.12618
1065                        Bus 1065            1.1005          -0.13849
1066                        Bus 1066            1.1004          -0.13871
1067                        Bus 1067             1.114         -0.043712
1068                        Bus 1068             1.114         -0.043578
1069                        Bus 1069            1.0978         -0.077484
1070                        Bus 1070            1.0977         -0.077134
1071                        Bus 1071            1.0999           -0.1337
1072                        Bus 1072               1.1          -0.13369
1073                        Bus 1073            1.1083          -0.14645
1074                        Bus 1074            1.1083          -0.14646
1075                        Bus 1075            1.0967          -0.07703
1076                        Bus 1076            1.1018         -0.051082
1077                        Bus 1077            1.0968         -0.076936
1078                        Bus 1078            1.0926          -0.13253
1079                        Bus 1079            1.0924          -0.13253
1080                        Bus 1080            1.1155          -0.13358
1081                        Bus 1081            1.1155          -0.13355
1082                        Bus 1082            1.0656          -0.22409
1083                        Bus 1083            1.0917          -0.22129
1084                        Bus 1084            1.0657          -0.22408
1085                        Bus 1085            1.1074         -0.075696
1086                        Bus 1086            1.1072         -0.075838
1087                        Bus 1087            1.1192         -0.032381
1088                        Bus 1088             1.119         -0.032665
1089                        Bus 1089            1.0655            -0.172
1090                        Bus 1090            1.0617          -0.15093
1091                        Bus 1091             1.063          -0.14988
1092                        Bus 1092            1.0783          -0.23816
1093                        Bus 1093            1.0782          -0.23834
1094                        Bus 1094            1.1088         -0.096054
1095                        Bus 1095            1.1048          -0.10944
1096                        Bus 1096            1.0963          -0.13191
1097                        Bus 1097            1.0967          -0.13078
1098                        Bus 1098            1.0964          -0.13185
1099                        Bus 1099            1.0967          -0.13077
1100                        Bus 1100            1.1178         -0.052799
1101                        Bus 1101            1.1178         -0.052465
1102                        Bus 1102            1.0886          -0.19716
1103                        Bus 1103            1.0886          -0.19719
1104                        Bus 1104            1.0899          -0.19517
1105                        Bus 1105            1.0973          -0.12632
1106                        Bus 1106            1.0973          -0.12645
1107                        Bus 1107            1.0812          -0.15133
1108                        Bus 1108            1.0812          -0.15128
1109                        Bus 1109            1.0987          -0.12577
1110                        Bus 1110            1.0959         -0.097606
1111                        Bus 1111            1.1114         -0.079162
1112                        Bus 1112            1.1127         -0.071518
1113                        Bus 1113            1.0992          -0.14282
1114                        Bus 1114            1.0992          -0.14289
1115                        Bus 1115            1.0765          -0.23995
1116                        Bus 1116            1.0765          -0.24001
1117                        Bus 1117            1.0525          -0.17314
1118                        Bus 1118            1.0525          -0.17308
1119                        Bus 1119             1.118          -0.02293
1120                        Bus 1120            1.1181         -0.034595
1121                        Bus 1121            1.1088          -0.09615
1122                        Bus 1122            1.1049          -0.10946
1123                        Bus 1123            1.1094         -0.087128
1124                        Bus 1124            1.1152         -0.062062
1125                        Bus 1125            1.1151         -0.062167
1126                        Bus 1126            1.1093         -0.087123
1127                        Bus 1127            1.1028          -0.15039
1128                        Bus 1128            1.1027          -0.15067
1129                        Bus 1129            1.0996           -0.1334
1130                        Bus 1130            1.0996           -0.1334
1131                        Bus 1131            1.0928         -0.068643
1132                        Bus 1132            1.0975         -0.055664
1133                        Bus 1133            1.1046         -0.086672
1134                        Bus 1134            1.1051         -0.085413
1135                        Bus 1135            1.1047         -0.086593
1136                        Bus 1136            1.1051         -0.085412
1137                        Bus 1137            1.0898          -0.10834
1138                        Bus 1138            1.0897           -0.1086
1139                        Bus 1139            1.0868          -0.14384
1140                        Bus 1140            1.0868          -0.14384
1141                        Bus 1141             1.087           -0.1437
1142                        Bus 1142            1.0977          -0.06377
1143                        Bus 1143            1.1148          -0.03326
1144                        Bus 1144            1.0599          -0.22109
1145                        Bus 1145              1.06          -0.22116
1146                        Bus 1146            1.0957          -0.11924
1147                        Bus 1147            1.0957          -0.11937
1148                        Bus 1148            1.0984          -0.12764
1149                        Bus 1149            1.0987          -0.12759
1150                        Bus 1150            1.1035         -0.087206
1151                        Bus 1151            1.1038         -0.086785
1152                        Bus 1152            1.1118            -0.136
1153                        Bus 1153            1.1117          -0.13596
1154                        Bus 1154            1.1105         -0.037581
1155                        Bus 1155            1.1106         -0.037321
1156                        Bus 1156            1.1111         -0.052786
1157                        Bus 1157            1.1111         -0.052695
1158                        Bus 1158            1.1107          -0.05268
1159                        Bus 1159            1.1095         -0.087016
1160                        Bus 1160            1.1152         -0.062062
1161                        Bus 1161             1.092          -0.11666
1162                        Bus 1162            1.0921          -0.11658
1163                        Bus 1163            1.0959          -0.14541
1164                        Bus 1164            1.0972          -0.14354
1165                        Bus 1165            1.1053         -0.069629
1166                        Bus 1166            1.1037         -0.077208
1167                        Bus 1167            1.1038         -0.077211
1168                        Bus 1168            1.0998          -0.15674
1169                        Bus 1169               1.1          -0.15611
1170                        Bus 1170            1.1005          -0.13849
1171                        Bus 1171            1.1004          -0.13871
1172                        Bus 1172            1.0767          -0.24713
1173                        Bus 1173            1.0767          -0.24729
1174                        Bus 1174            1.0913          -0.09034
1175                        Bus 1175            1.0912         -0.090408
1176                        Bus 1176            1.0995         -0.090457
1177                        Bus 1177            1.0996         -0.090356
1178                        Bus 1178             1.098         -0.098348
1179                        Bus 1179             1.098         -0.098264
1180                        Bus 1180            1.1107         -0.052687
1181                        Bus 1181            1.1162         -0.044959
1182                        Bus 1182            1.1045           -0.1038
1183                        Bus 1183            1.1045          -0.10368
1184                        Bus 1184            1.1086         -0.077757
1185                        Bus 1185            1.1085         -0.077962
1186                        Bus 1186            1.1154         -0.041933
1187                        Bus 1187            1.1154         -0.041833
1188                        Bus 1188             1.119         -0.023806
1189                        Bus 1189            1.1185         -0.026974
1190                        Bus 1190            1.1108         -0.095705
1191                        Bus 1191            1.1108         -0.095999
1192                        Bus 1192            1.1129         -0.044021
1193                        Bus 1193             1.113         -0.043813
1194                        Bus 1194            1.1141         -0.049834
1195                        Bus 1195            1.1142         -0.050086
1196                        Bus 1196            1.0549          -0.16435
1197                        Bus 1197            1.0549          -0.16435
1198                        Bus 1198            1.0993          -0.13157
1199                        Bus 1199            1.0993          -0.13141
1200                        Bus 1200            1.0957          -0.12572
1201                        Bus 1201            1.0957           -0.1258
1202                        Bus 1202            1.1079          -0.10377
1203                        Bus 1203            1.1078          -0.10343
1204                        Bus 1204            1.1193          -0.01518
1205                        Bus 1205            1.1195         -0.014972
1206                        Bus 1206            1.1172          -0.13138
1207                        Bus 1207            1.1171          -0.13158
1208                        Bus 1208            1.1005         -0.057091
1209                        Bus 1209            1.1163         -0.026901
1210                        Bus 1210            1.1191          -0.12938
1211                        Bus 1211             1.115          -0.14069
1212                        Bus 1212            1.1194          -0.02926
1213                        Bus 1213            1.1194         -0.029152
1214                        Bus 1214              1.12         -0.046514
1215                        Bus 1215              1.12         -0.036355
1216                        Bus 1216            1.0908          -0.10896
1217                        Bus 1217            1.0908          -0.10876
1218                        Bus 1218            1.1113         -0.050467
1219                        Bus 1219            1.1113         -0.050515
1220                        Bus 1220              1.12         -0.015537
1221                        Bus 1221            1.1199         -0.015915
1222                        Bus 1222            1.0797          -0.17672
1223                        Bus 1223            1.0796          -0.17706
1224                        Bus 1224            1.0789          -0.22362
1225                        Bus 1225            1.0791          -0.22352
1226                        Bus 1226            1.1088          -0.10731
1227                        Bus 1227             1.109          -0.10986
1228                        Bus 1228             1.103          -0.10624
1229                        Bus 1229            1.0989          -0.12112
1230                        Bus 1230            1.0989          -0.12111
1231                        Bus 1231            1.0967          -0.12924
1232                        Bus 1232            1.0967          -0.12935
1233                        Bus 1233            1.0672           -0.2674
1234                        Bus 1234            1.0673          -0.26734
1235                        Bus 1235            1.1185         -0.033244
1236                        Bus 1236            1.1185         -0.033246
1237                        Bus 1237             1.105          -0.13071
1238                        Bus 1238             1.105          -0.13058
1239                        Bus 1239            1.1049          -0.13064
1240                        Bus 1240            1.1018          -0.12536
1241                        Bus 1241            1.0971         -0.096605
1242                        Bus 1242            1.0971         -0.096569
1243                        Bus 1243            1.1199         -0.015915
1244                        Bus 1244              1.12         -0.015537
1245                        Bus 1245            1.0966          -0.13165
1246                        Bus 1246            1.0966          -0.13165
1247                        Bus 1247            1.1181          -0.02282
1248                        Bus 1248            1.1155         -0.087027
1249                        Bus 1249            1.1154         -0.087221
1250                        Bus 1250            1.1165         -0.042212
1251                        Bus 1251            1.1165         -0.042211
1252                        Bus 1252            1.1174         -0.035628
1253                        Bus 1253            1.1174         -0.035598
1254                        Bus 1254            1.1089         -0.042231
1255                        Bus 1255            1.1089         -0.042254
1256                        Bus 1256            1.1165         -0.042211
1257                        Bus 1257            1.1165         -0.042211
1258                        Bus 1258            1.0961         -0.065691
1259                        Bus 1259            1.1148         -0.033262
1260                        Bus 1260            1.1013          -0.12714
1261                        Bus 1261            1.1016          -0.12693
1262                        Bus 1262            1.1083         -0.095797
1263                        Bus 1263            1.1084           -0.0957
1264                        Bus 1264            1.0996          -0.12997
1265                        Bus 1265            1.0996           -0.1298
1266                        Bus 1266            1.1074         -0.085551
1267                        Bus 1267            1.1075         -0.087264
1268                        Bus 1268            1.1054          -0.10886
1269                        Bus 1269            1.1056           -0.1088
1270                        Bus 1270            1.0729          -0.13117
1271                        Bus 1271            1.0728          -0.13148
1272                        Bus 1272            1.1045         -0.085956
1273                        Bus 1273            1.1053         -0.085428
1274                        Bus 1274            1.1149         -0.038807
1275                        Bus 1275            1.1148         -0.038992
1276                        Bus 1276            1.0708          -0.25885
1277                        Bus 1277            1.0706          -0.26091
1278                        Bus 1278            1.0706           -0.2611
1279                        Bus 1279            1.0741          -0.11074
1280                        Bus 1280            1.0741          -0.11065
1281                        Bus 1281            1.1092         -0.091495
1282                        Bus 1282            1.1092         -0.091056
1283                        Bus 1283            1.1093         -0.091448
1284                        Bus 1284            1.0995         -0.096244
1285                        Bus 1285            1.0996         -0.096066
1286                        Bus 1286            1.1171         -0.039559
1287                        Bus 1287            1.1171         -0.039494
1288                        Bus 1288            1.1134          -0.13799
1289                        Bus 1289            1.1133          -0.13809
1290                        Bus 1290            1.1117         -0.065652
1291                        Bus 1291            1.1117         -0.065136
1292                        Bus 1292            1.0763          -0.23986
1293                        Bus 1293            1.0764          -0.23972
1294                        Bus 1294             1.082          -0.11338
1295                        Bus 1295             1.082          -0.11344
1296                        Bus 1296            1.0821          -0.11316
1297                        Bus 1297            1.0984          -0.13099
1298                        Bus 1298            1.0985          -0.13109
1299                        Bus 1299            1.0984          -0.13095
1300                        Bus 1300            1.0987          -0.13091
1301                        Bus 1301            1.1083         -0.077114
1302                        Bus 1302            1.1083         -0.077481
1303                        Bus 1303            1.0912          -0.21151
1304                        Bus 1304            1.0912          -0.21172
1305                        Bus 1305            1.1084         -0.069556
1306                        Bus 1306            1.1084         -0.069274
1307                        Bus 1307            1.1075         -0.087264
1308                        Bus 1308            1.1074         -0.085433
1309                        Bus 1309            1.0943          -0.20489
1310                        Bus 1310            1.0945          -0.20478
1311                        Bus 1311            1.0701           -0.2527
1312                        Bus 1312            1.0701          -0.25277
1313                        Bus 1313            1.1093         -0.048524
1314                        Bus 1314            1.1135         -0.043578
1315                        Bus 1315            1.1094         -0.048448
1316                        Bus 1316            1.1135         -0.043578
1317                        Bus 1317            1.1002          -0.14075
1318                        Bus 1318            1.1002          -0.14079
1319                        Bus 1319            1.1164         -0.045055
1320                        Bus 1320            1.1016         -0.089253
1321                        Bus 1321            1.1164         -0.045053
1322                        Bus 1322             1.102           -0.0888
1323                        Bus 1323            1.1018         -0.091888
1324                        Bus 1324            1.1018          -0.09183
1325                        Bus 1325            1.1168         -0.039125
1326                        Bus 1326            1.1168         -0.039114
1327                        Bus 1327            1.1168         -0.039113
1328                        Bus 1328            1.0573          -0.16115
1329                        Bus 1329            1.0842          -0.11129
1330                        Bus 1330            1.1151         -0.036535
1331                        Bus 1331            1.1054         -0.085178
1332                        Bus 1332            1.1166         -0.044683
1333                        Bus 1333            1.1134         -0.066206
1334                        Bus 1334            1.1134         -0.066576
1335                        Bus 1335            1.0684          -0.12563
1336                        Bus 1336            1.0685          -0.12533
1337                        Bus 1337            1.0604          -0.21318
1338                        Bus 1338            1.0607          -0.21256
1339                        Bus 1339            1.1001          -0.14073
1340                        Bus 1340            1.1003          -0.14083
1341                        Bus 1341            1.1002          -0.14069
1342                        Bus 1342            1.1003          -0.14083
1343                        Bus 1343            1.0991          -0.14275
1344                        Bus 1344            1.1006          -0.14111
1345                        Bus 1345            1.0994           -0.1425
1346                        Bus 1346            1.1006          -0.14111
1347                        Bus 1347            1.0995          -0.12772
1348                        Bus 1348             1.099          -0.14276
1349                        Bus 1349            1.0993          -0.14158
1350                        Bus 1350            1.0994          -0.14154
1351                        Bus 1351            1.0886          -0.13923
1352                        Bus 1352            1.0886          -0.13943
1353                        Bus 1353            1.1037         -0.080561
1354                        Bus 1354            1.0866            -0.144
1355                        Bus 1355            1.1188         -0.023942
1356                        Bus 1356             1.117         -0.030885
1357                        Bus 1357             1.118         -0.046514
1358                        Bus 1358            1.1197         -0.044183
1359                        Bus 1359            1.1172         -0.030645
1360                        Bus 1360            1.1191          -0.04513
1361                        Bus 1361            1.1174          -0.03037
1362                        Bus 1362            1.0916          -0.11783
1363                        Bus 1363            1.0916          -0.11784
1364                        Bus 1364            1.0916          -0.11816
1365                        Bus 1365            1.0958          -0.12602
1366                        Bus 1366             1.094          -0.13525
1367                        Bus 1367            1.1008         -0.091583
1368                        Bus 1368            1.1008          -0.09164
1369                        Bus 1369            1.1136         -0.035521
1370                        Bus 1370            1.1136         -0.035438
1371                        Bus 1371            1.1162           -0.1311
1372                        Bus 1372            1.1161          -0.13096
1373                        Bus 1373            1.1166          -0.13118
1374                        Bus 1374            1.1164          -0.13201
1375                        Bus 1375            1.1163          -0.13209
1376                        Bus 1376            1.1181          -0.13127
1377                        Bus 1377            1.1184          -0.13063
1378                        Bus 1378            1.1165          -0.13188
1379                        Bus 1379            1.1163          -0.13173
1380                        Bus 1380            1.1165          -0.13175
1381                        Bus 1381             1.118          -0.13112
1382                        Bus 1382            1.1177          -0.13185
1383                        Bus 1383            1.1188          -0.13018
1384                        Bus 1384            1.1183          -0.13108
1385                        Bus 1385            1.1174          -0.13175
1386                        Bus 1386            1.1175          -0.13167
1387                        Bus 1387            1.1162          -0.13235
1388                        Bus 1388            1.1173          -0.13145
1389                        Bus 1389            1.1162          -0.13234
1390                        Bus 1390            1.1173          -0.13145
1391                        Bus 1391             1.113         -0.045245
1392                        Bus 1392            1.1133         -0.044842
1393                        Bus 1393            1.1002         -0.076115
1394                        Bus 1394            1.1002          -0.07611
1395                        Bus 1395            1.1086         -0.087096
1396                        Bus 1396            1.1086         -0.087095
1397                        Bus 1397            1.1003         -0.075952
1398                        Bus 1398              1.11         -0.097411
1399                        Bus 1399            1.1135         -0.079105
1400                        Bus 1400              1.12         -0.031103
1401                        Bus 1401             1.114          -0.07307
1402                        Bus 1402            1.0703          -0.18827
1403                        Bus 1403            1.0702          -0.18824
1404                        Bus 1404            1.1157         -0.042378
1405                        Bus 1405            1.1157         -0.042378
1406                        Bus 1406            1.1038         -0.051709
1407                        Bus 1407            1.1036         -0.051941
1408                        Bus 1408            1.1059         -0.034478
1409                        Bus 1409            1.1177         -0.039936
1410                        Bus 1410            1.1139         -0.040128
1411                        Bus 1411            1.1179         -0.023021
1412                        Bus 1412            1.1139         -0.040067
1413                        Bus 1413            1.1086          -0.10948
1414                        Bus 1414            1.1088          -0.10927
1415                        Bus 1415            1.0952         -0.058862
1416                        Bus 1416            1.0953         -0.058697
1417                        Bus 1417            1.0917         -0.066475
1418                        Bus 1418            1.0965         -0.079282
1419                        Bus 1419            1.0977         -0.080704
1420                        Bus 1420            1.0966         -0.079177
1421                        Bus 1421            1.0977         -0.080666
1422                        Bus 1422             1.108          -0.10199
1423                        Bus 1423            1.1081          -0.10186
1424                        Bus 1424            1.1199         -0.015544
1425                        Bus 1425            1.0942          -0.15704
1426                        Bus 1426            1.0943          -0.15724
1427                        Bus 1427            1.0986           -0.1219
1428                        Bus 1428            1.0986          -0.12209
1429                        Bus 1429            1.1064          -0.10051
1430                        Bus 1430            1.1064          -0.10033
1431                        Bus 1431            1.1084           -0.1029
1432                        Bus 1432            1.1084          -0.10308
1433                        Bus 1433            1.0887          -0.14471
1434                        Bus 1434            1.0886          -0.14475
1435                        Bus 1435            1.0624          -0.17851
1436                        Bus 1436            1.0624          -0.17839
1437                        Bus 1437            1.1052           -0.1103
1438                        Bus 1438            1.1052           -0.1103
1439                        Bus 1439            1.1185         -0.034452
1440                        Bus 1440             1.116         -0.042817
1441                        Bus 1441            1.1064          -0.11842
1442                        Bus 1442            1.1063          -0.11856
1443                        Bus 1443            1.0993          -0.13275
1444                        Bus 1444            1.0999          -0.13152
1445                        Bus 1445            1.0953          -0.14683
1446                        Bus 1446            1.0952          -0.14691
1447                        Bus 1447            1.0807          -0.19762
1448                        Bus 1448            1.0799          -0.19874
1449                        Bus 1449            1.0812          -0.19726
1450                        Bus 1450            1.0806          -0.19826
1451                        Bus 1451            1.1149         -0.032045
1452                        Bus 1452            1.1149         -0.032166
1453                        Bus 1453            1.1181         -0.022819
1454                        Bus 1454            1.1182         -0.034526
1455                        Bus 1455            1.0971          -0.14357
1456                        Bus 1456            1.0972          -0.14354
1457                        Bus 1457            1.1181         -0.036486
1458                        Bus 1458            1.1181         -0.036281
1459                        Bus 1459            1.0991          -0.12684
1460                        Bus 1460            1.0991          -0.12683
1461                        Bus 1461            1.1012          -0.10894
1462                        Bus 1462            1.1011           -0.1092
1463                        Bus 1463            1.1156           -0.1398
1464                        Bus 1464            1.1158          -0.13944
1465                        Bus 1465            1.0991           -0.1391
1466                        Bus 1466            1.0991          -0.13912
1467                        Bus 1467            1.0711          -0.25471
1468                        Bus 1468            1.0711          -0.25493
1469                        Bus 1469            1.1092         -0.079232
1470                        Bus 1470            1.1091         -0.079615
1471                        Bus 1471            1.1001          -0.12548
1472                        Bus 1472            1.1002          -0.12557
1473                        Bus 1473            1.1051         -0.086099
1474                        Bus 1474            1.1147         -0.036462
1475                        Bus 1475            1.1051         -0.086085
1476                        Bus 1476            1.1148         -0.036397
1477                        Bus 1477            1.0926          -0.20215
1478                        Bus 1478            1.0949          -0.21683
1479                        Bus 1479            1.1088          -0.08337
1480                        Bus 1480            1.1088         -0.083348
1481                        Bus 1481            1.1165         -0.042176
1482                        Bus 1482            1.1165         -0.042118
1483                        Bus 1483            1.1184         -0.034432
1484                        Bus 1484            1.1185         -0.034393
1485                        Bus 1485             1.094          -0.13782
1486                        Bus 1486             1.094          -0.13765
1487                        Bus 1487            1.0942          -0.14021
1488                        Bus 1488            1.0941          -0.14017
1489                        Bus 1489            1.0963          -0.13263
1490                        Bus 1490            1.0963          -0.13257
1491                        Bus 1491            1.0765          -0.13085
1492                        Bus 1492            1.0765          -0.13111
1493                        Bus 1493            1.1005         -0.091001
1494                        Bus 1494            1.1163         -0.045071
1495                        Bus 1495            1.1019         -0.088871
1496                        Bus 1496             1.101         -0.090599
1497                        Bus 1497            1.0954           -0.1489
1498                        Bus 1498            1.0961          -0.14815
1499                        Bus 1499             1.113          -0.14045
1500                        Bus 1500            1.1129          -0.14033
1501                        Bus 1501            1.1105         -0.038852
1502                        Bus 1502            1.1107         -0.038239
1503                        Bus 1503            1.0913           -0.1662
1504                        Bus 1504            1.0913          -0.16609
1505                        Bus 1505            1.1139         -0.043799
1506                        Bus 1506             1.114         -0.043578
1507                        Bus 1507            1.0899          -0.12007
1508                        Bus 1508            1.0899          -0.12031
1509                        Bus 1509            1.1105          -0.10465
1510                        Bus 1510            1.1018          -0.12536
1511                        Bus 1511            1.1123          -0.12106
1512                        Bus 1512              1.12         -0.079338
1513                        Bus 1513            1.1182         -0.029234
1514                        Bus 1514            1.1123          -0.13706
1515                        Bus 1515            1.1123          -0.13707
1516                        Bus 1516            1.0645          -0.14751
1517                        Bus 1517            1.0645          -0.14733
1518                        Bus 1518            1.0983          -0.14402
1519                        Bus 1519            1.0983           -0.1443
1520                        Bus 1520            1.1092         -0.042147
1521                        Bus 1521            1.1092         -0.042096
1522                        Bus 1522            1.0952          -0.10194
1523                        Bus 1523            1.0953           -0.1019
1524                        Bus 1524            1.0991          -0.07531
1525                        Bus 1525            1.0992         -0.075402
1526                        Bus 1526            1.0927          -0.13905
1527                        Bus 1527            1.0927           -0.1391
1528                        Bus 1528            1.0972          -0.20374
1529                        Bus 1529            1.0971          -0.20393
1530                        Bus 1530            1.0712          -0.25126
1531                        Bus 1531            1.0712           -0.2512
1532                        Bus 1532            1.1155         -0.091886
1533                        Bus 1533            1.1156         -0.092185
1534                        Bus 1534             1.097          -0.12969
1535                        Bus 1535             1.097          -0.12969
1536                        Bus 1536            1.0821           -0.1494
1537                        Bus 1537            1.0821          -0.14948
1538                        Bus 1538            1.1012          -0.11541
1539                        Bus 1539            1.1012          -0.11569
1540                        Bus 1540            1.1192         -0.031251
1541                        Bus 1541            1.1192         -0.031173
1542                        Bus 1542            1.1051         -0.079728
1543                        Bus 1543            1.1051           -0.0797
1544                        Bus 1544            1.1135         -0.053101
1545                        Bus 1545            1.0966         -0.069116
1546                        Bus 1546            1.1135         -0.053099
1547                        Bus 1547            1.0972         -0.068658
1548                        Bus 1548            1.1158         -0.035814
1549                        Bus 1549            1.1158         -0.035998
1550                        Bus 1550            1.1115         -0.061804
1551                        Bus 1551            1.1117         -0.061459
1552                        Bus 1552            1.1059         -0.084091
1553                        Bus 1553            1.1077          -0.07982
1554                        Bus 1554            1.1059         -0.084091
1555                        Bus 1555            1.1077         -0.079804
1556                        Bus 1556            1.1157          -0.13966
1557                        Bus 1557            1.1159          -0.13933
1558                        Bus 1558            1.0791          -0.10298
1559                        Bus 1559            1.0791           -0.1029
1560                        Bus 1560            1.0789          -0.12651
1561                        Bus 1561            1.0789           -0.1263
1562                        Bus 1562             1.106         -0.076672
1563                        Bus 1563            1.1061         -0.076736
1564                        Bus 1564            1.0614          -0.20964
1565                        Bus 1565            1.0614          -0.20986
1566                        Bus 1566            1.1089          -0.04223
1567                        Bus 1567            1.0975         -0.063864
1568                        Bus 1568            1.1147         -0.033357
1569                        Bus 1569            1.0937         -0.098987
1570                        Bus 1570            1.0937         -0.099017
1571                        Bus 1571            1.1062         -0.088697
1572                        Bus 1572            1.0927          -0.10198
1573                        Bus 1573            1.1063         -0.088617
1574                        Bus 1574            1.0921          -0.11714
1575                        Bus 1575            1.0987         -0.085515
1576                        Bus 1576            1.0819          -0.23678
1577                        Bus 1577            1.0818          -0.23717
1578                        Bus 1578             1.111          -0.10072
1579                        Bus 1579            1.1186         -0.036019
1580                        Bus 1580            1.1199         -0.013112
1581                        Bus 1581            1.0852          -0.19111
1582                        Bus 1582            1.0851          -0.19104
1583                        Bus 1583             1.118         -0.081812
1584                        Bus 1584            1.1152         -0.033715
1585                        Bus 1585            1.1184          -0.08153
1586                        Bus 1586            1.1157         -0.033393
1587                        Bus 1587            1.0691          -0.25793
1588                        Bus 1588            1.0692          -0.25818
1589                        Bus 1589            1.1178         -0.029799
1590                        Bus 1590              1.12         -0.044094
1591                        Bus 1591             1.084          -0.14593
1592                        Bus 1592             1.084          -0.14584
1593                        Bus 1593            1.1167         -0.040584
1594                        Bus 1594            1.1166         -0.041108
1595                        Bus 1595            1.1078         -0.042805
1596                        Bus 1596            1.1079         -0.042633
1597                        Bus 1597            1.1082         -0.096425
1598                        Bus 1598            1.1015          -0.11153
1599                        Bus 1599            1.1085         -0.096167
1600                        Bus 1600            1.1021          -0.11111
1601                        Bus 1601              1.12          -0.12717
1602                        Bus 1602              1.12          -0.12691
1603                        Bus 1603            1.1189          -0.13371
1604                        Bus 1604            1.1104         -0.041091
1605                        Bus 1605            1.1105         -0.040952
1606                        Bus 1606            1.1127         -0.047994
1607                        Bus 1607            1.1127         -0.048191
1608                        Bus 1608            1.1003         -0.059437
1609                        Bus 1609            1.1003         -0.059646
1610                        Bus 1610            1.1164         -0.028332
1611                        Bus 1611            1.1164         -0.028509
1612                        Bus 1612            1.1039          -0.10477
1613                        Bus 1613            1.1039          -0.10471
1614                        Bus 1614            1.1133          -0.13947
1615                        Bus 1615            1.1099          -0.13896
1616                        Bus 1616            1.1015          -0.13338
1617                        Bus 1617            1.1017          -0.13297
1618                        Bus 1618            1.1053         -0.083941
1619                        Bus 1619            1.1054         -0.084001
1620                        Bus 1620              1.07          -0.21021
1621                        Bus 1621            1.0701          -0.21048
1622                        Bus 1622            1.1164          -0.13158
1623                        Bus 1623            1.1166          -0.13171
1624                        Bus 1624            1.0976          -0.13361
1625                        Bus 1625            1.0978          -0.13343
1626                        Bus 1626            1.1171         -0.035173
1627                        Bus 1627            1.1171         -0.035094
1628                        Bus 1628            1.1003         -0.092942
1629                        Bus 1629            1.1035         -0.081985
1630                        Bus 1630            1.1003         -0.092873
1631                        Bus 1631              1.12         -0.029689
1632                        Bus 1632              1.12         -0.029622
1633                        Bus 1633            1.0934          -0.12989
1634                        Bus 1634            1.0908          -0.13135
1635                        Bus 1635            1.0936          -0.12975
1636                        Bus 1636            1.0909          -0.13126
1637                        Bus 1637            1.1005          -0.11806
1638                        Bus 1638            1.1006          -0.11828
1639                        Bus 1639            1.1053          -0.12565
1640                        Bus 1640            1.1058          -0.12525
1641                        Bus 1641            1.0959          -0.12598
1642                        Bus 1642             1.094          -0.13524
1643                        Bus 1643            1.0965          -0.13179
1644                        Bus 1644            1.0997          -0.12708
1645                        Bus 1645            1.0977          -0.13483
1646                        Bus 1646            1.0978          -0.13483
1647                        Bus 1647            1.0966          -0.13201
1648                        Bus 1648            1.0966          -0.13199
1649                        Bus 1649            1.1197         -0.015267
1650                        Bus 1650            1.1197         -0.015299
1651                        Bus 1651            1.1177         -0.038861
1652                        Bus 1652            1.1177         -0.038683
1653                        Bus 1653            1.1016           -0.1328
1654                        Bus 1654            1.1017          -0.13268
1655                        Bus 1655            1.0643          -0.12938
1656                        Bus 1656            1.0642          -0.12918
1657                        Bus 1657            1.1199         -0.028587
1658                        Bus 1658            1.1199         -0.028586
1659                        Bus 1659            1.0976         -0.091231
1660                        Bus 1660            1.0948           -0.0596
1661                        Bus 1661            1.1065         -0.052145
1662                        Bus 1662            1.1077         -0.049278
1663                        Bus 1663            1.1066         -0.052293
1664                        Bus 1664             1.085          -0.17049
1665                        Bus 1665             1.085          -0.17099
1666                        Bus 1666              1.12         -0.027449
1667                        Bus 1667            1.1199         -0.027958
1668                        Bus 1668            1.1142         -0.089028
1669                        Bus 1669            1.1142         -0.089027
1670                        Bus 1670            1.1115         -0.090989
1671                        Bus 1671            1.1086         -0.096826
1672                        Bus 1672            1.1121         -0.090273
1673                        Bus 1673            1.1092         -0.096189
1674                        Bus 1674            1.0715          -0.25171
1675                        Bus 1675            1.0715          -0.25172
1676                        Bus 1676             1.099          -0.13386
1677                        Bus 1677             1.099          -0.13382
1678                        Bus 1678            1.0912          -0.12853
1679                        Bus 1679             1.091          -0.12844
1680                        Bus 1680            1.0858          -0.10016
1681                        Bus 1681            1.0858          -0.10041
1682                        Bus 1682            1.0729          -0.24656
1683                        Bus 1683            1.0728          -0.24666
1684                        Bus 1684            1.1195           -0.0322
1685                        Bus 1685            1.1194         -0.032324
1686                        Bus 1686            1.0926          -0.20413
1687                        Bus 1687            1.0926          -0.20406
1688                        Bus 1688            1.1012          -0.19743
1689                        Bus 1689            1.1011           -0.1977
1690                        Bus 1690            1.0751          -0.18823
1691                        Bus 1691            1.0751          -0.18788
1692                        Bus 1692            1.1196         -0.029519
1693                        Bus 1693            1.1196         -0.029519
1694                        Bus 1694             1.109         -0.042292
1695                        Bus 1695            1.1144         -0.034533
1696                        Bus 1696             1.109         -0.042282
1697                        Bus 1697            1.1144         -0.034525
1698                        Bus 1698            1.1152         -0.033257
1699                        Bus 1699            1.1151         -0.033869
1700                        Bus 1700             1.092          -0.21988
1701                        Bus 1701             1.092          -0.21994
1702                        Bus 1702            1.1054         -0.047268
1703                        Bus 1703            1.1056         -0.046824
1704                        Bus 1704            1.1118         -0.049403
1705                        Bus 1705            1.1118         -0.049575
1706                        Bus 1706            1.1014          -0.13356
1707                        Bus 1707            1.1015           -0.1332
1708                        Bus 1708            1.1095         -0.087308
1709                        Bus 1709            1.1095         -0.087733
1710                        Bus 1710            1.0801          -0.12473
1711                        Bus 1711            1.0801           -0.1246
1712                        Bus 1712            1.1105          -0.10461
1713                        Bus 1713            1.1098         -0.082143
1714                        Bus 1714            1.0954          -0.21953
1715                        Bus 1715            1.0954          -0.21954
1716                        Bus 1716            1.1137         -0.050296
1717                        Bus 1717            1.1135         -0.050486
1718                        Bus 1718            1.0555          -0.16383
1719                        Bus 1719            1.0555          -0.16379
1720                        Bus 1720            1.1187         -0.029914
1721                        Bus 1721            1.1188         -0.029665
1722                        Bus 1722            1.0792          -0.12185
1723                        Bus 1723            1.0792          -0.12165
1724                        Bus 1724            1.0941          -0.20479
1725                        Bus 1725            1.0942          -0.20478
1726                        Bus 1726            1.1003         -0.092873
1727                        Bus 1727            1.1035         -0.081936
1728                        Bus 1728            1.0887         -0.091968
1729                        Bus 1729            1.0887           -0.0915
1730                        Bus 1730            1.1099          -0.10471
1731                        Bus 1731            1.1116         -0.078278
1732                        Bus 1732            1.1124         -0.077641
1733                        Bus 1733            1.1139          -0.04383
1734                        Bus 1734            1.1139         -0.043637
1735                        Bus 1735            1.0887           -0.1407
1736                        Bus 1736            1.0888          -0.14067
1737                        Bus 1737            1.1178         -0.029806
1738                        Bus 1738            1.1075          -0.10021
1739                        Bus 1739            1.1143         -0.043055
1740                        Bus 1740            1.1142         -0.043198
1741                        Bus 1741            1.1029         -0.086503
1742                        Bus 1742            1.1029         -0.086296
1743                        Bus 1743            1.0541          -0.16983
1744                        Bus 1744            1.0541           -0.1698
1745                        Bus 1745            1.1178         -0.031856
1746                        Bus 1746            1.1178         -0.031986
1747                        Bus 1747            1.0806          -0.10493
1748                        Bus 1748            1.0807          -0.10492
1749                        Bus 1749            1.1153         -0.030904
1750                        Bus 1750            1.1153         -0.030802
1751                        Bus 1751            1.0711          -0.25088
1752                        Bus 1752            1.0711          -0.25089
1753                        Bus 1753            1.1188         -0.033771
1754                        Bus 1754            1.1189         -0.033734
1755                        Bus 1755             1.096          -0.10123
1756                        Bus 1756            1.1014         -0.093432
1757                        Bus 1757            1.0964          -0.10086
1758                        Bus 1758            1.1014         -0.093431
1759                        Bus 1759            1.0995          -0.15607
1760                        Bus 1760            1.0995          -0.15616
1761                        Bus 1761            1.0893         -0.091412
1762                        Bus 1762            1.0866         -0.094642
1763                        Bus 1763            1.0893         -0.091394
1764                        Bus 1764            1.0757          -0.24045
1765                        Bus 1765            1.1155          -0.13796
1766                        Bus 1766            1.1153           -0.1385
1767                        Bus 1767            1.0898         -0.086098
1768                        Bus 1768            1.0892         -0.076421
1769                        Bus 1769            1.0911         -0.063611
1770                        Bus 1770             1.091         -0.063794
1771                        Bus 1771            1.1175         -0.039915
1772                        Bus 1772            1.1174         -0.039894
1773                        Bus 1773            1.0975          -0.12537
1774                        Bus 1774            1.0983          -0.12382
1775                        Bus 1775            1.0978          -0.12508
1776                        Bus 1776            1.0984          -0.12371
1777                        Bus 1777            1.0989           -0.1342
1778                        Bus 1778            1.0989          -0.13418
1779                        Bus 1779            1.1027         -0.074497
1780                        Bus 1780            1.1026         -0.074825
1781                        Bus 1781            1.1175          -0.13103
1782                        Bus 1782            1.1174          -0.13124
1783                        Bus 1783            1.1012          -0.11568
1784                        Bus 1784            1.1024          -0.11437
1785                        Bus 1785             1.092          -0.22015
1786                        Bus 1786             1.092          -0.22016
1787                        Bus 1787            1.0886          -0.12918
1788                        Bus 1788            1.0905          -0.12737
1789                        Bus 1789             1.089          -0.12878
1790                        Bus 1790            1.0905          -0.12737
1791                        Bus 1791            1.0786          -0.14018
1792                        Bus 1792            1.0785          -0.14012
1793                        Bus 1793            1.1099          -0.11288
1794                        Bus 1794            1.1098          -0.11295
1795                        Bus 1795            1.1044         -0.090372
1796                        Bus 1796            1.1044         -0.090372
1797                        Bus 1797            1.0882          -0.10764
1798                        Bus 1798            1.1044         -0.090256
1799                        Bus 1799            1.1134          -0.13903
1800                        Bus 1800              1.11          -0.13847
1801                        Bus 1801            1.0993          -0.13032
1802                        Bus 1802            1.0994          -0.13018
1803                        Bus 1803            1.1097          -0.15519
1804                        Bus 1804            1.1097          -0.15487
1805                        Bus 1805            1.0504          -0.17702
1806                        Bus 1806            1.0774          -0.11475
1807                        Bus 1807            1.1002         -0.089502
1808                        Bus 1808            1.1001          -0.08986
1809                        Bus 1809            1.0918          -0.20606
1810                        Bus 1810            1.0918          -0.20632
1811                        Bus 1811            1.1031          -0.11068
1812                        Bus 1812            1.1032          -0.11057
1813                        Bus 1813            1.0979         -0.077338
1814                        Bus 1814            1.0978         -0.077045
1815                        Bus 1815            1.1039          -0.11011
1816                        Bus 1816            1.1038          -0.11049
1817                        Bus 1817            1.1132         -0.044103
1818                        Bus 1818            1.1133         -0.044497
1819                        Bus 1819            1.0797          -0.24528
1820                        Bus 1820            1.0797          -0.24529
1821                        Bus 1821            1.0889         -0.092077
1822                        Bus 1822            1.0889         -0.091781
1823                        Bus 1823            1.1153         -0.031345
1824                        Bus 1824            1.1153         -0.031345
1825                        Bus 1825            1.0933          -0.13554
1826                        Bus 1826            1.0933          -0.13557
1827                        Bus 1827             1.099         -0.085127
1828                        Bus 1828             1.099         -0.085108
1829                        Bus 1829            1.0918          -0.21672
1830                        Bus 1830            1.0917          -0.21654
1831                        Bus 1831            1.0865          -0.18488
1832                        Bus 1832            1.0865          -0.18508
1833                        Bus 1833            1.1002          -0.12253
1834                        Bus 1834            1.1002          -0.12267
1835                        Bus 1835             1.072          -0.15925
1836                        Bus 1836             1.072          -0.15934
1837                        Bus 1837            1.0996          -0.12757
1838                        Bus 1838            1.0996          -0.12756
1839                        Bus 1839            1.0998         -0.058941
1840                        Bus 1840            1.0999         -0.058634
1841                        Bus 1841            1.1184          -0.13378
1842                        Bus 1842            1.1184          -0.13377
1843                        Bus 1843            1.1112         -0.067332
1844                        Bus 1844            1.1118         -0.066483
1845                        Bus 1845            1.0983          -0.12535
1846                        Bus 1846            1.0984          -0.12542
1847                        Bus 1847            1.1079         -0.049615
1848                        Bus 1848            1.1081         -0.048937
1849                        Bus 1849            1.1143          -0.03683
1850                        Bus 1850            1.1143         -0.036764
1851                        Bus 1851            1.0973          -0.14244
1852                        Bus 1852            1.0973          -0.14255
1853                        Bus 1853             1.105         -0.051074
1854                        Bus 1854            1.1052         -0.050663
1855                        Bus 1855             1.096         -0.099004
1856                        Bus 1856            1.0961         -0.098496
1857                        Bus 1857            1.0992          -0.13062
1858                        Bus 1858            1.0989          -0.13071
1859                        Bus 1859             1.099          -0.10869
1860                        Bus 1860            1.1032          -0.11383
1861                        Bus 1861            1.1031          -0.11413
1862                        Bus 1862            1.1133          -0.14128
1863                        Bus 1863            1.1134          -0.14126
1864                        Bus 1864            1.0968          -0.14326
1865                        Bus 1865            1.0969           -0.1432
1866                        Bus 1866            1.0969          -0.14319
1867                        Bus 1867            1.0969          -0.14319
1868                        Bus 1868            1.1074         -0.067893
1869                        Bus 1869            1.1001          -0.07037
1870                        Bus 1870            1.1089         -0.047178
1871                        Bus 1871            1.1089         -0.047125
1872                        Bus 1872            1.1021          -0.21363
1873                        Bus 1873             1.102          -0.21376
1874                        Bus 1874            1.1179         -0.029878
1875                        Bus 1875            1.1199         -0.079501
1876                        Bus 1876            1.1179         -0.029814
1877                        Bus 1877            1.0904          -0.12206
1878                        Bus 1878            1.0904          -0.12199
1879                        Bus 1879            1.1186         -0.044557
1880                        Bus 1880            1.1187         -0.044464
1881                        Bus 1881            1.1009          -0.20252
1882                        Bus 1882             1.101          -0.20245
1883                        Bus 1883            1.1086         -0.042435
1884                        Bus 1884            1.1129         -0.037432
1885                        Bus 1885            1.0634          -0.14897
1886                        Bus 1886            1.0636          -0.14884
1887                        Bus 1887            1.1092         -0.083547
1888                        Bus 1888            1.1092         -0.083383
1889                        Bus 1889            1.0923          -0.22004
1890                        Bus 1890            1.0908          -0.14223
1891                        Bus 1891            1.0906          -0.14248
1892                        Bus 1892             1.109         -0.085091
1893                        Bus 1893             1.109         -0.085188
1894                        Bus 1894            1.0688          -0.19745
1895                        Bus 1895            1.0688          -0.19745
1896                        Bus 1896            1.0903          -0.17207
1897                        Bus 1897            1.0904          -0.17204
1898                        Bus 1898            1.1084         -0.069539
1899                        Bus 1899            1.1084         -0.069263
1900                        Bus 1900              1.12         -0.080348
1901                        Bus 1901              1.12         -0.085321
1902                        Bus 1902              1.12           -0.0661
1903                        Bus 1903            1.0985          -0.14155
1904                        Bus 1904            1.0986          -0.14136
1905                        Bus 1905            1.1139          -0.05234
1906                        Bus 1906            1.1139         -0.052598
1907                        Bus 1907            1.1006          -0.12321
1908                        Bus 1908            1.1006          -0.12341
1909                        Bus 1909            1.1054            -0.112
1910                        Bus 1910             1.114          -0.13501
1911                        Bus 1911            1.1031          -0.14088
1912                        Bus 1912            1.0804          -0.19862
1913                        Bus 1913            1.0797          -0.20016
1914                        Bus 1914            1.0918          -0.17068
1915                        Bus 1915            1.0918          -0.17038
1916                        Bus 1916            1.1018          -0.14196
1917                        Bus 1917            1.1133           -0.1363
1918                        Bus 1918            1.0902          -0.14192
1919                        Bus 1919            1.0978         -0.095887
1920                        Bus 1920            1.0798           -0.1224
1921                        Bus 1921            1.0796          -0.12273
1922                        Bus 1922            1.1135         -0.077912
1923                        Bus 1923            1.1134         -0.077664
1924                        Bus 1924            1.1131          -0.08125
1925                        Bus 1925            1.1111         -0.095493
1926                        Bus 1926            1.1135         -0.081011
1927                        Bus 1927            1.1117         -0.094785
1928                        Bus 1928            1.1139         -0.036068
1929                        Bus 1929            1.1088         -0.042452
1930                        Bus 1930            1.1143         -0.035708
1931                        Bus 1931            1.1054          -0.13523
1932                        Bus 1932            1.1053          -0.13529
1933                        Bus 1933            1.1093         -0.048168
1934                        Bus 1934            1.1093         -0.048059
1935                        Bus 1935            1.1185         -0.020936
1936                        Bus 1936            1.1175         -0.023495
1937                        Bus 1937            1.1189         -0.020671
1938                        Bus 1938            1.1183         -0.023057
1939                        Bus 1939             1.111         -0.078981
1940                        Bus 1940             1.111         -0.079232
1941                        Bus 1941            1.1022          -0.12513
1942                        Bus 1942            1.1021           -0.1252
1943                        Bus 1943             1.099         -0.093028
1944                        Bus 1944            1.1051         -0.079649
1945                        Bus 1945            1.0837          -0.12028
1946                        Bus 1946            1.0837          -0.12043
1947                        Bus 1947            1.1165         -0.039503
1948                        Bus 1948            1.1177         -0.037873
1949                        Bus 1949            1.1165         -0.039487
1950                        Bus 1950            1.1178         -0.037741
1951                        Bus 1951            1.0713          -0.15935
1952                        Bus 1952            1.0712          -0.15947
1953                        Bus 1953            1.1179         -0.032518
1954                        Bus 1954            1.1178         -0.032472
1955                        Bus 1955            1.1083          -0.10591
1956                        Bus 1956            1.1083          -0.10563
1957                        Bus 1957            1.1135         -0.040538
1958                        Bus 1958            1.0894           -0.1232
1959                        Bus 1959            1.0953          -0.12001
1960                        Bus 1960            1.0958         -0.099269
1961                        Bus 1961            1.0958          -0.09925
1962                        Bus 1962            1.0894           -0.1249
1963                        Bus 1963            1.0894          -0.12533
1964                        Bus 1964             1.071          -0.25864
1965                        Bus 1965             1.071          -0.25852
1966                        Bus 1966            1.0966          -0.14397
1967                        Bus 1967            1.0962          -0.14444
1968                        Bus 1968            1.0688          -0.25836
1969                        Bus 1969            1.0688          -0.25854
1970                        Bus 1970            1.0987         -0.092128
1971                        Bus 1971            1.0987         -0.092219
1972                        Bus 1972            1.0871          -0.10503
1973                        Bus 1973            1.0872          -0.10544
1974                        Bus 1974            1.0759          -0.24807
1975                        Bus 1975             1.076          -0.24799
1976                        Bus 1976            1.0865         -0.094617
1977                        Bus 1977            1.0866         -0.094626
1978                        Bus 1978            1.0706           -0.1667
1979                        Bus 1979            1.0706          -0.16641
1980                        Bus 1980            1.1121         -0.066233
1981                        Bus 1981             1.112         -0.066791
1982                        Bus 1982            1.1032         -0.067426
1983                        Bus 1983             1.103         -0.067928
1984                        Bus 1984            1.1081         -0.077731
1985                        Bus 1985             1.108         -0.077638
1986                        Bus 1986            1.0954          -0.11989
1987                        Bus 1987            1.0953          -0.11973
1988                        Bus 1988              1.09          -0.16018
1989                        Bus 1989            1.0899          -0.16062
1990                        Bus 1990            1.0938           -0.2185
1991                        Bus 1991            1.0888          -0.20577
1992                        Bus 1992            1.0976         -0.071555
1993                        Bus 1993            1.0976         -0.071683
1994                        Bus 1994            1.1005          -0.12605
1995                        Bus 1995            1.1004          -0.12591
1996                        Bus 1996            1.1192          -0.03048
1997                        Bus 1997            1.1192         -0.030241
1998                        Bus 1998            1.1183         -0.034735
1999                        Bus 1999            1.1183         -0.034622
2000                        Bus 2000            1.0865          -0.19314
2001                        Bus 2001            1.0867          -0.19304
2002                        Bus 2002            1.0968          -0.12988
2003                        Bus 2003            1.0969          -0.12978
2004                        Bus 2004            1.1181         -0.032603
2005                        Bus 2005            1.1181         -0.032423
2006                        Bus 2006            1.0956          -0.12822
2007                        Bus 2007            1.0922          -0.13675
2008                        Bus 2008            1.0963          -0.12784
2009                        Bus 2009            1.0928          -0.13641
2010                        Bus 2010             1.093          -0.21839
2011                        Bus 2011            1.0929          -0.21852
2012                        Bus 2012            1.1051         -0.088253
2013                        Bus 2013            1.1051         -0.088179
2014                        Bus 2014            1.0928           -0.2201
2015                        Bus 2015            1.0922          -0.22017
2016                        Bus 2016             1.104          -0.08017
2017                        Bus 2017            1.0954          -0.13604
2018                        Bus 2018            1.1039          -0.10694
2019                        Bus 2019            1.1038          -0.10722
2020                        Bus 2020            1.1091         -0.085569
2021                        Bus 2021            1.1091         -0.085569
2022                        Bus 2022            1.1039          -0.10515
2023                        Bus 2023            1.1039          -0.10532
2024                        Bus 2024            1.1174         -0.024877
2025                        Bus 2025            1.1179         -0.034791
2026                        Bus 2026            1.1174         -0.024802
2027                        Bus 2027            1.0942          -0.10296
2028                        Bus 2028            1.0942          -0.10333
2029                        Bus 2029            1.1142         -0.089045
2030                        Bus 2030            1.1142         -0.089084
2031                        Bus 2031            1.0856          -0.23097
2032                        Bus 2032            1.0857          -0.23072
2033                        Bus 2033            1.0814          -0.11538
2034                        Bus 2034            1.0814          -0.11542
2035                        Bus 2035            1.1008          -0.11072
2036                        Bus 2036            1.1006           -0.1111
2037                        Bus 2037            1.0704          -0.12943
2038                        Bus 2038            1.0702          -0.12967
2039                        Bus 2039            1.1018          -0.12463
2040                        Bus 2040            1.1025          -0.12418
2041                        Bus 2041            1.0919          -0.11762
2042                        Bus 2042            1.0919          -0.11762
2043                        Bus 2043            1.1188          -0.13018
2044                        Bus 2044            1.1185          -0.13092
2045                        Bus 2045            1.0983          -0.13247
2046                        Bus 2046            1.0983           -0.1326
2047                        Bus 2047             1.099          -0.12746
2048                        Bus 2048             1.099          -0.12748
2049                        Bus 2049            1.1144          -0.13679
2050                        Bus 2050            1.1141          -0.13698
2051                        Bus 2051            1.0763          -0.12205
2052                        Bus 2052            1.0763          -0.12188
2053                        Bus 2053            1.1178         -0.023175
2054                        Bus 2054            1.1127         -0.033491
2055                        Bus 2055            1.1129         -0.033243
2056                        Bus 2056            1.0676          -0.16358
2057                        Bus 2057            1.0676          -0.16359
2058                        Bus 2058             1.109         -0.061282
2059                        Bus 2059            1.1089         -0.061769
2060                        Bus 2060            1.1039         -0.089564
2061                        Bus 2061            1.1039         -0.089775
2062                        Bus 2062              1.12         -0.044182
2063                        Bus 2063              1.12         -0.024973
2064                        Bus 2064            1.1184         -0.039829
2065                        Bus 2065            1.1091         -0.042031
2066                        Bus 2066            1.1133         -0.037021
2067                        Bus 2067            1.0672          -0.13355
2068                        Bus 2068            1.0954          -0.13604
2069                        Bus 2069            1.0863          -0.17054
2070                        Bus 2070            1.0862          -0.17103
2071                        Bus 2071            1.1163         -0.085912
2072                        Bus 2072            1.1162         -0.086102
2073                        Bus 2073            1.1144         -0.034075
2074                        Bus 2074            1.1144         -0.034196
2075                        Bus 2075            1.0953         -0.083763
2076                        Bus 2076            1.0953         -0.083988
2077                        Bus 2077            1.1125          -0.10905
2078                        Bus 2078            1.1125          -0.10939
2079                        Bus 2079            1.1004          -0.12533
2080                        Bus 2080            1.1004          -0.12508
2081                        Bus 2081            1.1195         -0.085828
2082                        Bus 2082              1.12         -0.080352
2083                        Bus 2083            1.1199         -0.015915
2084                        Bus 2084             1.101           -0.1414
2085                        Bus 2085            1.1022          -0.12531
2086                        Bus 2086            1.0705          -0.25903
2087                        Bus 2087            1.0705          -0.25902
2088                        Bus 2088            1.0607          -0.21294
2089                        Bus 2089            1.0607          -0.21255
2090                        Bus 2090            1.1088         -0.096175
2091                        Bus 2091            1.1048          -0.10952
2092                        Bus 2092            1.1019         -0.051056
2093                        Bus 2093            1.0632          -0.13144
2094                        Bus 2094            1.1024         -0.095123
2095                        Bus 2095            1.0966          -0.13152
2096                        Bus 2096            1.1017         -0.054461
2097                        Bus 2097            1.1158         -0.028506
2098                        Bus 2098            1.1017         -0.054455
2099                        Bus 2099            1.1158           -0.0285
2100                        Bus 2100            1.0944          -0.13832
2101                        Bus 2101            1.0943          -0.13832
2102                        Bus 2102            1.1155         -0.061448
2103                        Bus 2103            1.1154         -0.061901
2104                        Bus 2104            1.1029         -0.091353
2105                        Bus 2105            1.1029         -0.091107
2106                        Bus 2106            1.0912          -0.14901
2107                        Bus 2107            1.0913          -0.14869
2108                        Bus 2108            1.1071          -0.12446
2109                        Bus 2109            1.1071          -0.12427
2110                        Bus 2110            1.0902          -0.14191
2111                        Bus 2111            1.0978         -0.095877
2112                        Bus 2112            1.1058         -0.045555
2113                        Bus 2113            1.1057         -0.045854
2114                        Bus 2114            1.1084           -0.1289
2115                        Bus 2115            1.1084          -0.12913
2116                        Bus 2116            1.0938           -0.1006
2117                        Bus 2117            1.0939           -0.1008
2118                        Bus 2118            1.1009          -0.13372
2119                        Bus 2119             1.101          -0.13364
2120                        Bus 2120            1.1135          -0.03614
2121                        Bus 2121            1.1135         -0.036193
2122                        Bus 2122            1.0941          -0.11835
2123                        Bus 2123             1.094          -0.11851
2124                        Bus 2124            1.0963          -0.11607
2125                        Bus 2125            1.0963          -0.11586
2126                        Bus 2126            1.1004           -0.1337
2127                        Bus 2127            1.1003          -0.13372
2128                        Bus 2128            1.1192          -0.04515
2129                        Bus 2129            1.1192          -0.04515
2130                        Bus 2130            1.0906          -0.06445
2131                        Bus 2131            1.0906         -0.064283
2132                        Bus 2132            1.0906         -0.064501
2133                        Bus 2133            1.0906         -0.064501
2134                        Bus 2134            1.1012         -0.052041
2135                        Bus 2135            1.1165         -0.042215
2136                        Bus 2136            1.1018         -0.051082
2137                        Bus 2137             1.101           -0.1331
2138                        Bus 2138            1.1009          -0.13311
2139                        Bus 2139            1.1007          -0.13348
2140                        Bus 2140            1.1006          -0.13355
2141                        Bus 2141            1.0934          -0.16279
2142                        Bus 2142            1.0934          -0.16252
2143                        Bus 2143            1.1002          -0.13872
2144                        Bus 2144               1.1          -0.13932
2145                        Bus 2145            1.1099          -0.09559
2146                        Bus 2146              1.11         -0.095234
2147                        Bus 2147            1.1161         -0.029047
2148                        Bus 2148            1.1161         -0.029047
2149                        Bus 2149            1.1161         -0.029047
2150                        Bus 2150            1.0751           -0.1567
2151                        Bus 2151            1.0819          -0.14875
2152                        Bus 2152              1.12          -0.23327
2153                        Bus 2153              1.12          -0.23309
2154                        Bus 2154            1.1194          -0.23348
2155                        Bus 2155             1.081          -0.61081
2156                        Bus 2156            1.0883          -0.42076
2157                        Bus 2157             1.023          -0.53246
2158                        Bus 2158            1.0998          -0.26402
2159                        Bus 2159            1.0753          -0.30176
2160                        Bus 2160            1.0753          -0.30176
2161                        Bus 2161            1.0612          -0.65378
2162                        Bus 2162            1.0774          -0.32076
2163                        Bus 2163            1.0696          -0.67661
2164                        Bus 2164            1.0806          -0.61528
2165                        Bus 2165            1.0806          -0.61554
2166                        Bus 2166             1.065          -0.62658
2167                        Bus 2167            1.1019          -0.25246
2168                        Bus 2168            1.1018           -0.2527
2169                        Bus 2169            1.1007          -0.25719
2170                        Bus 2170            1.0772          -0.30568
2171                        Bus 2171            1.0772          -0.30573
2172                        Bus 2172              1.07          -0.62117
2173                        Bus 2173            1.0729          -0.30181
2174                        Bus 2174            1.0714          -0.30605
2175                        Bus 2175            1.0313          -0.57652
2176                        Bus 2176            1.0514          -0.45252
2177                        Bus 2177           0.99575          -0.55438
2178                        Bus 2178            1.0756          -0.31296
2179                        Bus 2179            1.0755           -0.3131
2180                        Bus 2180            1.0522          -0.44909
2181                        Bus 2181            1.0692          -0.50887
2182                        Bus 2182            1.1183          -0.21096
2183                        Bus 2183            1.0819          -0.27945
2184                        Bus 2184            1.1197          -0.61686
2185                        Bus 2185            1.0512          -0.61878
2186                        Bus 2186            1.0388           -0.4743
2187                        Bus 2187            1.0644          -0.31376
2188                        Bus 2188            1.0644          -0.31379
2189                        Bus 2189            1.0861          -0.30834
2190                        Bus 2190            1.0863          -0.32729
2191                        Bus 2191            1.0857          -0.28717
2192                        Bus 2192            1.0773          -0.66694
2193                        Bus 2193             1.085          -0.64185
2194                        Bus 2194            1.0739          -0.34255
2195                        Bus 2195            1.0747          -0.68681
2196                        Bus 2196            1.0851          -0.47588
2197                        Bus 2197            1.0921          -0.29308
2198                        Bus 2198            1.0866          -0.60353
2199                        Bus 2199             1.082           -0.2792
2200                        Bus 2200             1.082           -0.2792
2201                        Bus 2201            1.0762          -0.33886
2202                        Bus 2202            1.0813          -0.32988
2203                        Bus 2203            1.1026           -0.2541
2204                        Bus 2204            1.0565          -0.69754
2205                        Bus 2205            1.0785           -0.6107
2206                        Bus 2206            1.0453          -0.55907
2207                        Bus 2207            1.0853          -0.60043
2208                        Bus 2208            1.0853          -0.60094
2209                        Bus 2209            1.0575          -0.69442
2210                        Bus 2210            1.0788          -0.66471
2211                        Bus 2211            1.0692          -0.52609
2212                        Bus 2212            1.0485          -0.36664
2213                        Bus 2213            1.0537          -0.69116
2214                        Bus 2214            1.0449          -0.66119
2215                        Bus 2215            1.0594          -0.69379
2216                        Bus 2216              1.12          -0.61641
2217                        Bus 2217              1.12          -0.61641
2218                        Bus 2218            1.0587          -0.66456
2219                        Bus 2219            1.0587          -0.66456
2220                        Bus 2220            1.0548          -0.67971
2221                        Bus 2221            1.0563          -0.32505
2222                        Bus 2222             1.064          -0.50607
2223                        Bus 2223             1.064          -0.50607
2224                        Bus 2224            1.0613          -0.32383
2225                        Bus 2225            1.0765          -0.30585
2226                        Bus 2226            1.0874          -0.60366
2227                        Bus 2227            1.0868          -0.60397
2228                        Bus 2228            1.0675          -0.60298
2229                        Bus 2229            1.0631          -0.68661
2230                        Bus 2230            1.0766          -0.60031
2231                        Bus 2231            1.0744          -0.60875
2232                        Bus 2232            1.0212          -0.72099
2233                        Bus 2233            1.0718          -0.67907
2234                        Bus 2234            1.0716          -0.67952
2235                        Bus 2235            1.0652          -0.58243
2236                        Bus 2236            1.0639          -0.59782
2237                        Bus 2237             1.064          -0.59825
2238                        Bus 2238            1.0559           -0.5209
2239                        Bus 2239            1.0772          -0.57732
2240                        Bus 2240            1.0772          -0.59649
2241                        Bus 2241             1.055          -0.68782
2242                        Bus 2242            1.0738          -0.60094
2243                        Bus 2243            1.0738          -0.60085
2244                        Bus 2244            1.0677          -0.35744
2245                        Bus 2245            1.0228          -0.63469
2246                        Bus 2246            1.0734          -0.34371
2247                        Bus 2247            1.1094          -0.62799
2248                        Bus 2248            1.0683          -0.31096
2249                        Bus 2249            1.0683          -0.31096
2250                        Bus 2250            1.0729          -0.58751
2251                        Bus 2251            1.0729          -0.58751
2252                        Bus 2252            1.0736          -0.58657
2253                        Bus 2253            1.0276          -0.51784
2254                        Bus 2254            1.0412          -0.52209
2255                        Bus 2255            1.0654          -0.68193
2256                        Bus 2256            1.0757          -0.59836
2257                        Bus 2257            1.0332          -0.64547
2258                        Bus 2258             1.072          -0.39101
2259                        Bus 2259             1.072          -0.39142
2260                        Bus 2260            1.0302          -0.57736
2261                        Bus 2261            1.0542          -0.44865
2262                        Bus 2262            1.0605          -0.44306
2263                        Bus 2263            1.0509          -0.45414
2264                        Bus 2264            1.0577          -0.45434
2265                        Bus 2265            1.0623          -0.34291
2266                        Bus 2266            1.0621          -0.34327
2267                        Bus 2267             1.091          -0.35231
2268                        Bus 2268             1.091          -0.35231
2269                        Bus 2269            1.1104          -0.30773
2270                        Bus 2270            1.0857          -0.31766
2271                        Bus 2271            1.0599          -0.60304
2272                        Bus 2272            1.0711           -0.3123
2273                        Bus 2273            1.0711          -0.31229
2274                        Bus 2274            1.0012          -0.54196
2275                        Bus 2275            1.0769          -0.57949
2276                        Bus 2276            1.0572           -0.3241
2277                        Bus 2277            1.0572           -0.3241
2278                        Bus 2278             1.072          -0.61123
2279                        Bus 2279            1.0778          -0.28882
2280                        Bus 2280             1.072          -0.61198
2281                        Bus 2281            1.1189          -0.41403
2282                        Bus 2282            1.0355          -0.40353
2283                        Bus 2283            1.0369          -0.40244
2284                        Bus 2284            1.0778          -0.68865
2285                        Bus 2285            1.1138          -0.23822
2286                        Bus 2286            1.0576          -0.33934
2287                        Bus 2287            1.0795          -0.28539
2288                        Bus 2288            1.0811          -0.28017
2289                        Bus 2289            1.0529           -0.3483
2290                        Bus 2290            1.0727          -0.30097
2291                        Bus 2291            1.0555          -0.34061
2292                        Bus 2292            1.0724           -0.3402
2293                        Bus 2293            1.0492          -0.36556
2294                        Bus 2294            1.1171          -0.41448
2295                        Bus 2295             1.054          -0.59412
2296                        Bus 2296            1.0947          -0.46748
2297                        Bus 2297            1.1164          -0.34103
2298                        Bus 2298            1.0604          -0.31976
2299                        Bus 2299            1.0604          -0.31981
2300                        Bus 2300            1.0645          -0.62978
2301                        Bus 2301            1.0648          -0.36568
2302                        Bus 2302            1.0556          -0.15847
2303                        Bus 2303             1.016          -0.51687
2304                        Bus 2304            1.1056          -0.31062
2305                        Bus 2305            1.0803          -0.31924
2306                        Bus 2306            1.0495          -0.41815
2307                        Bus 2307            1.0415          -0.41406
2308                        Bus 2308            1.0583          -0.39067
2309                        Bus 2309            1.0589           -0.3736
2310                        Bus 2310            1.0954           -0.2711
2311                        Bus 2311            1.0531           -0.4105
2312                        Bus 2312            1.0498          -0.41847
2313                        Bus 2313            1.0325           -0.4088
2314                        Bus 2314            1.0325          -0.40885
2315                        Bus 2315            1.0459          -0.69894
2316                        Bus 2316            1.0643          -0.50292
2317                        Bus 2317            1.1164          -0.34105
2318                        Bus 2318            1.1044          -0.25592
2319                        Bus 2319            1.0938          -0.33654
2320                        Bus 2320              1.12          -0.40957
2321                        Bus 2321            1.0915          -0.35071
2322                        Bus 2322              1.09          -0.26543
2323                        Bus 2323            1.0405          -0.39259
2324                        Bus 2324            1.0747          -0.29175
2325                        Bus 2325            1.0466          -0.40895
2326                        Bus 2326            1.0469          -0.40902
2327                        Bus 2327            1.0523          -0.41061
2328                        Bus 2328             1.053          -0.41129
2329                        Bus 2329            1.0964          -0.26949
2330                        Bus 2330             1.052          -0.41876
2331                        Bus 2331            1.0519          -0.41836
2332                        Bus 2332              1.12          -0.61432
2333                        Bus 2333            1.0528          -0.38845
2334                        Bus 2334            1.0988          -0.26752
2335                        Bus 2335            1.0988          -0.26729
2336                        Bus 2336             1.046          -0.40739
2337                        Bus 2337            1.0513          -0.41165
2338                        Bus 2338            1.0452          -0.42103
2339                        Bus 2339            1.0591          -0.39251
2340                        Bus 2340            1.0592          -0.39171
2341                        Bus 2341            1.0484          -0.44158
2342                        Bus 2342            1.0496          -0.39654
2343                        Bus 2343            1.0465          -0.41262
2344                        Bus 2344            1.0534          -0.40998
2345                        Bus 2345            1.0519           -0.4418
2346                        Bus 2346             1.052          -0.44212
2347                        Bus 2347            1.1071          -0.24283
2348                        Bus 2348            1.0576          -0.43601
2349                        Bus 2349            1.0517          -0.44319
2350                        Bus 2350            1.0315          -0.65761
2351                        Bus 2351            1.0542          -0.42484
2352                        Bus 2352            1.0543          -0.42517
2353                        Bus 2353            1.0517          -0.42906
2354                        Bus 2354            1.0465          -0.41016
2355                        Bus 2355            1.0315           -0.4212
2356                        Bus 2356            1.0322          -0.40918
2357                        Bus 2357            1.0702          -0.61814
2358                        Bus 2358            1.0336          -0.40791
2359                        Bus 2359            1.0549          -0.32697
2360                        Bus 2360            1.0549          -0.32697
2361                        Bus 2361            1.0796          -0.33192
2362                        Bus 2362            1.0611          -0.38553
2363                        Bus 2363            1.0511          -0.35129
2364                        Bus 2364            1.1022          -0.31261
2365                        Bus 2365            1.1026          -0.25935
2366                        Bus 2366            1.0809          -0.29658
2367                        Bus 2367            1.0809          -0.29658
2368                        Bus 2368            1.0542           -0.6976
2369                        Bus 2369            1.0477          -0.36777
2370                        Bus 2370            1.0717          -0.34081
2371                        Bus 2371            1.0705          -0.67941
2372                        Bus 2372            1.1055          -0.24432
2373                        Bus 2373            1.0726          -0.30149
2374                        Bus 2374            1.0898          -0.37722
2375                        Bus 2375            1.0678          -0.30675
2376                        Bus 2376            1.0678          -0.30675
2377                        Bus 2377            1.0527          -0.55117
2378                        Bus 2378            1.0527          -0.55117
2379                        Bus 2379            1.0527          -0.55117
2380                        Bus 2380            1.0652          -0.34939
2381                        Bus 2381            1.0647          -0.34267
2382                        Bus 2382            1.0644          -0.34776
2383                        Bus 2383            1.0631          -0.34699
2384                        Bus 2384            1.0485          -0.55718
2385                        Bus 2385             1.083          -0.65746
2386                        Bus 2386            1.0744          -0.48687
2387                        Bus 2387            1.0696          -0.48685
2388                        Bus 2388            1.0752          -0.60715
2389                        Bus 2389            1.0466          -0.39249
2390                        Bus 2390            1.0639          -0.61894
2391                        Bus 2391            1.0742          -0.56981
2392                        Bus 2392            1.0648          -0.50262
2393                        Bus 2393            1.1006          -0.25946
2394                        Bus 2394            1.0726          -0.30047
2395                        Bus 2395            1.0716            -0.684
2396                        Bus 2396            1.0698           -0.3063
2397                        Bus 2397             1.045          -0.57565
2398                        Bus 2398            1.0697          -0.68272
2399                        Bus 2399             1.058          -0.68583
2400                        Bus 2400            1.0517          -0.65545
2401                        Bus 2401            1.0613          -0.63484
2402                        Bus 2402            1.0741           -0.2969
2403                        Bus 2403            1.1173          -0.22386
2404                        Bus 2404              1.12          -0.20819
2405                        Bus 2405            1.0579          -0.71816
2406                        Bus 2406            1.1095          -0.57351
2407                        Bus 2407            1.0462          -0.37561
2408                        Bus 2408            1.0762          -0.61654
2409                        Bus 2409            1.0806          -0.33348
2410                        Bus 2410             1.057          -0.32404
2411                        Bus 2411             1.084          -0.65368
2412                        Bus 2412            1.0803          -0.67154
2413                        Bus 2413            1.0663          -0.60644
2414                        Bus 2414            1.0654          -0.63092
2415                        Bus 2415            1.0661          -0.62177
2416                        Bus 2416             1.059          -0.68681
2417                        Bus 2417            1.0861          -0.60468
2418                        Bus 2418            1.0798          -0.60988
2419                        Bus 2419            1.0737           -0.6076
2420                        Bus 2420            1.0828          -0.60744
2421                        Bus 2421            1.0859          -0.34726
2422                        Bus 2422             1.066          -0.58267
2423                        Bus 2423            1.0717          -0.49067
2424                        Bus 2424            1.0165          -0.72937
2425                        Bus 2425            1.0681          -0.68114
2426                        Bus 2426             1.025           -0.4978
2427                        Bus 2427            1.0035           -0.6303
2428                        Bus 2428            1.0214          -0.50503
2429                        Bus 2429            1.0942          -0.32382
2430                        Bus 2430            1.0671          -0.68696
2431                        Bus 2431            1.0693          -0.31339
2432                        Bus 2432            1.0692          -0.31349
2433                        Bus 2433             1.069          -0.63733
2434                        Bus 2434            1.0859          -0.29923
2435                        Bus 2435            1.0717          -0.34367
2436                        Bus 2436            1.0784          -0.68959
2437                        Bus 2437            1.0622          -0.32003
2438                        Bus 2438            1.0775          -0.33825
2439                        Bus 2439            1.0346          -0.62704
2440                        Bus 2440            1.0756          -0.33712
2441                        Bus 2441            1.0704          -0.34162
2442                        Bus 2442             1.072           -0.3399
2443                        Bus 2443            1.0769          -0.33576
2444                        Bus 2444            1.0766          -0.33675
2445                        Bus 2445           0.94003          -0.34106
2446                        Bus 2446            1.0644          -0.36588
2447                        Bus 2447            1.0924          -0.29023
2448                        Bus 2448            1.0921          -0.31272
2449                        Bus 2449              1.12          -0.33491
2450                        Bus 2450              1.12          -0.41227
2451                        Bus 2451            1.0625          -0.34308
2452                        Bus 2452            1.0626          -0.34296
2453                        Bus 2453            1.0814          -0.28007
2454                        Bus 2454            1.0815          -0.27999
2455                        Bus 2455            1.0837          -0.34539
2456                        Bus 2456            1.0686          -0.30961
2457                        Bus 2457            1.0685          -0.30965
2458                        Bus 2458            1.0263           -0.4697
2459                        Bus 2459            1.1098          -0.30821
2460                        Bus 2460            1.1097          -0.30838
2461                        Bus 2461            1.0838          -0.60727
2462                        Bus 2462              1.07          -0.61944
2463                        Bus 2463            1.0816          -0.68098
2464                        Bus 2464            1.0684          -0.31161
2465                        Bus 2465            1.0684          -0.31161
2466                        Bus 2466            1.0831          -0.67791
2467                        Bus 2467            1.0784          -0.61085
2468                        Bus 2468            1.0853          -0.66688
2469                        Bus 2469            1.0875          -0.66494
2470                        Bus 2470            1.0502          -0.63814
2471                        Bus 2471            1.0502          -0.63821
2472                        Bus 2472            1.0742          -0.60608
2473                        Bus 2473            1.0778          -0.59934
2474                        Bus 2474            1.0538          -0.40975
2475                        Bus 2475            1.0469          -0.40903
2476                        Bus 2476            1.0658          -0.49858
2477                        Bus 2477            1.0535          -0.41293
2478                        Bus 2478             1.039          -0.47768
2479                        Bus 2479            1.0597          -0.68878
2480                        Bus 2480            1.0727          -0.67117
2481                        Bus 2481            1.0504          -0.65944
2482                        Bus 2482            1.0504          -0.65944
2483                        Bus 2483            1.1068          -0.24659
2484                        Bus 2484            1.0734           -0.6037
2485                        Bus 2485            1.0799          -0.60967
2486                        Bus 2486            1.0469          -0.40902
2487                        Bus 2487            1.0538          -0.40974
2488                        Bus 2488            1.0705          -0.67466
2489                        Bus 2489            1.0704           -0.6749
2490                        Bus 2490            1.0762          -0.61654
2491                        Bus 2491            1.0791          -0.61032
2492                        Bus 2492            1.0783          -0.60592
2493                        Bus 2493            1.0781          -0.60621
2494                        Bus 2494            1.0814          -0.68085
2495                        Bus 2495            1.0721          -0.61099
2496                        Bus 2496            1.0766          -0.60777
2497                        Bus 2497            1.0686          -0.36066
2498                        Bus 2498            1.0685          -0.36133
2499                        Bus 2499            1.0795          -0.33465
2500                        Bus 2500            1.0872          -0.29979
2501                        Bus 2501            1.0754          -0.61309
2502                        Bus 2502            1.0699          -0.32532
2503                        Bus 2503            1.0474          -0.37982
2504                        Bus 2504             1.087          -0.32663
2505                        Bus 2505            1.0821          -0.33051
2506                        Bus 2506            1.0806          -0.29506
2507                        Bus 2507             1.069          -0.64436
2508                        Bus 2508             1.017          -0.58311
2509                        Bus 2509            1.0169          -0.58323
2510                        Bus 2510            1.0991          -0.26549
2511                        Bus 2511            1.0731          -0.35239
2512                        Bus 2512            1.0601          -0.68379
2513                        Bus 2513            1.0601          -0.68379
2514                        Bus 2514            1.0668           -0.6469
2515                        Bus 2515            1.0618          -0.32563
2516                        Bus 2516             1.062          -0.32531
2517                        Bus 2517            1.0709          -0.30879
2518                        Bus 2518            1.0411          -0.59329
2519                        Bus 2519            1.0377          -0.62873
2520                        Bus 2520             1.029           -0.5661
2521                        Bus 2521            1.0229          -0.57607
2522                        Bus 2522            1.0693           -0.3164
2523                        Bus 2523            1.0812          -0.34411
2524                        Bus 2524            1.0812          -0.34417
2525                        Bus 2525            1.0669          -0.31702
2526                        Bus 2526            1.0669          -0.31702
2527                        Bus 2527            1.0592          -0.64318
2528                        Bus 2528            1.0634          -0.60366
2529                        Bus 2529             1.069          -0.68446
2530                        Bus 2530            1.0712          -0.68014
2531                        Bus 2531            1.0813          -0.28042
2532                        Bus 2532            1.0677          -0.61083
2533                        Bus 2533            1.0658          -0.31662
2534                        Bus 2534            1.0916          -0.35807
2535                        Bus 2535            1.0391          -0.50557
2536                        Bus 2536            1.0752           -0.3173
2537                        Bus 2537            1.0706          -0.31211
2538                        Bus 2538            1.0349          -0.48279
2539                        Bus 2539            1.0511          -0.57993
2540                        Bus 2540            1.0483          -0.67362
2541                        Bus 2541            1.0742          -0.50964
2542                        Bus 2542            1.0288          -0.57898
2543                        Bus 2543            1.0491          -0.66148
2544                        Bus 2544            1.0327          -0.58068
2545                        Bus 2545            1.0789          -0.33718
2546                        Bus 2546             1.072          -0.34571
2547                        Bus 2547            1.0612          -0.38114
2548                        Bus 2548            1.0719          -0.35287
2549                        Bus 2549            1.0614          -0.32556
2550                        Bus 2550            1.0614          -0.32556
2551                        Bus 2551            1.0659          -0.63568
2552                        Bus 2552            1.1014          -0.25328
2553                        Bus 2553            1.0713          -0.54819
2554                        Bus 2554            1.0736          -0.60523
2555                        Bus 2555           0.99708          -0.61546
2556                        Bus 2556            1.0709           -0.3102
2557                        Bus 2557            1.0825          -0.29832
2558                        Bus 2558            1.0491           -0.7032
2559                        Bus 2559            1.0589          -0.68706
2560                        Bus 2560            1.0864          -0.32398
2561                        Bus 2561            1.0588          -0.68705
2562                        Bus 2562            1.0682          -0.68271
2563                        Bus 2563            1.0592          -0.36046
2564                        Bus 2564            1.0683           -0.3573
2565                        Bus 2565            1.0718          -0.67238
2566                        Bus 2566            1.0256          -0.49978
2567                        Bus 2567            1.0699          -0.68051
2568                        Bus 2568            1.0186          -0.72713
2569                        Bus 2569            1.0528          -0.65763
2570                        Bus 2570            1.0787          -0.33473
2571                        Bus 2571            1.1162          -0.24215
2572                        Bus 2572            1.0674          -0.68766
2573                        Bus 2573             1.119          -0.21787
2574                        Bus 2574            1.1175          -0.21954
2575                        Bus 2575            1.1169          -0.22012
2576                        Bus 2576            1.1176          -0.21936
2577                        Bus 2577            1.1171           -0.2199
2578                        Bus 2578            1.1163          -0.22162
2579                        Bus 2579            1.1163           -0.2216
2580                        Bus 2580            1.1196          -0.21739
2581                        Bus 2581            1.1196          -0.21729
2582                        Bus 2582            1.0675          -0.68071
2583                        Bus 2583             1.073          -0.34653
2584                        Bus 2584            1.0762          -0.30646
2585                        Bus 2585             1.067          -0.31314
2586                        Bus 2586             1.067          -0.31312
2587                        Bus 2587            1.0649          -0.64941
2588                        Bus 2588            1.0964          -0.34932
2589                        Bus 2589             1.097          -0.34893
2590                        Bus 2590            1.0777          -0.61067
2591                        Bus 2591            1.1069          -0.62642
2592                        Bus 2592            1.1149          -0.30267
2593                        Bus 2593            1.0909          -0.31546
2594                        Bus 2594            1.1061          -0.27549
2595                        Bus 2595            1.0749          -0.69028
2596                        Bus 2596            1.0715          -0.30669
2597                        Bus 2597            1.0715          -0.30669
2598                        Bus 2598            1.0819          -0.27912
2599                        Bus 2599            1.0818          -0.27966
2600                        Bus 2600            1.0742          -0.54172
2601                        Bus 2601            1.1006          -0.25742
2602                        Bus 2602            1.1019          -0.25247
2603                        Bus 2603            1.0648          -0.71002
2604                        Bus 2604            1.0849          -0.33321
2605                        Bus 2605            1.0849          -0.33321
2606                        Bus 2606            1.0956          -0.29903
2607                        Bus 2607            1.0906          -0.31558
2608                        Bus 2608            1.0809          -0.32694
2609                        Bus 2609             1.081          -0.32684
2610                        Bus 2610            1.0491          -0.67939
2611                        Bus 2611            1.0788           -0.3301
2612                        Bus 2612            1.1103          -0.30823
2613                        Bus 2613            1.1064          -0.31037
2614                        Bus 2614            1.0792          -0.32022
2615                        Bus 2615            1.0578           -0.1617
2616                        Bus 2616            1.0876          -0.32593
2617                        Bus 2617            1.0828          -0.32977
2618                        Bus 2618            1.0529           -0.5195
2619                        Bus 2619             1.053          -0.51981
2620                        Bus 2620            1.0627          -0.56553
2621                        Bus 2621            1.0242          -0.50232
2622                        Bus 2622            1.0512          -0.70051
2623                        Bus 2623            1.0417          -0.64392
2624                        Bus 2624            1.0948          -0.29826
2625                        Bus 2625            1.0847          -0.32502
2626                        Bus 2626            1.0729          -0.33908
2627                        Bus 2627            1.0762          -0.32243
2628                        Bus 2628            1.1009          -0.25699
2629                        Bus 2629            1.1009          -0.25694
2630                        Bus 2630            1.1101            -0.572
2631                        Bus 2631            1.0793          -0.32336
2632                        Bus 2632            1.1105          -0.30768
2633                        Bus 2633            1.0726          -0.33938
2634                        Bus 2634            1.1031          -0.30201
2635                        Bus 2635            1.0771          -0.30498
2636                        Bus 2636            1.0658          -0.33997
2637                        Bus 2637            1.0984          -0.46403
2638                        Bus 2638            1.1164          -0.34103
2639                        Bus 2639            1.0724           -0.3402
2640                        Bus 2640            1.0533          -0.41101
2641                        Bus 2641            1.0611          -0.38553
2642                        Bus 2642            1.0663          -0.34654
2643                        Bus 2643             1.064           -0.6186
2644                        Bus 2644            1.0743          -0.56962
2645                        Bus 2645            1.0535          -0.52113
2646                        Bus 2646            1.0824          -0.33173
2647                        Bus 2647            1.0671          -0.61702
2648                        Bus 2648            1.0584           -0.3906
2649                        Bus 2649            1.0828          -0.67807
2650                        Bus 2650            1.0623          -0.38064
2651                        Bus 2651            1.0807           -0.6765
2652                        Bus 2652             1.074          -0.61832
2653                        Bus 2653            1.0577          -0.43592
2654                        Bus 2654            1.0724          -0.35255
2655                        Bus 2655            1.0767          -0.66715
2656                        Bus 2656            1.0765          -0.30575
2657                        Bus 2657             1.087          -0.32198
2658                        Bus 2658            1.0876          -0.32599
2659                        Bus 2659            1.0376          -0.64794
2660                        Bus 2660            1.1039          -0.31224
2661                        Bus 2661            1.0962         -0.099773
2662                        Bus 2662            1.0551          -0.49556
2663                        Bus 2663            1.0082           -0.5287
2664                        Bus 2664            1.0665          -0.67694
2665                        Bus 2665           0.99581          -0.55109
2666                        Bus 2666            1.0799          -0.29964
2667                        Bus 2667            1.0799          -0.29964
2668                        Bus 2668            1.0817          -0.29429
2669                        Bus 2669            1.0816          -0.29462
2670                        Bus 2670           0.99725          -0.61508
2671                        Bus 2671           0.99721          -0.61538
2672                        Bus 2672            1.0763          -0.66757
2673                        Bus 2673            1.0754          -0.61464
2674                        Bus 2674             1.059          -0.68966
2675                        Bus 2675            1.0646          -0.50235
2676                        Bus 2676            1.0619          -0.50583
2677                        Bus 2677            1.0635          -0.50498
2678                        Bus 2678            1.1117          -0.23727
2679                        Bus 2679            1.0657          -0.37164
2680                        Bus 2680            1.0556           -0.6467
2681                        Bus 2681            1.1182          -0.23606
2682                        Bus 2682            1.0762          -0.68796
2683                        Bus 2683            1.0831          -0.30543
2684                        Bus 2684            1.0551          -0.69353
2685                        Bus 2685            1.0494          -0.44404
2686                        Bus 2686            1.0765          -0.30471
2687                        Bus 2687            1.0765          -0.30483
2688                        Bus 2688            1.0587          -0.34868
2689                        Bus 2689            1.0628          -0.34304
2690                        Bus 2690            1.0609          -0.44264
2691                        Bus 2691            1.0537          -0.45043
2692                        Bus 2692            1.0741          -0.32057
2693                        Bus 2693            1.0727          -0.67431
2694                        Bus 2694            1.0994          -0.60232
2695                        Bus 2695            1.0695          -0.65719
2696                        Bus 2696            1.1147          -0.53986
2697                        Bus 2697            1.1198          -0.52444
2698                        Bus 2698            1.1198          -0.52443
2699                        Bus 2699            1.0821          -0.63885
2700                        Bus 2700            1.0825          -0.58966
2701                        Bus 2701            1.0825           -0.5896
2702                        Bus 2702            1.1177          -0.52871
2703                        Bus 2703              1.08          -0.58202
2704                        Bus 2704            1.0757          -0.56629
2705                        Bus 2705             1.116          -0.53599
2706                        Bus 2706            1.0624          -0.63899
2707                        Bus 2707            1.0921          -0.61668
2708                        Bus 2708            1.0832          -0.57992
2709                        Bus 2709            1.0427          -0.65574
2710                        Bus 2710            1.1142           -0.5372
2711                        Bus 2711            1.1171          -0.53267
2712                        Bus 2712            1.1199          -0.53831
2713                        Bus 2713            1.1197          -0.53855
2714                        Bus 2714            1.0769          -0.60691
2715                        Bus 2715            1.0796           -0.6175
2716                        Bus 2716            1.0459          -0.63037
2717                        Bus 2717            1.0906          -0.59138
2718                        Bus 2718            1.0905          -0.59126
2719                        Bus 2719             1.104          -0.55841
2720                        Bus 2720               1.1          -0.54887
2721                        Bus 2721            1.1001          -0.54869
2722                        Bus 2722            1.0476          -0.62858
2723                        Bus 2723            1.1118          -0.55231
2724                        Bus 2724            1.0433           -0.6664
2725                        Bus 2725            1.0457          -0.66859
2726                        Bus 2726            1.0367          -0.64187
2727                        Bus 2727            1.0968          -0.59867
2728                        Bus 2728            1.0264           -0.7338
2729                        Bus 2729            1.0344          -0.64877
2730                        Bus 2730            1.0759          -0.58527
2731                        Bus 2731             1.081          -0.59412
2732                        Bus 2732            1.0873          -0.61801
2733                        Bus 2733            1.0245          -0.73702
2734                        Bus 2734            1.1044          -0.55154
2735                        Bus 2735            1.1052           -0.5219
2736                        Bus 2736            1.0876          -0.56697
2737                        Bus 2737            1.0835          -0.57345
2738                        Bus 2738            1.0835          -0.57379
2739                        Bus 2739            1.0607          -0.63716
2740                        Bus 2740            1.0608          -0.63716
2741                        Bus 2741            1.0587          -0.64276
2742                        Bus 2742            1.0587           -0.6397
2743                        Bus 2743            1.1192          -0.52885
2744                        Bus 2744            1.1192          -0.52866
2745                        Bus 2745            1.0796          -0.59964
2746                        Bus 2746            1.1001          -0.59707
2747                        Bus 2747             1.098          -0.59934
2748                        Bus 2748            1.0479          -0.60525
2749                        Bus 2749            1.1007          -0.60346
2750                        Bus 2750            1.1014          -0.59835
2751                        Bus 2751            1.0966          -0.59721
2752                        Bus 2752            1.0964          -0.61043
2753                        Bus 2753            1.0941          -0.60613
2754                        Bus 2754             1.084          -0.60309
2755                        Bus 2755             1.084          -0.60282
2756                        Bus 2756              1.09          -0.60842
2757                        Bus 2757            1.1088          -0.54558
2758                        Bus 2758            1.0725          -0.44839
2759                        Bus 2759            1.0853          -0.55584
2760                        Bus 2760            1.0967          -0.55352
2761                        Bus 2761             1.074          -0.59974
2762                        Bus 2762            1.0825          -0.60568
2763                        Bus 2763            1.0837          -0.60346
2764                        Bus 2764            1.1105          -0.55055
2765                        Bus 2765            1.1106          -0.55029
2766                        Bus 2766            1.0778          -0.64374
2767                        Bus 2767            1.0995          -0.59986
2768                        Bus 2768            1.1084           -0.5463
2769                        Bus 2769             1.115          -0.53593
2770                        Bus 2770             1.115          -0.53553
2771                        Bus 2771            1.1151          -0.53553
2772                        Bus 2772            1.0473          -0.54451
2773                        Bus 2773            1.0352          -0.64603
2774                        Bus 2774            1.0841          -0.62252
2775                        Bus 2775             1.084          -0.59668
2776                        Bus 2776            1.0946           -0.5637
2777                        Bus 2777            1.1159          -0.53764
2778                        Bus 2778             1.116          -0.53771
2779                        Bus 2779              1.12          -0.52758
2780                        Bus 2780            1.1199          -0.52763
2781                        Bus 2781            1.0801           -0.5374
2782                        Bus 2782            1.0844          -0.42357
2783                        Bus 2783            1.0951          -0.60722
2784                        Bus 2784            1.0784           -0.5948
2785                        Bus 2785            1.1036          -0.54651
2786                        Bus 2786            1.0631          -0.45308
2787                        Bus 2787            1.0631          -0.45306
2788                        Bus 2788            1.0534          -0.66725
2789                        Bus 2789            1.1105          -0.54911
2790                        Bus 2790            1.0739          -0.63858
2791                        Bus 2791            1.0926           -0.5724
2792                        Bus 2792            1.0892          -0.61308
2793                        Bus 2793            1.0722          -0.60281
2794                        Bus 2794            1.0848          -0.60159
2795                        Bus 2795            1.0932          -0.60872
2796                        Bus 2796            1.0729          -0.60124
2797                        Bus 2797            1.1086          -0.55339
2798                        Bus 2798            1.0794          -0.58203
2799                        Bus 2799            1.1079          -0.54647
2800                        Bus 2800            1.0801          -0.57868
2801                        Bus 2801            1.0797          -0.58139
2802                        Bus 2802            1.0819          -0.43908
2803                        Bus 2803            1.0495          -0.69365
2804                        Bus 2804             1.067          -0.67065
2805                        Bus 2805            1.0805          -0.43938
2806                        Bus 2806            1.0669          -0.67491
2807                        Bus 2807            1.0669          -0.67481
2808                        Bus 2808            1.0645          -0.63301
2809                        Bus 2809            1.1195          -0.52616
2810                        Bus 2810            1.0853          -0.60159
2811                        Bus 2811            1.0853          -0.60115
2812                        Bus 2812            1.0853          -0.60115
2813                        Bus 2813            1.1045          -0.55349
2814                        Bus 2814             1.084          -0.60259
2815                        Bus 2815             1.079          -0.58295
2816                        Bus 2816            1.1035          -0.55695
2817                        Bus 2817            1.0939          -0.48429
2818                        Bus 2818            1.1086          -0.55158
2819                        Bus 2819            1.1064          -0.48576
2820                        Bus 2820            1.0822          -0.60102
2821                        Bus 2821            1.0745          -0.57914
2822                        Bus 2822            1.0744          -0.57891
2823                        Bus 2823            1.0834           -0.6092
2824                        Bus 2824            1.0945          -0.54768
2825                        Bus 2825            1.0993          -0.59808
2826                        Bus 2826            1.0992          -0.59821
2827                        Bus 2827            1.0791          -0.64226
2828                        Bus 2828             1.106          -0.54793
2829                        Bus 2829            1.0852           -0.5985
2830                        Bus 2830            1.0801          -0.43823
2831                        Bus 2831              1.08          -0.43822
2832                        Bus 2832            1.0638           -0.6331
2833                        Bus 2833            1.0855          -0.60392
2834                        Bus 2834            1.0963          -0.60603
2835                        Bus 2835            1.0962          -0.60628
2836                        Bus 2836            1.0828          -0.59994
2837                        Bus 2837             1.085          -0.61921
2838                        Bus 2838            1.0666          -0.63859
2839                        Bus 2839            1.1094           -0.5448
2840                        Bus 2840            1.0856          -0.44543
2841                        Bus 2841            1.0991          -0.59837
2842                        Bus 2842            1.0687          -0.67103
2843                        Bus 2843            1.0742          -0.63041
2844                        Bus 2844            1.0763          -0.44353
2845                        Bus 2845             1.111          -0.56162
2846                        Bus 2846            1.0749          -0.57909
2847                        Bus 2847            1.0786          -0.59548
2848                        Bus 2848            1.0672          -0.63049
2849                        Bus 2849            1.1149          -0.53165
2850                        Bus 2850            1.0786          -0.43611
2851                        Bus 2851            1.0873          -0.59218
2852                        Bus 2852            1.0862          -0.59914
2853                        Bus 2853            1.0951          -0.61486
2854                        Bus 2854            1.0963          -0.59977
2855                        Bus 2855            1.0962           -0.6001
2856                        Bus 2856              1.05          -0.60626
2857                        Bus 2857            1.0994          -0.60218
2858                        Bus 2858            1.0994          -0.60226
2859                        Bus 2859            1.0825           -0.5923
2860                        Bus 2860             1.101          -0.59867
2861                        Bus 2861            1.0934          -0.61054
2862                        Bus 2862            1.0839          -0.54805
2863                        Bus 2863            1.0983          -0.60341
2864                        Bus 2864            1.0831          -0.61252
2865                        Bus 2865            1.0758          -0.63035
2866                        Bus 2866            1.0792          -0.60673
2867                        Bus 2867            1.1156          -0.54763
2868                        Bus 2868            1.0945          -0.60909
2869                        Bus 2869            1.0944          -0.60936
2870                        Bus 2870            1.0963          -0.60603
2871                        Bus 2871            1.0962          -0.60628
2872                        Bus 2872            1.0804          -0.43333
2873                        Bus 2873            1.0804          -0.43318
2874                        Bus 2874            1.0987          -0.60333
2875                        Bus 2875            1.0885          -0.58723
2876                        Bus 2876            1.0858          -0.57169
2877                        Bus 2877            1.0936          -0.43267
2878                        Bus 2878            1.0601          -0.64486
2879                        Bus 2879            1.0602          -0.64478
2880                        Bus 2880            1.0831          -0.61714
2881                        Bus 2881            1.0914          -0.60582
2882                        Bus 2882            1.0942           -0.6163
2883                        Bus 2883            1.0613          -0.63847
2884                        Bus 2884            1.0779          -0.64091
2885                        Bus 2885               1.1          -0.60273
2886                        Bus 2886            1.0969          -0.61107
2887                        Bus 2887               1.1          -0.56111
2888                        Bus 2888               1.1          -0.56109
2889                        Bus 2889             1.076           -0.4489
2890                        Bus 2890            1.0687          -0.63647
2891                        Bus 2891            1.1017          -0.56615
2892                        Bus 2892             1.084          -0.56684
2893                        Bus 2893             1.092          -0.61345
2894                        Bus 2894            1.1128           -0.5582
2895                        Bus 2895            1.1041          -0.55481
2896                        Bus 2896            1.0789          -0.43765
2897                        Bus 2897            1.0994          -0.59772
2898                        Bus 2898            1.0975          -0.59997
2899                        Bus 2899            1.0616          -0.63664
2900                        Bus 2900            1.0826           -0.6061
2901                        Bus 2901            1.0832          -0.58243
2902                        Bus 2902            1.0656          -0.67708
2903                        Bus 2903            1.1199          -0.52763
2904                        Bus 2904            1.1057           -0.5542
2905                        Bus 2905            1.0876          -0.58896
2906                        Bus 2906            1.0887          -0.58314
2907                        Bus 2907            1.1148           -0.5352
2908                        Bus 2908            1.0963          -0.59757
2909                        Bus 2909            1.0796          -0.57619
2910                        Bus 2910            1.1118          -0.54162
2911                        Bus 2911            1.0785          -0.44297
2912                        Bus 2912            1.0785          -0.44279
2913                        Bus 2913            1.1163          -0.52945
2914                        Bus 2914            1.0498          -0.69335
2915                        Bus 2915            1.0499          -0.69318
2916                        Bus 2916            1.0522          -0.68785
2917                        Bus 2917            1.0756          -0.65026
2918                        Bus 2918             1.083          -0.58984
2919                        Bus 2919            1.0829          -0.58946
2920                        Bus 2920            1.0833          -0.58299
2921                        Bus 2921             1.079          -0.58333
2922                        Bus 2922            1.0412          -0.70756
2923                        Bus 2923            1.0458          -0.67676
2924                        Bus 2924            1.0544           -0.6672
2925                        Bus 2925            1.0803          -0.58101
2926                        Bus 2926            1.0789          -0.58946
2927                        Bus 2927            1.0869           -0.5706
2928                        Bus 2928            1.0869          -0.57114
2929                        Bus 2929            1.0818          -0.58866
2930                        Bus 2930            1.0819          -0.58864
2931                        Bus 2931            1.1083          -0.54666
2932                        Bus 2932            1.0935          -0.61768
2933                        Bus 2933            1.0936          -0.61243
2934                        Bus 2934            1.0575          -0.66185
2935                        Bus 2935            1.0575          -0.66185
2936                        Bus 2936             1.082           -0.5872
2937                        Bus 2937            1.0928          -0.61105
2938                        Bus 2938            1.0722          -0.62032
2939                        Bus 2939            1.0838          -0.60322
2940                        Bus 2940            1.1003          -0.38104
2941                        Bus 2941            1.0827          -0.61466
2942                        Bus 2942            1.0872          -0.58698
2943                        Bus 2943            1.1132          -0.55851
2944                        Bus 2944            1.1112          -0.54157
2945                        Bus 2945            1.1095          -0.55454
2946                        Bus 2946             1.084          -0.61872
2947                        Bus 2947            1.1104          -0.55062
2948                        Bus 2948            1.1106          -0.55027
2949                        Bus 2949            1.0842          -0.60272
2950                        Bus 2950            1.1048          -0.55338
2951                        Bus 2951            1.1072           -0.5543
2952                        Bus 2952            1.1071           -0.5538
2953                        Bus 2953            1.1073          -0.55359
2954                        Bus 2954            1.1006          -0.56103
2955                        Bus 2955             1.098          -0.55944
2956                        Bus 2956            1.0804          -0.45096
2957                        Bus 2957            1.1066          -0.55488
2958                        Bus 2958            1.0616          -0.60782
2959                        Bus 2959            1.0901          -0.54954
2960                        Bus 2960            1.1019          -0.56035
2961                        Bus 2961            1.0848          -0.57366
2962                        Bus 2962            1.0768          -0.59099
2963                        Bus 2963            1.1019          -0.55267
2964                        Bus 2964            1.0845          -0.56202
2965                        Bus 2965            1.0812          -0.57327
2966                        Bus 2966            1.0777           -0.5722
2967                        Bus 2967             1.085          -0.61194
2968                        Bus 2968            1.1111          -0.52237
2969                        Bus 2969             1.111          -0.52242
2970                        Bus 2970            1.0973          -0.56809
2971                        Bus 2971            1.1035          -0.52537
2972                        Bus 2972            1.1073          -0.51893
2973                        Bus 2973            1.1072          -0.51907
2974                        Bus 2974            1.1046          -0.52609
2975                        Bus 2975            1.0939          -0.61663
2976                        Bus 2976            1.0924          -0.61624
2977                        Bus 2977            1.0858          -0.57167
2978                        Bus 2978            1.0939          -0.61659
2979                        Bus 2979            1.1193          -0.52545
2980                        Bus 2980            1.1193          -0.52565
2981                        Bus 2981            1.1197          -0.52454
2982                        Bus 2982            1.1005          -0.59993
2983                        Bus 2983            1.0997          -0.60528
2984                        Bus 2984            1.1087          -0.52424
2985                        Bus 2985            1.1086          -0.52447
2986                        Bus 2986            1.0265           -0.7336
2987                        Bus 2987            1.0591          -0.63875
2988                        Bus 2988            1.0652          -0.45078
2989                        Bus 2989            1.0844          -0.54708
2990                        Bus 2990            1.0843           -0.5468
2991                        Bus 2991            1.0958          -0.57073
2992                        Bus 2992            1.0959          -0.57055
2993                        Bus 2993             1.106          -0.52163
2994                        Bus 2994            1.0951          -0.59447
2995                        Bus 2995            1.0951          -0.59482
2996                        Bus 2996            1.0919          -0.60397
2997                        Bus 2997            1.0786          -0.10735
2998                        Bus 2998            1.0787          -0.10724
2999                        Bus 2999            1.0774          -0.10885
3000                        Bus 3000            1.0774          -0.10882
3001                        Bus 3001            1.0308          -0.34057
3002                        Bus 3002            1.0292          -0.34493
3003                        Bus 3003            1.0587          -0.13572
3004                        Bus 3004            1.0495          -0.14695
3005                        Bus 3005            1.0714          -0.62062
3006                        Bus 3006            1.0453          -0.18262
3007                        Bus 3007            1.0887          -0.12677
3008                        Bus 3008            1.0322          -0.17133
3010                        Bus 3010              1.05           -0.1515
3011                        Bus 3011              1.11          -0.58802
3012                        Bus 3012            1.0302          -0.30253
3013                        Bus 3013            1.1069          -0.55487

LINE DATA:
                           Line Name     Fr. Bus (idx)      To Bus (idx)       P From (pu)       Q From (pu)         P To (pu)         Q To (pu)

Line_1                     Line 9-11                 9                11           -3.0326          -0.96278            3.0392            1.2782
Line_2                    Line 13-12                13                12           -2.0441          -0.23615            2.0469           0.39941
Line_3                    Line 21-19                21                19           -3.1372           0.24034            3.1455           0.30075
Line_4                    Line 36-35                36                35           -1.5826           -0.2054            1.5844           0.29716
Line_5                    Line 37-40                37                40           0.38152          -0.36444          -0.38143           0.37094
Line_6                    Line 38-41                38                41            1.1509           -1.0559           -1.1501            1.1148
Line_7                    Line 55-56                55                56           0.14364          -0.66894          -0.14348           0.67834
Line_8                    Line 59-61                59                61           -1.7111          -0.45014             1.712           0.51086
Line_9                    Line 70-72                70                72           0.20463            -0.825          -0.20407           0.84587
Line_10                 Line 107-109               107               109            -1.097          -0.36478            1.0979           0.40442
Line_11                 Line 108-110               108               110            -1.057           -0.5853            1.0575           0.62024
Line_12                 Line 144-147               144               147            2.0988          -0.29893           -2.0966           0.43788
Line_13                 Line 173-174               173               174           -1.7441           0.20837             1.746          -0.12135
Line_14                 Line 182-183               182               183           -0.5337          -0.71638           0.53387           0.73358
Line_15                 Line 181-184               181               184          -0.55106          -0.71456           0.55124            0.7321
Line_16                 Line 188-187               188               187           -2.2855          -0.51308            2.2874           0.76456
Line_17                 Line 191-193               191               193           -4.2516           -1.6994            4.2582            2.2997
Line_18                 Line 198-200               198               200            1.1345           -1.1753           -1.1335            1.2454
Line_19                 Line 212-213               212               213          -0.72735          -0.95143           0.72808           0.99044
Line_20                 Line 217-215               217               215           -1.4143           0.17951            1.4159         -0.048026
Line_21                 Line 220-222               220               222              -1.7           -1.1774            1.7015            1.3004
Line_22                 Line 224-222               224               222           -2.2166           0.64804            2.2182          -0.41437
Line_23                 Line 231-229               231               229           -1.1049           0.48118            1.1064          -0.40679
Line_24                 Line 228-230               228               230          -0.17889          -0.51529           0.17911           0.53087
Line_25                Line 3010-183              3010               183        -0.0048604           0.14856         0.0048708          -0.24964
Line_26                Line 3010-184              3010               184         0.0048604           0.15069        -0.0048491          -0.25564
Line_27                  Line 244-84               244                84               2.2           0.10137           -2.1417          0.082256
Line_28                 Line 3007-92              3007                92          -0.79065           0.31314           0.79875          -0.40599
Line_29                Line 3007-122              3007               122           -1.6723         -0.031398            1.7007          0.055168
Line_30                Line 146-3008               146              3008            6.0953          -0.15674           -6.0375           0.15568
Line_31                Line 3011-172              3011               172       -0.00044737           0.37207        0.00068333          -0.42927
Line_32                Line 3011-173              3011               173        0.00044737             0.376       -0.00020677          -0.43316
Line_33                 Line 3012-63              3012                63            -2.948          -0.66494            2.9665            0.1048
Line_34                 Line 3012-64              3012                64           -2.9471            -0.665            2.9655           0.10475
Line_35                 Line 99-3006                99              3006            3.5877          -0.53109           -3.5535          -0.16004
Line_36                   Line 58-30                58                30            2.2421           0.61965           -2.1888          -0.44703
Line_37                  Line 37-107                37               107            1.1899          -0.02901           -1.1794         -0.022563
Line_38                  Line 38-108                38               108            1.7559         -0.051166           -1.7354          0.075549
Line_39                  Line 169-42               169                42           0.37351           0.26779          -0.36936          -0.45584
Line_40                  Line 155-48               155                48            -1.089           0.65604            1.1076          -0.67808
Line_41                  Line 154-27               154                27           -3.0307           0.92603            3.1222          -0.63131
Line_42                  Line 191-28               191                28           0.53615           0.28015          -0.53091          -0.42227
Line_43                  Line 55-126                55               126           -1.2945           0.27446            1.3166          -0.29169
Line_44                  Line 54-108                54               108           -1.7418           0.29048             1.771          -0.22849
Line_45                 Line 207-100               207               100           -2.0495           0.12734            2.0706         -0.091343
Line_46                 Line 238-192               238               192           -2.5773          -0.21854            2.6473           0.51091
Line_47                 Line 226-191               226               191           -1.8653          0.048857            1.9185          0.084657
Line_48                 Line 225-192               225               192           -1.9134        -0.0050133            1.9593              0.14
Line_49                 Line 242-195               242               195           0.42268           0.44415          -0.41662          -0.56169
Line_50                   Line 59-16                59                16             2.282           0.53376             -2.22          -0.35148
Line_51                  Line 233-25               233                25           -1.0302           -0.2451             1.044           0.16455
Line_52                  Line 117-70               117                70           0.30859          -0.42938          -0.30787           0.31534
Line_53                  Line 190-99               190                99           -6.5348          -0.75776            6.6148            1.0033
Line_54                   Line 60-12                60                12            6.1004            1.1395           -6.0473             -1.04
Line_55                 Line 214-174               214               174          -0.25538           -0.5933           0.25559          -0.39833
Line_56                  Line 138-72               138                72           -1.1106          0.052521            1.1127          -0.61688
Line_57                  Line 41-110                41               110            2.1539          -0.11867           -2.1481          -0.29283
Line_58                  Line 40-141                40               141            3.9679          -0.65548           -3.9342           0.22009
Line_59                  Line 34-222                34               222            6.5285          0.072702           -6.4387           0.28091
Line_60                  Line 138-80               138                80           0.17167           -0.4162           -0.1716          -0.11188
Line_61                  Line 140-80               140                80            1.9472          -0.89964            -1.931          -0.55729
Line_62                   Line 99-44                99                44           -1.3334          -0.36879            1.3392          -0.62911
Line_63                  Line 109-40               109                40           -1.5953          -0.34359            1.5999          -0.22787
Line_64                  Line 63-139                63               139           -3.3344          -0.07926            3.3491          -0.33356
Line_65                    Line 14-6                14                 6           -2.4639           0.18127            2.5373           0.21362
Line_66                   Line 43-14                43                14          -0.67033          -0.23131           0.67274           0.18387
Line_67                    Line 33-6                33                 6            2.0287          0.047135           -2.0126         0.0091891
Line_68                    Line 24-9                24                 9           -1.2791           0.11476               1.3          -0.15697
Line_69                   Line 29-16                29                16          -0.41781         -0.048018           0.41986         -0.092196
Line_70                    Line 37-7                37                 7            2.7898           0.36505           -2.7301          -0.13087
Line_71                    Line 24-3                24                 3            1.4502           0.08778            -1.431         -0.085568
Line_72                   Line 37-27                37                27            2.9816            0.3608           -2.9387          -0.15112
Line_73                   Line 39-26                39                26            3.5216           0.34395            -3.462         -0.019939
Line_74                    Line 15-8                15                 8         -0.066613            -1.216          0.073801            1.1979
Line_75                   Line 46-14                46                14             -1.12          -0.41708            1.1212           0.41368
Line_76                   Line 31-15                31                15           0.36158          -0.12146          -0.36101          0.075861
Line_77                    Line 47-7                47                 7            -1.824          -0.25057            1.8388           0.28331
Line_78                    Line 26-6                26                 6            1.2897           0.39242           -1.2853          -0.39521
Line_79                    Line 37-1                37                 1           0.87069           0.27587          -0.86988          -0.28838
Line_80                    Line 39-2                39                 2           0.71308           0.16306          -0.71256          -0.17778
Line_81                   Line 38-32                38                32            3.2121            0.6256           -3.1773          -0.43045
Line_82                   Line 34-12                34                12           -1.1494          -0.61228            1.1532          -0.32573
Line_83                   Line 40-34                40                34            7.1338           0.50926           -6.9636           0.24227
Line_84                   Line 20-41                20                41           -5.6226         -0.036307            5.7261          0.061026
Line_85                   Line 11-22                11                22            2.2784          -0.28291           -2.2642          -0.48125
Line_86                   Line 11-20                11                20           -2.4706         -0.029507             2.477          -0.26501
Line_87                   Line 44-41                44                41           -3.6744           0.54402             3.684           -0.6991
Line_88                   Line 79-74                79                74          0.012316         -0.079465          -0.01231         -0.032702
Line_89                   Line 76-71                76                71          -0.29722          -0.21413           0.29806          0.095231
Line_90                   Line 83-49                83                49           0.35027          0.011681          -0.34906          -0.12472
Line_91                   Line 66-49                66                49          -0.11965          -0.27993           0.12022           0.15584
Line_92                   Line 74-57                74                57          -0.54211         -0.047814           0.54343         -0.023806
Line_93                   Line 75-59                75                59          -0.54229         -0.048058           0.54361         -0.023553
Line_94                   Line 75-49                75                49            0.4282          0.032051          -0.42717           -0.1118
Line_95                   Line 84-67                84                67            1.1746            -0.102            -1.171          0.090173
Line_96                   Line 67-53                67                53           0.68579        -0.0018289          -0.68295         -0.070771
Line_97                   Line 51-70                51                70           -1.0823         -0.082191            1.0855          0.052654
Line_98                   Line 52-50                52                50           0.60756           0.10646            -0.605          -0.19562
Line_99                   Line 71-52                71                52           0.67083         0.0052137          -0.66878         -0.069666
Line_100                  Line 83-51                83                51          -0.62645         -0.039485           0.62792          -0.01224
Line_101                  Line 83-82                83                82           0.27619          0.027804           -0.2761         -0.043354
Line_102                  Line 78-57                78                57          -0.44437         -0.087894           0.44539         0.0026118
Line_103                  Line 79-58                79                58          -0.44589         -0.086797           0.44692         0.0015604
Line_104                  Line 78-54                78                54          -0.74898          0.069191           0.75481          -0.15129
Line_105                  Line 77-55                77                55           -1.0551         -0.046819            1.0574          0.030011
Line_106                  Line 62-54                62                54           -1.0458          -0.22773            1.0482           0.21526
Line_107                  Line 65-61                65                61           -1.5097          -0.25937            1.5133          -0.28691
Line_108                  Line 73-69                73                69           0.53835           -0.4238          -0.53798          0.058591
Line_109                  Line 56-72                56                72           0.14348          -0.67834          -0.14325         -0.060101
Line_110                  Line 80-73                80                73           -2.1693           0.69713            2.1745          -0.95064
Line_111                  Line 64-81                64                81           -3.1715            -0.242            3.1825         -0.028635
Line_112                  Line 68-60                68                60           -1.0997           -0.4197            1.1018          -0.19074
Line_113                Line 113-144               113               144           -1.5581          -0.70836            1.5701            0.7197
Line_114                 Line 91-124                91               124           -0.2616         -0.012494           0.26222         -0.088064
Line_115                Line 124-111               124               111         -0.058213           0.24192          0.058321          -0.26853
Line_116                 Line 95-150                95               150           0.28821         -0.033188          -0.28808         0.0057742
Line_117                Line 150-102               150               102           0.29515          0.026218          -0.29498         -0.060022
Line_118                Line 123-150               123               150         0.0070722        -0.0074708        -0.0070718         -0.031992
Line_119                Line 151-149               151               149            1.6621            0.5267           -1.6604           -0.5233
Line_120                Line 123-151               123               151            1.0815           0.15926           -1.0762          -0.19287
Line_121                Line 108-151               108               151           0.58619           0.32531          -0.58588          -0.33383
Line_122                Line 117-137               117               137           -1.1175           0.20596            1.1351          -0.24881
Line_123                 Line 97-130                97               130           0.10738          0.074883          -0.10734          -0.10553
Line_124                Line 134-118               134               118            1.1665         -0.088612           -1.1468          0.019786
Line_125                 Line 145-90               145                90           0.62159          -0.11201          -0.61971          0.036145
Line_126                Line 125-107               125               107          -0.63019         -0.099805            0.6315          0.055096
Line_127                 Line 136-95               136                95           -1.3182          -0.19885            1.3303           0.18728
Line_128                 Line 137-94               137                94           -1.0906          -0.22067            1.0989           0.18997
Line_129                  Line 95-92                95                92            1.5763           0.80784           -1.5628          -0.77834
Line_130                  Line 94-89                94                89            1.3422            0.5098           -1.3386          -0.51367
Line_131                 Line 131-94               131                94          -0.86421          -0.43856           0.86774            0.4038
Line_132                 Line 120-88               120                88           -0.5707          -0.55097            0.5763           0.45126
Line_133                Line 127-135               127               135           -1.2133          -0.58686            1.2224           0.56179
Line_134                 Line 108-85               108                85            1.1286           0.41917           -1.1261          -0.42847
Line_135                Line 103-107               103               107          -0.95037          -0.33672           0.95151           0.32592
Line_136                Line 148-104               148               104          -0.49911          -0.26437           0.49926           0.25727
Line_137                 Line 152-92               152                92        7.1054e-15                 0        2.2336e-08         -0.011017
Line_138                 Line 153-93               153                93                 0       -2.8422e-14        2.2046e-08         -0.010943
Line_139                 Line 119-93               119                93          -0.76121           -1.2078           0.76405            1.2059
Line_140                Line 144-121               144               121           0.38847         -0.080325          -0.38808          0.035729
Line_141                Line 145-128               145               128           0.96162           0.57137          -0.95685          -0.60517
Line_142                Line 121-101               121               101           0.62123          0.068985          -0.62077         -0.086925
Line_143                Line 122-112               122               112          0.003666          0.099918        -0.0036151          -0.15505
Line_144                 Line 129-96               129                96            0.1851          -0.24856          -0.18458           0.17501
Line_145                 Line 106-94               106                94           0.12335          -0.21597          -0.12316           0.15763
Line_146                Line 135-125               135               125            1.1356           0.15808           -1.1292          -0.18374
Line_147                Line 126-116               126               116           -1.2233         -0.062172            1.2272          0.049266
Line_148                 Line 134-95               134                95           -1.7824          0.051291            1.7872         -0.046156
Line_149                Line 123-105               123               105           0.28601           0.60635          -0.28537          -0.62022
Line_150                 Line 115-95               115                95           -1.3408          -0.23182             1.346           0.22007
Line_151                 Line 135-94               135                94          -0.98156          0.026489             0.983         -0.044073
Line_152                Line 100-114               100               114           -1.2922          -0.36891            1.3012           0.35882
Line_153                Line 143-136               143               136          -0.92411          -0.55023           0.92861           0.53179
Line_154                Line 142-127               142               127          -0.42072          -0.15223           0.42109           0.12881
Line_155                 Line 117-87               117                87          0.081804        -0.0086709           -0.0818                 0
Line_156                 Line 118-86               118                86          0.093506        -0.0086384           -0.0935       -8.5265e-14
Line_157                Line 110-146               110               146             1.588          -0.38826           -1.5824          -0.38322
Line_158                 Line 99-147                99               147         -0.065052          0.071707          0.065443          -0.80678
Line_159                Line 140-132               140               132          -0.89971           0.78051           0.90111           -1.0815
Line_160                Line 141-139               141               139            2.8337           -0.5994            -2.811          -0.23106
Line_161                Line 132-147               132               147           -1.6844           0.16682            1.6869          -0.45547
Line_162                Line 202-181               202               181           -2.7255          -0.51546            2.8023            1.0502
Line_163                Line 203-180               203               180            -2.726          -0.51535            2.8029            1.0503
Line_164                Line 205-180               205               180           -1.3203          -0.39007             1.344           0.36554
Line_165                Line 206-181               206               181           -1.3213           -0.3896            1.3451           0.36525
Line_166                Line 158-206               158               206           -1.1044          -0.10124            1.1101          0.079384
Line_167                Line 158-168               158               168           0.71279         0.0056497          -0.71241          -0.01328
Line_168                Line 192-163               192               163            2.4901           0.55606           -2.4279           -0.2423
Line_169                Line 159-182               159               182           -1.8223          -0.44153            1.8401           0.49403
Line_170                Line 199-202               199               202           -1.3099           0.25848            1.3404            -0.234
Line_171                Line 176-203               176               203           -1.7492         -0.037248            1.7782           0.13537
Line_172                Line 179-181               179               181           -3.0106         -0.013738            3.1134           0.60025
Line_173                Line 156-160               156               160          -0.93667          -0.37585           0.94119           0.34129
Line_174                Line 172-166               172               166          -0.54937           0.46854           0.55456          -0.57303
Line_175                Line 178-209               178               209          0.057516           0.70524         -0.053526          -0.76733
Line_176                Line 178-208               178               208           -1.8399          -0.95513            1.8486           0.99148
Line_177                Line 199-170               199               170           -2.0188         -0.097804            2.0913           0.36431
Line_178                Line 204-198               204               198           -1.0389          -0.54954            1.0421           0.54754
Line_179                Line 198-163               198               163          -0.84175          -0.11569            0.8442          0.090782
Line_180                Line 199-194               199               194            1.2805          -0.13255             -1.26           0.13365
Line_181                Line 198-177               198               177          -0.63241           0.56393           0.63933          -0.61218
Line_182                Line 170-154               170               154           -2.8412           0.41329            2.8906          -0.21284
Line_183                Line 169-155               169               155             -3.35           0.32676            3.3924         -0.074943
Line_184                Line 191-170               191               170          -0.70153           0.74568           0.70207          -0.74902
Line_185                Line 192-169               192               169           -1.0397           0.70309            1.0405          -0.70486
Line_186                Line 179-166               179               166            2.0111          -0.50763           -1.9703           0.66992
Line_187                Line 185-172               185               172            -1.356          -0.55156            1.3645           0.55081
Line_188                Line 173-164               173               164              1.18           0.55476           -1.1719          -0.58083
Line_189                Line 196-164               196               164          -0.24103         -0.056867           0.24109          0.042665
Line_190                Line 197-185               197               185           -0.0303          -0.13407          0.030347          0.026137
Line_191                Line 206-157               206               157           0.56576         -0.074217          -0.56513          0.050104
Line_192                Line 207-205               207               205           0.82052          -0.36338          -0.81684           0.32239
Line_193                Line 210-202               210               202           -1.3506          -0.36009            1.3552           0.36618
Line_194                Line 183-161               183               161            2.7737           0.46236           -2.7527          -0.99971
Line_195                Line 189-162               189               162           0.97469          -0.43256          -0.97307         -0.025004
Line_196                Line 187-190               187               190           -2.2874          -0.76456            2.2948            0.4201
Line_197                Line 200-175               200               175          -0.43021           -1.7866           0.43674            0.6705
Line_198                Line 218-225               218               225          -0.79411          -0.11199            0.8106          -0.01799
Line_199                Line 232-238               232               238          -0.46408          0.088464           0.47067          -0.33347
Line_200                Line 219-243               219               243         0.0033654          -0.49812       -0.00028949           0.33376
Line_201                Line 221-226               221               226          -0.33845          0.048106           0.33936           -0.1532
Line_202                Line 225-211               225               211           0.81614           0.28714          -0.81485          -0.33055
Line_203                Line 237-239               237               239          -0.66347        -0.0035614           0.66655         -0.072495
Line_204                Line 220-236               220               236           0.58362           0.53398          -0.58031           -0.5758
Line_205                Line 233-228               233               228          -0.17832          -0.53932           0.17889           0.51529
Line_206                Line 243-212               243               212          -0.72035          -0.98441           0.72735           0.95143
Line_207                Line 235-213               235               213           0.96423         -0.014473          -0.96305          -0.41161
Line_208                Line 215-222               215               222           -2.5034           0.62396             2.519           -1.1669
Line_209                Line 229-216               229               216           -1.2855           -0.1241            1.2894          -0.62257
Line_210                Line 240-234               240               234            1.9515            -1.187           -1.9448           0.76913
Line_211                Line 215-240               215               240          -0.81053         -0.080383           0.81139          -0.34784
Line_212                Line 216-241               216               241          -0.82165         -0.078588           0.82254          -0.34933
Line_213                  Line 486-1               486                 1           -0.8688          -0.24305           0.86988           0.28838
Line_214                  Line 487-2               487                 2          -0.71187          -0.14873           0.71256           0.17778
Line_215                Line 310-308               310               308            1.6184           0.11589           -1.6162         -0.011324
Line_216                 Line 310-41               310                41            1.7432            1.2985           -1.7401           -1.1525
Line_217                  Line 313-4               313                 4          -0.87254          -0.17822           0.87373           0.22652
Line_218                    Line 5-3                 5                 3          -0.55704            0.1646           0.55724           -0.1411
Line_219                  Line 314-5               314                 5          -0.55681          -0.33592           0.55707           0.33128
Line_220                  Line 315-5               315                 5        2.0903e-16           0.53136       -2.5436e-05          -0.49587
Line_221                  Line 347-6               347                 6          -0.73626         0.0062184           0.73704          0.026253
Line_222                  Line 348-7               348                 7          -0.91371          0.056272            0.9149        -0.0062958
Line_223                   Line 10-8                10                 8          -0.95998           0.33037           0.96064          -0.26744
Line_224                 Line 425-10               425                10           -0.9594          -0.19952           0.96004           0.19396
Line_225                 Line 427-10               427                10       -5.2042e-17           0.55937       -5.3557e-05          -0.52433
Line_226                  Line 426-8               426                 8          -0.69735           -0.1584           0.69808           0.18858
Line_227                 Line 426-13               426                13           -2.0413          -0.12484            2.0441           0.23615
Line_228                 Line 428-13               428                13        2.4869e-14       -5.4001e-13       -2.4869e-14        5.4001e-13
Line_229                  Line 17-14                17                14           -1.0593         -0.099764              1.06           0.18382
Line_230                 Line 439-17               439                17           -1.0588           -0.2593            1.0594           0.24427
Line_231                 Line 442-17               442                17        3.3307e-16           0.14766       -9.1703e-05          -0.14451
Line_232                  Line 18-15                18                15          -0.92411          -0.10884           0.92462           0.17642
Line_233                 Line 440-18               440                18          -0.92359          -0.26697           0.92413            0.2536
Line_234                 Line 443-18               443                18       -1.3878e-17           0.14828       -1.1043e-05          -0.14476
Line_235                 Line 441-16               441                16          -0.91154          -0.38021            0.9131           0.44444
Line_236                 Line 450-21               450                21           -3.1362           0.19654            3.1372          -0.24034
Line_237                 Line 452-21               452                21        4.4409e-16        5.3291e-15       -3.3307e-16       -7.1054e-15
Line_238                 Line 459-22               459                22           -2.2597          -0.18761            2.2642           0.48125
Line_239                 Line 479-24               479                24          -0.82133          -0.13786           0.82207           0.17884
Line_240                 Line 478-25               478                25           -0.2117           0.30856           0.21184          -0.30072
Line_241                 Line 484-26               484                26          -0.97116          -0.29567           0.97266           0.35871
Line_242                 Line 485-27               485                27           -1.0145         0.0097992             1.016          0.050886
Line_243                 Line 491-28               491                28          -0.70741          -0.12611           0.70817           0.15831
Line_244                 Line 492-29               492                29          -0.24033          -0.30248           0.24055           0.31197
Line_245                 Line 498-30               498                30           -1.0105          -0.18887            1.0122           0.25818
Line_246                 Line 499-31               499                31          -0.81388          -0.26172           0.81504           0.31003
Line_247                 Line 500-32               500                32          -0.82694         -0.096829           0.82789           0.13755
Line_248                 Line 501-33               501                33          -0.32044          -0.23522           0.32066           0.24477
Line_249                 Line 509-36               509                36            -1.581           -0.1476            1.5826            0.2054
Line_250                 Line 511-36               511                36        4.9294e-14       -1.3927e-12        -4.885e-14        1.3785e-12
Line_251                 Line 571-43               571                43           -1.0373          -0.58759            1.0397           0.68708
Line_252                 Line 601-44               601                44           -1.1798          0.080672            1.1815          0.013408
Line_253                 Line 602-45               602                45            -1.152          0.019024            1.1537           0.07161
Line_254                 Line 682-46               682                46           -1.1178          -0.32581              1.12           0.41708
Line_255                 Line 737-47               737                47          -0.16354          -0.47927           0.16394           0.49604
Line_256                 Line 738-48               738                48          -0.55162          -0.40188           0.55235           0.43209
Line_257                 Line 756-49               756                49          -0.65551         -0.056246           0.65602          0.080679
Line_258                 Line 761-50               761                50          -0.60448          -0.17282             0.605           0.19562
Line_259                 Line 785-52               785                52          -0.51526         -0.040348            0.5156          0.057603
Line_260                 Line 789-53               789                53          -0.68234         -0.043642           0.68295          0.070771
Line_261                 Line 846-57               846                57          -0.93224          -0.05713           0.93338           0.10639
Line_262                 Line 849-62               849                62           -1.0443          -0.16124            1.0458           0.22773
Line_263                 Line 851-64               851                64          -0.57356         -0.092744           0.57398            0.1117
Line_264                 Line 882-65               882                65           -1.5069          -0.13001            1.5097           0.25937
Line_265                 Line 903-66               903                66          -0.60446          -0.16884           0.60488           0.19154
Line_266                 Line 923-69               923                69           -1.2052         0.0091475            1.2071          0.074248
Line_267                 Line 927-68               927                68           -0.4303          -0.27219           0.43064           0.28684
Line_268                 Line 935-71               935                71          -0.36744          -0.24376           0.36768            0.2549
Line_269                 Line 955-76               955                76          -0.67201          -0.15522           0.67268            0.1826
Line_270                 Line 954-77               954                77          -0.67902         -0.051946           0.67963          0.078321
Line_271                 Line 967-78               967                78          -0.81592         -0.089136           0.81685           0.12763
Line_272                 Line 966-79               966                79          -0.80929           -0.0199           0.81007          0.057305
Line_273                 Line 976-80               976                80          -0.55181          0.016871           0.55219       -5.4269e-05
Line_274                 Line 977-81               977                81          -0.53675           0.01634           0.53711       -2.2244e-05
Line_275                Line 1008-82              1008                82          -0.27599         -0.038993            0.2761          0.043354
Line_276                Line 1042-84              1042                84          -0.96576          0.034506           0.96705          0.019749
Line_277                Line 1065-85              1065                85           -1.1246          -0.34531            1.1261           0.42847
Line_278                Line 1094-88              1094                88          -0.76157         -0.024189           0.76225          0.062055
Line_279                Line 1111-90              1111                90          -0.39853         -0.071004           0.39892          0.088466
Line_280                Line 1112-91              1112                91          -0.48211           0.13256           0.48239          -0.11213
Line_281                Line 1214-98              1214                98           0.65981           0.57089          -0.65882          -0.51927
Line_282                Line 1215-98              1215                98           0.83875           0.53433          -0.83745          -0.47016
Line_283               Line 1307-100              1307               100           0.36993          -0.28243          -0.36961           0.29927
Line_284               Line 1308-100              1308               100           0.40908          -0.14602          -0.40881           0.16099
Line_285               Line 1331-101              1331               101           -0.8967        -0.0012581           0.89768          0.048779
Line_286               Line 1330-102              1330               102         -0.018057          -0.09456          0.018069          0.098155
Line_287               Line 1408-105              1408               105           -0.0302          -0.29298          0.030305           0.30094
Line_288               Line 1409-106              1409               106          -0.13133          -0.51512           0.13172           0.53521
Line_289               Line 1454-111              1454               111         -0.080618          -0.30771          0.080753           0.32154
Line_290               Line 1453-112              1453               112           0.13549         -0.096949          -0.13546           0.10204
Line_291               Line 1470-113              1470               113          -0.25661          -0.33466           0.25683           0.34922
Line_292               Line 1478-117              1478               117           -1.0154         -0.098038            1.0168           0.16028
Line_293               Line 1477-118              1477               118           -0.7629         -0.024034           0.76366          0.060653
Line_294               Line 1511-119              1511               119          -0.61582          -0.97515           0.61777            1.0722
Line_295               Line 1510-120              1510               120          -0.71279          -0.62434           0.71414           0.68663
Line_296               Line 1513-121              1513               121          0.028213           0.02374         -0.028212         -0.020093
Line_297               Line 1590-122              1590               122          -0.24008           0.06966           0.24015         -0.062637
Line_298               Line 1578-123              1578               123          -0.92132           0.33423           0.92262           -0.2601
Line_299               Line 1580-124              1580               124           0.25207           0.22365          -0.25192          -0.21169
Line_300               Line 1617-125              1617               125          -0.94925          -0.48752            0.9507           0.55788
Line_301               Line 1623-127              1623               127          -0.79112          -0.40496           0.79218           0.45805
Line_302               Line 1659-128              1659               128          -0.77006          -0.77462           0.77175           0.85371
Line_303               Line 1793-130              1793               130          -0.97006          -0.46854           0.97153           0.54392
Line_304               Line 1857-132              1857               132          -0.57685           -0.6782            0.5781            0.7374
Line_305               Line 1859-132              1859               132          -0.20513          -0.16382           0.20524           0.17726
Line_306               Line 1902-134              1902               134          -0.34893           0.11373           0.34908          -0.10368
Line_307               Line 1910-137              1910               137           -1.0832          -0.22463            1.0848           0.30306
Line_308               Line 2014-138              2014               138           -0.3995           -0.8576           0.40075           0.92827
Line_309               Line 2016-140              2016               140           0.47099          0.030487          -0.47071        -0.0072237
Line_310               Line 2017-141              2017               141          -0.52297          -0.46532           0.52371           0.50565
Line_311               Line 2044-142              2044               142          -0.68331          -0.38314           0.68417            0.4239
Line_312               Line 2043-143              2043               143          -0.66013          -0.24487           0.66066           0.27853
Line_313               Line 2064-144              2064               144          -0.28818           0.03436           0.28828         -0.026831
Line_314               Line 2063-145              2063               145         -0.027514          0.063613          0.027519         -0.059777
Line_315               Line 2084-148              2084               148           -1.2107           -0.4853            1.2125           0.58917
Line_316               Line 2085-149              2085               149           -0.9459          -0.14383           0.94702           0.19839
Line_317               Line 2153-154              2153               154          -0.07791          -0.07514          0.077926          0.075763
Line_318               Line 2173-157              2173               157            -0.716          -0.08428           0.71667           0.11606
Line_319               Line 2174-156              2174               156          -0.78416          -0.16987           0.78512           0.20968
Line_320               Line 2178-158              2178               158           -0.3914         -0.085629           0.39161          0.095586
Line_321               Line 2199-159              2199               159          -0.88005         -0.055043           0.88107           0.10005
Line_322               Line 2201-161              2201               161           -1.9272          -0.31733            1.9331           0.55775
Line_323               Line 2202-162              2202               162           -1.7877          -0.26308            1.7927           0.46691
Line_324               Line 2207-163              2207               163           -1.5809         0.0052033            1.5837           0.15152
Line_325               Line 2233-164              2233               164           -0.9293          -0.47152            0.9308           0.53817
Line_326               Line 2239-166              2239               166          -0.54198          0.090754            0.5424         -0.073397
Line_327               Line 2240-166              2240               166          -0.87224          0.067709           0.87331         -0.023492
Line_328               Line 2304-168              2304               168           -0.2859          0.020327           0.28601         -0.015295
Line_329               Line 2305-168              2305               168          -0.42617          -0.01737           0.42641          0.028574
Line_330               Line 2321-169              2321               169          -0.49048          -0.08844           0.49083           0.10319
Line_331               Line 2320-170              2320               170           -1.4899           0.15255             1.493         -0.021825
Line_332               Line 2319-171              2319               171          -0.51822          -0.13274           0.51944           0.17274
Line_333               Line 2322-171              2322               171            0.5199           0.17336          -0.51944          -0.17274
Line_334               Line 2332-173              2332               173          -0.53362          0.061095             0.534         -0.051702
Line_335               Line 2377-176              2377               176           -1.1071          -0.55016            1.1099           0.64926
Line_336               Line 2386-178              2386               178           -1.4038          -0.21021            1.4061           0.33409
Line_337               Line 2387-179              2387               179           -1.3734          -0.31162            1.3758           0.43714
Line_338               Line 2403-181              2403               181          -0.80408          -0.03206           0.80496          0.081345
Line_339               Line 2404-182              2404               182          -0.83748          0.029055           0.83842         0.0091408
Line_340               Line 2411-185              2411               185          -0.53983          -0.23429           0.53992           0.24811
Line_341               Line 2412-185              2412               185          -0.78477          -0.23653           0.78575           0.27731
Line_342               Line 2443-188              2443               188           -2.2837          -0.52539            2.2855           0.51308
Line_343               Line 2445-188              2445               188       -3.4694e-18        1.7764e-15        3.4694e-18       -1.7764e-15
Line_344               Line 2448-190              2448               190           -1.7742          -0.31335            1.7775           0.51702
Line_345               Line 2447-189              2447               189           -1.4847          -0.12312            1.4877           0.25285
Line_346               Line 2449-191              2449               191           -0.1739          -0.21129           0.17401           0.21591
Line_347               Line 2468-194              2468               194          -0.85576          -0.10422           0.85697           0.14783
Line_348               Line 2469-195              2469               195          -0.81843          -0.23689           0.81963           0.28016
Line_349               Line 2470-196              2470               196          -0.13534         -0.092984           0.13541          0.095496
Line_350               Line 2471-197              2471               197          -0.13586         -0.092914           0.13593          0.095438
Line_351               Line 2473-199              2473               199           -1.3428         -0.046798            1.3457           0.15126
Line_352               Line 2472-200              2472               200          -0.83225          -0.21831           0.83306           0.28669
Line_353               Line 2473-200              2473               200          -0.72964          -0.21586            0.7306           0.25453
Line_354               Line 2486-202              2486               202          -0.48734          -0.28504           0.48787           0.30642
Line_355               Line 2487-203              2487               203           -0.4891          -0.42738           0.48982            0.4568
Line_356               Line 2492-204              2492               204           -1.0367          -0.45802            1.0389           0.54954
Line_357               Line 2556-205              2556               205          -0.98797          -0.18908           0.98949           0.25191
Line_358               Line 2557-206              2557               206          -0.79212          -0.15964            0.7931           0.19996
Line_359               Line 2668-207              2668               207           -1.2267          -0.14277             1.229           0.23604
Line_360               Line 2691-209              2691               209          -0.75561          -0.55325           0.75716           0.61553
Line_361               Line 2690-210              2690               210          -0.64589          -0.46727             0.647           0.51178
Line_362               Line 2712-211              2712               211          -0.81375          -0.28381           0.81485           0.33055
Line_363               Line 2737-214              2737               214          -0.49003       -0.00096301           0.49034          0.014446
Line_364               Line 2746-217              2746               217           -1.4122          -0.34503            1.4131           0.33663
Line_365               Line 2748-217              2748               217        1.1102e-15           0.53369         0.0012466          -0.51614
Line_366               Line 2747-216              2747               216           -1.4277          -0.07703            1.4302           0.20539
Line_367               Line 2751-218              2751               218          -0.30207          -0.16261           0.30209            0.1701
Line_368               Line 2752-219              2752               219          -0.48854          -0.41224           0.48865           0.43996
Line_369               Line 2769-220              2769               220          -0.72929          -0.31167           0.73025           0.35104
Line_370               Line 2771-221              2771               221          -0.72374          -0.20919            0.7246           0.24426
Line_371               Line 2770-224              2770               224           -2.2152         0.0068788            2.2167         -0.027069
Line_372               Line 2772-224              2772               224        2.4217e-15           0.65808       -8.0114e-05          -0.62097
Line_373                Line 227-225               227               225          -0.91628           0.30072            0.9169          -0.23673
Line_374               Line 2779-227              2779               227          -0.91573          -0.19862           0.91632           0.18929
Line_375               Line 2781-227              2781               227        3.4694e-17             0.525       -3.5604e-05          -0.49001
Line_376               Line 2780-226              2780               226          -0.89456         -0.027618           0.89573          0.076859
Line_377               Line 2854-231              2854               231           -1.1035          -0.15858            1.1033             0.154
Line_378               Line 2856-231              2856               231       -7.7716e-16           0.66145         0.0015483          -0.63518
Line_379               Line 2857-232              2857               232          -0.83526          -0.25266           0.83641           0.30082
Line_380               Line 2858-233              2858               233          -0.83498          -0.34296           0.83622           0.39509
Line_381               Line 2927-234              2927               234          -0.98002          0.040712           0.98055        -0.0030504
Line_382               Line 2948-237              2948               237          -0.62197          -0.22355           0.62247           0.25149
Line_383               Line 2947-236              2947               236           -0.6206          -0.29695            0.6213           0.32786
Line_384               Line 2968-238              2968               238           -0.7176           -0.2727           0.71853           0.31148
Line_385               Line 2968-239              2968               239          -0.72053           -0.2739           0.72148           0.31263
Line_386               Line 2989-240              2989               240          -0.85566           0.14621           0.85664          -0.10368
Line_387               Line 2990-240              2990               240          -0.85132           0.16843           0.85229          -0.12603
Line_388               Line 2994-242              2994               242          -0.14445         -0.072069           0.14449          0.073635
Line_389               Line 2995-243              2995               243           -0.1534          -0.13031           0.15346           0.13275
Line_390               Line 2846-434              2846               434         -0.051442          0.046022            0.0518         -0.059878
Line_391               Line 2310-366              2310               366         0.0050685         0.0040992        -0.0050668         -0.011579
Line_392               Line 2347-389              2347               389          0.052783          0.051952         -0.052664         -0.059475
Line_393               Line 2153-517              2153               517         -0.084472           0.20391          0.086203          -0.21312
Line_394               Line 2291-267              2291               267         -0.020363         -0.021292            0.0204          0.010027
Line_395               Line 2615-648              2615               648          -0.24383            -0.124           0.24772           0.11881
Line_396               Line 1486-305              1486               305          -0.41246          0.050882           0.41725           -0.0513
Line_397               Line 1498-539              1498               539        3.3849e-07        -0.0086989       -1.8652e-14       -5.5067e-14
Line_398                Line 861-473               861               473          -0.23914          0.074286           0.24175          -0.07868
Line_399                Line 800-499               800               499           0.12236          -0.20743          -0.11896           0.19814
Line_400                Line 972-569               972               569          -0.32997         -0.014009           0.33473          0.011702
Line_401              Line 1031-1504              1031              1504         -0.087119          0.017489          0.087429         -0.027075
Line_402               Line 862-1803               862              1803          -0.39463          0.078079           0.39962         -0.078001
Line_403               Line 935-1882               935              1882           0.11789          0.085304          -0.11715         -0.098042
Line_404               Line 965-1588               965              1588         -0.049095           0.14079          0.049586          -0.14981
Line_405               Line 1278-765              1278               765           0.25645         -0.067945          -0.25544           0.06437
Line_406              Line 2661-1367              2661              1367           -0.0792           -0.0031          0.079568         -0.011836
Line_407              Line 2940-2449              2940              2449          -0.58265         0.0071969           0.59309         0.0074086
Line_408              Line 2872-2449              2872              2449          -0.57358          0.037534           0.59689        -0.0075441
Line_409              Line 2877-2450              2877              2450          -0.27223          -0.15024           0.27576           0.14459
Line_410              Line 2819-2320              2819              2320          -0.49463           0.11786           0.50916          -0.10271
Line_411              Line 2817-2156              2817              2156           -0.4336           0.22172           0.44504           -0.2101
Line_412              Line 2840-2450              2840              2450          -0.25726          -0.13222           0.26112           0.12197
Line_413               Line 1914-987              1914               987           0.32902          -0.12003          -0.32505           0.11836
Line_414                Line 846-555               846               555           0.78127           0.14985          -0.75743         -0.022285
Line_415              Line 1516-2302              1516              2302           0.24108        -0.0080246            -0.239         0.0025317
Line_416               Line 649-1434               649              1434         -0.031023         -0.043132          0.031133           0.02882
Line_417                Line 846-569               846               569           0.47472          0.058919          -0.47173         -0.056902
Line_418                Line 847-320               847               320           0.61251           0.13736          -0.59462          -0.11178
Line_419               Line 632-1230               632              1230           0.26227         -0.076025          -0.26166          0.073552
Line_420                Line 958-473               958               473          -0.14792           0.10494           0.14832          -0.10899
Line_421                Line 898-413               898               413          -0.38607          0.060787            0.3943         -0.059208
Line_422                Line 880-555               880               555          0.035928         -0.090785          -0.03537          0.077949
Line_423               Line 2807-322              2807               322         -0.097863          -0.02609          0.098207          0.012254
Line_424               Line 2846-303              2846               303           -0.2084          0.067665            0.2103         -0.073061
Line_425                Line 920-589               920               589          0.065597          0.029924         -0.065517         -0.036309
Line_426              Line 1031-1896              1031              1896         -0.025881         -0.022489          0.025894          0.016434
Line_427               Line 1994-897              1994               897            0.1559          -0.11626          -0.15525            0.1078
Line_428               Line 1932-897              1932               897        -0.0044086           0.11984         0.0046485           -0.1279
Line_429               Line 1819-904              1819               904          -0.41963         -0.028235           0.42737          0.031838
Line_430                Line 956-413               956               413           0.16329          -0.01804          -0.16231          0.011601
Line_431               Line 2938-464              2938               464          -0.13247         -0.013203           0.13305         0.0007385
Line_432               Line 2703-417              2703               417        -0.0086585          0.024502         0.0087262         -0.036299
Line_433                Line 847-577               847               577           0.54764          0.039683            -0.534         -0.018096
Line_434                Line 900-548               900               548         -0.082395          0.078562          0.082725         -0.088506
Line_435               Line 802-1234               802              1234          -0.15301          0.037215           0.15343         -0.043685
Line_436              Line 2845-2630              2845              2630           0.12099         -0.032619          -0.12061           0.02126
Line_437               Line 2842-432              2842               432           0.06288        -0.0034302           -0.0628            -0.005
Line_438                Line 262-260               262               260        2.2204e-16        8.8818e-16        3.5698e-06         -0.021554
Line_439                Line 526-441               526               441          -0.73316         -0.011703           0.73856          0.020748
Line_440                Line 393-266               393               266          -0.52728         -0.027521           0.53182          0.034246
Line_441                Line 725-641               725               641          -0.98398          -0.25662           0.99001           0.27323
Line_442                Line 525-725               525               725          -0.87147           -0.2331           0.87536            0.2436
Line_443                Line 725-730               725               730           0.10863           0.01302           -0.1086           -0.0141
Line_444                Line 431-425               431               425       -2.6645e-15       -1.0658e-14        2.9037e-07        -0.0078387
Line_445                Line 430-426               430               426          -0.66117          -0.10988           0.67006           0.12583
Line_446                Line 481-425               481               425          -0.29856         -0.074221           0.29974          0.072286
Line_447                Line 586-426               586               426          -0.38501         -0.089299           0.38756          0.089908
Line_448                Line 329-498               329               498           -0.1015             -0.01           0.10176         0.0035155
Line_449                Line 330-499               330               499           -0.1218           -0.0201            0.1222          0.014066
Line_450                Line 564-426               564               426          -0.86116         -0.048724           0.86269          0.052615
Line_451                Line 590-498               590               498          -0.41281         -0.018647           0.41852          0.020991
Line_452                Line 641-564               641               564          -0.66118         0.0091156           0.66626         0.0015237
Line_453                Line 524-433               524               433         -0.018675         -0.052466           0.01877          0.043541
Line_454                Line 461-296               461               296          -0.33863          0.062235           0.34137         -0.063155
Line_455                Line 523-288               523               288         -0.026118          0.045992          0.026186         -0.055342
Line_456                Line 590-360               590               360           0.21491         -0.041653          -0.21406          0.038921
Line_457                Line 567-551               567               551          -0.12226          0.031048           0.12394         -0.049471
Line_458                Line 571-321               571               321           0.17662           0.16722          -0.17511          -0.17505
Line_459                Line 361-347               361               347          -0.68676         -0.087668           0.69467           0.10574
Line_460                Line 377-275               377               275           -0.0569            -0.005          0.056917         0.0024626
Line_461                Line 409-485               409               485          -0.35495         -0.054369           0.35745          0.052923
Line_462                Line 410-409               410               409           -0.2614         -0.036799           0.26155          0.036269
Line_463                Line 416-327               416               327       -2.6645e-15       -7.1054e-15        7.3808e-07        -0.0091205
Line_464                Line 469-348               469               348           -0.4784          0.031659           0.48271         -0.026886
Line_465                Line 743-528               743               528       -4.4409e-16        1.7764e-15        8.9142e-07         -0.012242
Line_466                Line 482-389               482               389           0.43733         -0.049204          -0.43517          0.050622
Line_467                Line 419-292               419               292         -0.071658         -0.061226          0.071874          0.052571
Line_468                Line 478-404               478               404           0.57755          0.058003          -0.56905         -0.042913
Line_469                Line 479-465               479               465           0.32872         -0.051803          -0.32445          0.049771
Line_470                Line 465-362               465               362           0.55494          -0.13389          -0.54836           0.14587
Line_471                Line 483-439               483               439          -0.37851          0.021532           0.37927         -0.021919
Line_472                Line 515-466               515               466           0.17917         -0.011398          -0.17818        0.00017749
Line_473                Line 669-571               669               571           0.12842         -0.079605          -0.12802          0.071516
Line_474                Line 752-407               752               407         -0.051051         0.0063816          0.051187         -0.017827
Line_475                Line 571-269               571               269          0.012844           0.11295          -0.01253          -0.12438
Line_476                Line 570-588               570               588         -0.084388          0.042758          0.084774         -0.061195
Line_477                Line 557-524               557               524           0.10188         -0.055082          -0.10163          0.046466
Line_478                Line 365-496               365               496          -0.40877           0.12793           0.40986          -0.12731
Line_479                Line 604-558               604               558          0.020073         -0.018561         -0.020066         0.0087511
Line_480                Line 670-368               670               368           0.17344         -0.031352          -0.17302          0.020923
Line_481                Line 343-396               343               396          -0.24459           0.08285           0.24509         -0.085106
Line_482                Line 397-716               397               716           -0.4116          0.041827           0.41248         -0.041639
Line_483                Line 729-640               729               640           -0.1015           -0.0201           0.10154          0.018366
Line_484                Line 249-439               249               439           0.55206          -0.15759          -0.55039           0.16034
Line_485                Line 248-449               248               449          -0.67389           0.12722           0.67633          -0.12204
Line_486                Line 691-439               691               439          -0.58085          0.043959           0.58183         -0.042287
Line_487                Line 702-624               702               624           0.12413           0.14439          -0.12396          -0.14631
Line_488                Line 701-625               701               625           0.53557           0.18875          -0.53405          -0.18628
Line_489                Line 625-609               625               609          -0.15741           0.03007           0.15752         -0.033272
Line_490                Line 610-440               610               440          -0.74294          -0.11857           0.74574           0.12412
Line_491                Line 683-441               683               441          -0.26128          -0.14898           0.26156           0.14747
Line_492                Line 666-440               666               440          -0.17589         -0.094115           0.17631          0.076645
Line_493                Line 656-439               656               439           -0.1051         -0.099871           0.10528          0.085187
Line_494                Line 678-665               678               665           0.61822           0.11163          -0.61673           -0.1094
Line_495                Line 671-611               671               611           0.91049           0.15395          -0.90353            -0.169
Line_496                Line 603-439               603               439         0.0037273          0.054538        -0.0037234         -0.055205
Line_497                Line 606-441               606               441          -0.22837          -0.13947           0.22849           0.13897
Line_498                Line 671-654               671               654           0.17341           0.08298          -0.17287         -0.088076
Line_499                Line 675-690               675               690          -0.33771           0.10344           0.33864          -0.10431
Line_500                Line 672-671               672               671           -0.1615           -0.0502            0.1616          0.048985
Line_501                Line 673-670               673               670           -0.1817           -0.0563           0.18182          0.055154
Line_502                Line 701-680               701               680           0.65235           0.34896           -0.6497           -0.3429
Line_503                Line 701-621               701               621           0.28161           0.17392          -0.28151          -0.17407
Line_504                Line 674-624               674               624          0.034903          -0.19187         -0.034829           0.19109
Line_505                Line 641-426               641               426          -0.81068         0.0040974           0.81836           0.01489
Line_506                Line 728-709               728               709           0.64004          0.078079          -0.63853         -0.075102
Line_507                Line 659-709               659               709          -0.63482         -0.069432           0.63853          0.075262
Line_508                Line 709-346               709               346        1.9327e-12       -0.00015977        1.1369e-13        2.2737e-13
Line_509                Line 425-708               425               708          -0.11128          0.027171           0.11138          -0.03053
Line_510                Line 712-708               712               708            0.1195         -0.029189          -0.11948          0.028679
Line_511                Line 670-712               670               712           0.32713          0.032102          -0.32641         -0.033049
Line_512                Line 708-345               708               345            0.0081         0.0018505           -0.0081            -0.002
Line_513                Line 712-421               712               421           0.20691          0.062237           -0.2069           -0.0623
Line_514                Line 635-665               635               665           0.17208          0.050052          -0.17191         -0.061487
Line_515                Line 623-693               623               693           0.10786         -0.090455          -0.10785          0.059418
Line_516                Line 677-612               677               612          -0.49563         -0.078745            0.4957          0.066263
Line_517                Line 441-451               441               451          -0.45692           0.10549           0.45915          -0.10359
Line_518                Line 642-449               642               449           -1.2072          0.062903            1.2124         -0.047927
Line_519                Line 702-715               702               715          -0.29736           0.25539           0.29894          -0.25565
Line_520                Line 715-629               715               629          -0.45441           0.23046           0.45451          -0.23034
Line_521                Line 715-436               715               436           0.15547          0.025186           -0.1554           -0.0261
Line_522                Line 684-342               684               342          -0.06293           0.12372          0.062987          -0.12507
Line_523                Line 625-519               625               519           0.52495           0.10501          -0.52471          -0.14153
Line_524                Line 439-744               439               744           0.51119           0.12208          -0.51009          -0.12592
Line_525                Line 440-639               440               639           0.14137          0.033729           -0.1413           -0.0352
Line_526                Line 651-682               651               682          -0.56511          -0.14818            0.5652           0.13669
Line_527                Line 665-657               665               657           0.48084          0.078487           -0.4803         -0.086953
Line_528                Line 686-605               686               605          -0.14248          -0.11438           0.14257           0.11332
Line_529                Line 629-747               629               747          -0.70681           0.15494           0.70705           -0.1544
Line_530                Line 679-670               679               670           -1.0019          -0.22269            1.0053           0.23002
Line_531                Line 693-620               693               620          -0.19034          -0.14789            0.1907           0.14582
Line_532                Line 689-636               689               636           0.25296          0.060208          -0.25288         -0.066084
Line_533                Line 688-670               688               670          -0.69698          -0.19297           0.69941           0.19834
Line_534                Line 667-666               667               666           0.13193        -0.0091929          -0.13191          0.001715
Line_535                Line 671-668               671               668           0.66113           0.16412          -0.65674          -0.16372
Line_536                Line 643-746               643               746           0.71262          -0.14957          -0.71108           0.15305
Line_537                Line 716-630               716               630          -0.41248          0.042722           0.41254          -0.04271
Line_538                Line 716-437               716               437        9.3188e-10        -0.0010834        6.3949e-14        1.4211e-13
Line_539                Line 644-745               644               745          -0.46434          -0.11587           0.46467           0.11166
Line_540                Line 645-638               645               638           0.14133          0.025402           -0.1413           -0.0352
Line_541                Line 701-685               701               685          0.098573           0.17092         -0.098472          -0.17194
Line_542                Line 700-265               700               265            0.6361          0.050419          -0.63284         -0.044477
Line_543                Line 671-626               671               626           0.74037           0.11566           -0.7342          -0.10332
Line_544                Line 693-713               693               713           0.20739          0.059367          -0.20691          -0.06224
Line_545                Line 713-422               713               422           0.20691           0.06224           -0.2069           -0.0623
Line_546                Line 627-622               627               622           0.47178          0.024673          -0.47127         -0.024203
Line_547                Line 681-641               681               641           0.11489           0.21015          -0.11455          -0.21198
Line_548                Line 692-640               692               640         -0.056794          -0.14057          0.056868           0.13917
Line_549                Line 687-499               687               499          -0.30152         0.0037723           0.30297        -0.0073923
Line_550                Line 655-499               655               499          -0.11973          0.011674           0.11987         -0.023487
Line_551                Line 640-615               640               615          -0.22901          -0.17864           0.22962           0.17693
Line_552                Line 641-495               641               495           0.52581         -0.095572          -0.52088           0.10295
Line_553                Line 683-676               683               676         0.0089823          0.073584        -0.0089784         -0.098095
Line_554                Line 425-728               425               728           0.77095            0.1079          -0.76894          -0.10318
Line_555                Line 663-650               663               650           -0.1009           -0.0251            0.1009         0.0095008
Line_556                Line 520-664               520               664           0.10091         0.0028591           -0.1009           -0.0251
Line_557                Line 692-658               692               658          -0.41221        -0.0027022            0.4128         0.0028434
Line_558                Line 630-451               630               451          -0.78594          -0.06879           0.78795          0.073571
Line_559                Line 624-652               624               652        -0.0077083         -0.095974           0.00771           0.07625
Line_560                Line 682-653               682               653           0.30035           0.11372          -0.30031          -0.14267
Line_561                Line 614-642               614               642           -0.1413           -0.0322           0.14131         -0.002273
Line_562                Line 578-412               578               412           0.44568         0.0047958           -0.4401        0.00033224
Line_563                Line 721-444               721               444          -0.31425         -0.030404           0.31528          0.029341
Line_564                Line 370-721               370               721          -0.31342         -0.031265           0.31425          0.030438
Line_565                Line 568-721               568               721        2.2737e-13        4.5475e-13       -2.2737e-13       -3.4092e-05
Line_566                Line 505-429               505               429           0.22019          0.024379          -0.21721         -0.032032
Line_567                Line 751-573               751               573          -0.17569            0.1085           0.17732          -0.11323
Line_568                Line 646-525               646               525          -0.63873          -0.17659           0.64407            0.1869
Line_569                Line 505-320               505               320          -0.34909         -0.046479           0.35102          0.046476
Line_570                Line 572-551               572               551          -0.38343          0.067967           0.38788          -0.06558
Line_571                Line 474-295               474               295          -0.10475          -0.05431           0.10492          0.051104
Line_572                Line 513-474               513               474          -0.02863         -0.031645          0.028647           0.02921
Line_573                Line 321-280               321               280         -0.088786           0.11275          0.088946          -0.11594
Line_574                Line 521-280               521               280           0.33328         -0.051401          -0.33255          0.050639
Line_575                Line 553-552               553               552           0.44183          -0.10614          -0.44066            0.1076
Line_576                Line 647-535               647               535          0.060992          0.028177           -0.0609           -0.0322
Line_577                Line 698-536               698               536          0.071463         0.0087834           -0.0711           -0.0231
Line_578                Line 661-647               661               647          -0.37291          -0.11465           0.37372           0.11498
Line_579                Line 596-250               596               250          0.092904          0.068982         -0.092301         -0.076435
Line_580                Line 526-522               526               522           0.57476         -0.028497          -0.57341            0.0306
Line_581                Line 523-479               523               479          -0.16068         -0.082192           0.16224          0.063602
Line_582                Line 634-295               634               295           0.09129         -0.055778         -0.091263          0.054716
Line_583                Line 392-395               392               395           -0.0467                 0          0.046709       -0.00098831
Line_584                Line 478-706               478               706           0.52421            0.1017           -0.5233          -0.10039
Line_585                Line 731-706               731               706          -0.40317         -0.073452            0.4055          0.074314
Line_586                Line 706-476               706               476            0.1178          0.026077           -0.1178           -0.0261
Line_587                Line 697-694               697               694          -0.15572         -0.039074           0.15596          0.037351
Line_588                Line 586-367               586               367           0.37691          0.087299          -0.37574         -0.087257
Line_589                Line 518-433               518               433           0.12403          0.057637          -0.12307         -0.069464
Line_590                Line 705-478               705               478          -0.37505            -0.143           0.37593           0.14322
Line_591                Line 518-705               518               705          -0.21843          -0.10784           0.21874           0.10682
Line_592                Line 705-475               705               475            0.1563           0.03618           -0.1563           -0.0362
Line_593                Line 479-477               479               477           0.29426            0.1365          -0.29077          -0.14093
Line_594                Line 477-419               477               419          0.040071          0.066533         -0.039941         -0.073496
Line_595                Line 698-420               698               420          0.032457          0.030282         -0.032342         -0.045912
Line_596                Line 619-420               619               420         -0.013343          -0.14716           0.01404           0.13442
Line_597                Line 394-467               394               467          0.093859          0.020139           -0.0937         -0.027688
Line_598                Line 483-269               483               269           0.19581         -0.077832          -0.19457          0.068083
Line_599                Line 335-522               335               522          -0.54719         0.0052986           0.54801        -0.0039284
Line_600                Line 335-521               335               521           0.49639         -0.030399          -0.49568          0.031301
Line_601                Line 699-251               699               251       -2.6645e-15       -3.5527e-15         4.422e-07        -0.0069699
Line_602                Line 700-616               700               616           0.63547            0.2818          -0.63323          -0.27749
Line_603                Line 662-595               662               595            0.2307          0.086375          -0.22891         -0.089006
Line_604                Line 557-296               557               296          -0.17898          0.038982           0.17931         -0.042441
Line_605                Line 367-354               367               354           0.13214          0.016957            -0.132           -0.0201
Line_606                Line 714-430               714               430          -0.43533         -0.061837           0.43787          0.069676
Line_607                Line 444-714               444               714          -0.42188         -0.059441           0.42313          0.060461
Line_608                Line 424-714               424               714           -0.0122            -0.002            0.0122         0.0013767
Line_609                Line 720-370               720               370          -0.24812          -0.02024           0.24842          0.019165
Line_610                Line 552-720               552               720          -0.23969          -0.01902           0.24002          0.017701
Line_611                Line 549-720               549               720           -0.0081            -0.003         0.0081002          0.002539
Line_612                Line 634-394               634               394          -0.10449          0.053778           0.10457         -0.056315
Line_613                Line 617-295               617               295           0.33707          -0.15107          -0.33666           0.15096
Line_614                Line 554-553               554               553           0.56547         -0.085425          -0.56363          0.089039
Line_615                Line 395-393               395               393          -0.40045        -0.0031222           0.40138         0.0034215
Line_616                Line 731-489               731               489           0.33417          0.070452          -0.33228         -0.072176
Line_617                Line 694-489               694               489          -0.30136          -0.06534           0.30388          0.062176
Line_618                Line 751-619               751               619           0.10459           -0.1286          -0.10446           0.12706
Line_619                Line 307-478               307               478          -0.13107         -0.014616           0.13131         0.0082226
Line_620                Line 454-307               454               307           -0.0893           -0.0151          0.089475         0.0046156
Line_621                Line 429-585               429               585          0.014205        -0.0081679           -0.0142       -8.8818e-15
Line_622                Line 617-365               617               365          -0.35737           0.14107           0.35907          -0.14103
Line_623                Line 513-466               513               466          -0.04347          0.015545           0.04348          -0.01769
Line_624                Line 368-498               368               498          0.020716         -0.037023         -0.020708          0.031958
Line_625                Line 558-498               558               498          -0.34743         -0.093151           0.34854          0.092205
Line_626                Line 353-481               353               481           -0.1117           -0.0201           0.11176          0.017921
Line_627                Line 316-554               316               554         -1.08e-12            0.0002        4.2326e-10        -0.0037807
Line_628                Line 401-388               401               388          -0.15373           -0.1751           0.15383           0.17451
Line_629                Line 387-347               387               347           0.50985           0.10855          -0.50917          -0.10767
Line_630                Line 398-381               398               381         -0.026855          0.019004           0.02686         -0.021192
Line_631                Line 534-347               534               347          -0.11972           0.14593           0.12025          -0.15036
Line_632                Line 633-348               633               348           0.08614        -0.0012861         -0.086112       -0.00041569
Line_633                Line 411-347               411               347          -0.30386         -0.099664           0.30446          0.098597
Line_634                Line 380-704               380               704         -0.017706          -0.19888           0.01774           0.19857
Line_635                Line 385-704               385               704          0.085285           0.21793         -0.084843          -0.22048
Line_636                Line 704-304               704               304          0.067103          0.021909           -0.0671           -0.0221
Line_637                Line 591-385               591               385          -0.55928           0.21823           0.56062          -0.21631
Line_638                Line 382-386               382               386          0.077756          0.051456          -0.07773         -0.052924
Line_639                Line 727-384               727               384          -0.42758          -0.16551           0.42768           0.16558
Line_640                Line 382-727               382               727          -0.33586          -0.13586           0.33618           0.13561
Line_641                Line 727-750               727               750          0.091404            0.0299           -0.0914           -0.0301
Line_642                Line 737-384               737               384          -0.36764         -0.016341           0.36822          0.015775
Line_643                Line 726-408               726               408         -0.050835           0.15496          0.050996          -0.15751
Line_644                Line 374-726               374               726         -0.019786          0.018693          0.019788         -0.019656
Line_645                Line 737-726               737               726         -0.030962           0.13323          0.031048          -0.13531
Line_646                Line 718-383               718               383            0.1027         -0.029742          -0.10265          0.028364
Line_647                Line 718-485               718               485           -0.1941        -0.0033425           0.19428         0.0012231
Line_648                Line 545-718               545               718           -0.0914           -0.0332          0.091403          0.033084
Line_649                Line 738-591               738               591          -0.35231           0.28599           0.35298          -0.28553
Line_650                Line 737-546               737               546           0.41453           0.11533          -0.41341           -0.1153
Line_651                Line 485-287               485               287           0.16581         -0.043054          -0.16548          0.039018
Line_652                Line 388-287               388               287         -0.039373          0.078279          0.039483         -0.084218
Line_653                Line 402-383               402               383           -0.1738           -0.0623           0.17394          0.060652
Line_654                Line 418-348               418               348          -0.33912          0.083231           0.34017         -0.084349
Line_655                Line 711-383               711               383            -0.304          0.073065           0.30421         -0.073492
Line_656                Line 408-711               408               711           -0.2298          0.099209            0.2298         -0.099242
Line_657                Line 711-403               711               403          0.074201          0.026177           -0.0742           -0.0271
Line_658                Line 418-380               418               380           0.16332          -0.14053          -0.16319           0.13958
Line_659                Line 386-374               386               374           0.07773          0.052924         -0.077714         -0.053893
Line_660                Line 579-327               579               327           0.13126          0.028895           -0.1311         -0.033079
Line_661                Line 546-579               546               579           0.21831          0.051997          -0.21766         -0.056995
Line_662                Line 387-381               387               381             0.265          0.055112          -0.26466         -0.056208
Line_663                Line 278-737               278               737           -0.0386           -0.0161          0.038602          0.015546
Line_664                Line 359-347               359               347         -0.009163         0.0018078         0.0091648        -0.0088257
Line_665                Line 484-359               484               359            0.1293          0.045443          -0.12904         -0.051008
Line_666                Line 484-435               484               435           0.31885          0.072577          -0.31856          -0.07322
Line_667                Line 279-738               279               738           -0.0386           -0.0161          0.038602          0.015542
Line_668                Line 275-348               275               348         -0.098617         -0.023563          0.098737          0.018179
Line_669                Line 411-399               411               399          -0.21534         -0.069136           0.21566          0.066971
Line_670                Line 387-399               387               399           0.40016           0.10241          -0.39946          -0.10226
Line_671                Line 527-435               527               435           -0.1234         -0.011901           0.12346           0.00992
Line_672                Line 576-485               576               485           -0.2427          0.040941           0.24309         -0.042991
Line_673                Line 576-401               576               401            0.1065         -0.085141          -0.10637          0.081701
Line_674                Line 484-398               484               398           0.11562          0.060421          -0.11545         -0.065204
Line_675                Line 379-484               379               484          -0.18108         -0.043534           0.18125          0.041514
Line_676                Line 369-484               369               484          -0.10102         -0.028194           0.10112          0.023513
Line_677                Line 369-379               369               379         -0.017881         -0.010006          0.017883         0.0076534
Line_678                Line 738-482               738               482           0.62639          0.012767          -0.61893       -0.00077148
Line_679                Line 633-388               633               388          -0.34624         -0.092114           0.34664          0.091783
Line_680                Line 737-534               737               534          -0.02509           0.17521          0.025216          -0.17703
Line_681                Line 375-738               375               738           -0.1809           -0.0653           0.18105          0.063481
Line_682                Line 598-660               598               660          -0.90947           0.14253           0.92136          -0.10931
Line_683                Line 717-326               717               326          -0.36574         -0.053456           0.36879          0.053807
Line_684                Line 543-717               543               717          -0.24153         -0.042335           0.24161          0.042035
Line_685                Line 717-529               717               529           0.12414          0.011421           -0.1239           -0.0141
Line_686                Line 512-501               512               501          0.085597          -0.20634         -0.085249            0.2046
Line_687                Line 593-571               593               571          -0.35063          -0.11014           0.35276           0.10962
Line_688                Line 753-263               753               263         -0.085916          -0.06983          0.086052          0.067114
Line_689                Line 754-445               754               445         -0.079684          0.048728          0.079853         -0.053218
Line_690                Line 736-410               736               410          -0.20908          -0.03672            0.2096          0.032799
Line_691                Line 356-285               356               285          -0.30908          0.043122           0.30945         -0.044502
Line_692                Line 740-574               740               574           0.11184           0.11681          -0.11147          -0.12206
Line_693                Line 736-550               736               550           0.30575          -0.18956          -0.30384           0.18892
Line_694                Line 550-517               550               517           0.23174          -0.19892          -0.22943           0.19452
Line_695                Line 490-517               490               517           -0.0721             -0.01          0.072131          0.008596
Line_696                Line 735-373               735               373          -0.33657            0.1418           0.33848          -0.14224
Line_697                Line 547-373               547               373           0.39998          -0.13524          -0.39538           0.13724
Line_698                Line 601-559               601               559           0.51998          -0.11323          -0.51766           0.11608
Line_699                Line 559-547               559               547           0.49536          -0.12108          -0.48938           0.12524
Line_700                Line 468-361               468               361           -0.5455         -0.067781           0.54656          0.069568
Line_701                Line 472-598               472               598          -0.72207           0.19482           0.73468          -0.16341
Line_702                Line 560-468               560               468          -0.47151         -0.045952            0.4795          0.056681
Line_703                Line 618-561               618               561          -0.18712           -0.0326            0.1872          0.031885
Line_704                Line 350-574               350               574           0.12241         -0.090801          -0.12213          0.086862
Line_705                Line 544-597               544               597          -0.15545         -0.019262            0.1556          0.018117
Line_706                Line 599-544               599               544           -0.1036         -0.010498           0.10365         0.0092623
Line_707                Line 600-598               600               598           -0.0965           -0.0111          0.096585         0.0087799
Line_708                Line 570-406               570               406           0.37533          0.028515          -0.36915         -0.029034
Line_709                Line 531-469               531               469           -0.4214          0.046998            0.4307         -0.042759
Line_710                Line 543-537               543               537           0.22253          0.053688           -0.2224          -0.05421
Line_711                Line 597-270               597               270           -0.2564         -0.019725           0.25707          0.017133
Line_712                Line 723-501               723               501          -0.30127         -0.021171           0.30209          0.019513
Line_713                Line 723-270               723               270           0.26676          0.019111          -0.26617         -0.021133
Line_714                Line 581-723               581               723           -0.0345            -0.005          0.034508         0.0020602
Line_715                Line 631-602               631               602          -0.30187          0.066962           0.30291         -0.068887
Line_716                Line 298-601               298               601            -0.003            -0.001             0.003       -0.00093735
Line_717                Line 299-602               299               602            -0.003            -0.001         0.0030001        -0.0008277
Line_718                Line 300-601               300               601           -0.1351           -0.0764           0.13527          0.074689
Line_719                Line 301-602               301               602           -0.0051            -0.002         0.0051002       -8.9395e-06
Line_720                Line 601-306               601               306           0.52157         -0.041192          -0.52086          0.042139
Line_721                Line 541-487               541               487           0.15138         -0.065116           -0.1513          0.062469
Line_722                Line 486-281               486               281           0.23555          0.033784          -0.23489         -0.037029
Line_723                Line 542-332               542               332           0.30871          0.050758          -0.30857         -0.051414
Line_724                Line 487-252               487               252           0.39604          -0.15915          -0.39303            0.1611
Line_725                Line 283-472               283               472          -0.18157          0.029381           0.18168         -0.030438
Line_726                Line 497-453               497               453         -0.024909          0.027952          0.024952         -0.038944
Line_727                Line 281-253               281               253           0.13129          0.014929          -0.13119         -0.017263
Line_728                Line 512-252               512               252           -0.3385           0.17414           0.34123           -0.1742
Line_729                Line 748-531               748               531          -0.25603          0.060134            0.2569         -0.063098
Line_730                Line 748-548               748               548           0.17273         -0.084234          -0.17212          0.078506
Line_731                Line 742-253               742               253           -0.0691         -0.015001          0.069187         0.0072626
Line_732                Line 446-344               446               344          -0.17935          0.040202           0.17959         -0.042839
Line_733                Line 503-500               503               500            0.2434          -0.17216          -0.24304           0.17138
Line_734                Line 570-277               570               277          0.031507         0.0015251           -0.0315            -0.005
Line_735                Line 503-486               503               486           -0.3673           0.15706            0.3721          -0.15467
Line_736                Line 378-599               378               599        8.8818e-16        1.7764e-15        4.7563e-07        -0.0096019
Line_737                Line 487-332               487               332         0.0042704           0.16822        -0.0042263          -0.16959
Line_738                Line 486-333               486               333           0.26114           0.36394          -0.26084          -0.36344
Line_739                Line 284-308               284               308          -0.65177          -0.14149            0.6548           0.15505
Line_740                Line 541-309               541               309           -0.5383        -0.0037285           0.53856         0.0043851
Line_741                Line 355-333               355               333         -0.033221          -0.23406          0.033344           0.23284
Line_742                Line 487-325               487               325           0.46285          0.080223           -0.4592         -0.076036
Line_743                Line 276-618               276               618           -0.0833           -0.0151          0.083523         0.0024997
Line_744                Line 268-349               268               349           -0.0877         -0.014315          0.087998         0.0047774
Line_745                Line 648-602               648               602          -0.82989          -0.03702           0.84101            0.0507
Line_746                Line 415-407               415               407             -0.13           -0.0291           0.13016          0.026813
Line_747                Line 735-740               735               740           0.19568           0.11973          -0.19514          -0.12281
Line_748                Line 282-453               282               453          0.088172         -0.036397         -0.087952          0.025844
Line_749                Line 264-592               264               592          -0.21915         -0.092237           0.22063          0.087879
Line_750                Line 589-497               589               497          0.024917          0.026309         -0.024891         -0.033952
Line_751                Line 734-649               734               649          -0.35653          0.069618           0.35928             -0.07
Line_752                Line 734-349               734               349           0.29963         -0.079618          -0.29781             0.077
Line_753                Line 500-660               500               660           0.95148         -0.076598          -0.94166           0.10431
Line_754                Line 360-344               360               344           0.18356         -0.048921          -0.18259          0.042839
Line_755                Line 494-506               494               506                 0                 0        2.2128e-08        -0.0036299
Line_756                Line 492-488               492               488           0.50633          0.019057          -0.50478         -0.016959
Line_757                Line 493-455               493               455         -0.063503           0.12741            0.0637          -0.13069
Line_758                Line 510-456               510               456          -0.22429          0.066911             0.225         -0.071126
Line_759                Line 507-336               507               336           0.37067          0.028576          -0.36845         -0.029633
Line_760                Line 710-371               710               371           0.13612          0.016589          -0.13595         -0.018554
Line_761                Line 710-336               710               336          -0.23731          -0.02661           0.23805          0.022633
Line_762                Line 710-565               710               565           0.10119          0.010021           -0.1011           -0.0141
Line_763                Line 390-372               390               372           0.33722         -0.010268          -0.33469         0.0075168
Line_764                Line 331-289               331               289          -0.34312          0.041448            0.3451         -0.042336
Line_765                Line 471-331               471               331           -0.3031          0.049197           0.30472         -0.051448
Line_766                Line 575-509               575               509          -0.86611           0.04861           0.88163         -0.007897
Line_767                Line 272-575               272               575          -0.74935          0.060089           0.75291          -0.05261
Line_768                Line 493-319               493               319           0.20937         -0.067298          -0.20848          0.060379
Line_769                Line 532-462               532               462           0.55556        0.00037077          -0.54568          0.016725
Line_770                Line 722-488               722               488          -0.45715         -0.012214           0.46028          0.014959
Line_771                Line 722-516               722               516           0.40565         0.0079249          -0.40158        -0.0067611
Line_772                Line 580-722               580               722           -0.0515            -0.005          0.051504         0.0042891
Line_773                Line 566-372               566               372           -0.1213            -0.006           0.12142         0.0021097
Line_774                Line 752-371               752               371         -0.053949         -0.024899          0.054051          0.017554
Line_775                Line 594-302               594               302          -0.15645           0.03175           0.15692         -0.038287
Line_776                Line 514-491               514               491          -0.20203         -0.059519            0.2021          0.058873
Line_777                Line 530-491               530               491           -0.4794         -0.029178           0.48044          0.030088
Line_778                Line 337-493               337               493           -0.2956          0.074813           0.29583         -0.075346
Line_779                Line 492-458               492               458           -0.3196           0.28142             0.321          -0.28091
Line_780                Line 509-457               509               457          -0.37673           0.20514            0.3783          -0.20451
Line_781                Line 504-448               504               448         -0.041602          0.040661          0.041614          -0.04259
Line_782                Line 461-288               461               288           0.23453         -0.065235          -0.23017          0.055793
Line_783                Line 749-302               749               302           0.54298         -0.094359          -0.53493           0.10928
Line_784                Line 530-506               530               506            0.4016          0.028178          -0.40098         -0.028038
Line_785                Line 463-703               463               703           0.34147         -0.031941          -0.34055            0.0314
Line_786                Line 703-289               703               289           0.23745         -0.035401          -0.23712          0.033877
Line_787                Line 286-703               286               703           -0.1031            -0.004            0.1031         0.0040007
Line_788                Line 372-366               372               366          0.050571         -0.014626         -0.050533          0.009579
Line_789                Line 510-447               510               447           0.16316         -0.028376          -0.16292          0.024582
Line_790                Line 509-493               509               493           0.44373         -0.014301           -0.4417          0.015235
Line_791                Line 533-509               533               509          -0.61828          0.063898           0.63232         -0.035343
Line_792                Line 510-491               510               491          0.061124         -0.038535         -0.061028          0.029149
Line_793                Line 594-417               594               417           0.10495          -0.03575          -0.10473          0.028299
Line_794                Line 669-338               669               338          -0.18702          0.073605            0.1885         -0.088865
Line_795                Line 434-471               434               471           -0.2034          0.051878            0.2041         -0.054197
Line_796                Line 588-319               588               319          -0.14437          0.058195           0.14478         -0.065379
Line_797                Line 749-272               749               272          -0.67938          0.089359           0.69275         -0.063089
Line_798                Line 514-504               514               504           0.11103          0.049519            -0.111         -0.050661
Line_799                Line 259-254               259               254           -0.1537          0.037771           0.15384         -0.040128
Line_800                Line 274-460               274               460          -0.43191         -0.043445           0.44148          0.046349
Line_801                Line 274-245               274               245           0.16849          0.049221          -0.16577         -0.063545
Line_802                Line 317-260               317               260          -0.12569        0.00079658           0.12576        -0.0025996
Line_803                Line 339-274               339               274         -0.022682          0.015488          0.022724         -0.025876
Line_804                Line 351-261               351               261           -0.3164          0.062078            0.3189         -0.067318
Line_805                Line 637-351               637               351          -0.27775          0.059941            0.2798         -0.067078
Line_806                Line 707-323               707               323         -0.034015           0.19371          0.034223          -0.19589
Line_807                Line 707-314               707               314         -0.023585          -0.19765          0.024767           0.19131
Line_808                Line 707-324               707               324          0.057601          0.003941           -0.0576            -0.004
Line_809                Line 733-405               733               405          -0.14171         -0.072286           0.14227          0.062383
Line_810                Line 465-400               465               400          -0.23049          0.084117            0.2315         -0.086824
Line_811                Line 273-363               273               363          -0.11796           0.13067           0.11869          -0.14016
Line_812                Line 470-312               470               312          -0.43152         0.0025479           0.43955         0.0012845
Line_813                Line 587-313               587               313          -0.37264          -0.13632           0.37368           0.13607
Line_814                Line 583-246               583               246          -0.31398          0.032117           0.31494         -0.033818
Line_815                Line 724-260               724               260          -0.63253           0.11368           0.63784          -0.10593
Line_816                Line 293-724               293               724          -0.62281           0.12534           0.63253           -0.1136
Line_817                Line 607-724               607               724                 0                 0        2.2737e-13       -8.4572e-05
Line_818                Line 508-294               508               294          -0.60962           0.12867           0.61229          -0.12561
Line_819                Line 297-247               297               247             0.287          -0.17416          -0.27936           0.17063
Line_820                Line 352-404               352               404           0.14051         -0.058148          -0.14043          0.056718
Line_821                Line 314-311               314               311           0.57103           0.01777          -0.56516         -0.011459
Line_822                Line 562-508               562               508          -0.55724           0.13985           0.56772          -0.12867
Line_823                Line 261-254               261               254           -1.4323           0.35754             1.437          -0.34341
Line_824                Line 732-696               732               696         -0.057086          0.056282          0.057316         -0.063649
Line_825                Line 696-376               696               376          -0.47014           0.01128           0.47676        -0.0029287
Line_826                Line 584-540               584               540           0.10209           -0.0428          -0.10187            0.0387
Line_827                Line 695-313               695               313          -0.44635         -0.034461           0.45177          0.037152
Line_828                Line 502-464               502               464           0.17066        -0.0024781          -0.16965        -0.0037385
Line_829                Line 587-246               587               246           0.21564           0.12632          -0.21339          -0.13686
Line_830                Line 480-438               480               438          -0.50565           0.16312           0.50939          -0.15866
Line_831                Line 364-261               364               261           -0.6417           0.14587           0.65179          -0.12777
Line_832                Line 258-257               258               257          -0.31383         -0.053326           0.31412          0.052655
Line_833                Line 328-318               328               318         -0.041999          0.025233          0.042063         -0.035962
Line_834                Line 567-245               567               245         -0.066138         -0.051148          0.066367          0.043445
Line_835                Line 261-256               261               256          -0.13189         -0.020721           0.13205          0.016304
Line_836                Line 341-318               341               318          0.078789         -0.037794         -0.078663          0.030962
Line_837                Line 470-341               470               341           0.27452         -0.012548          -0.27011         0.0077047
Line_838                Line 556-340               556               340           -0.0576       -3.3396e-13          0.057783         -0.012042
Line_839                Line 405-400               405               400           0.41029          -0.07644           -0.4094          0.076824
Line_840                Line 628-328               628               328           0.04181          0.016772         -0.041701         -0.035233
Line_841                Line 502-363               502               363          -0.31196         0.0024781           0.31455        -0.0079345
Line_842                Line 696-291               696               291           0.16682          0.045406          -0.16607         -0.052583
Line_843                Line 317-258               317               258         -0.052213         -0.025897          0.052232          0.023226
Line_844                Line 563-297               563               297           0.38983          -0.15002           -0.3812           0.15406
Line_845                Line 438-364               438               364          -0.58789           0.15366            0.5946          -0.14587
Line_846                Line 322-695               322               695          -0.38632         -0.028445           0.38875          0.029461
Line_847                Line 323-480               323               480          -0.47372           0.17079           0.47945          -0.16512
Line_848                Line 340-540               340               540          0.028934          0.037112         -0.028925           -0.0387
Line_849                Line 423-254               423               254          -0.21914         -0.016171           0.22072         0.0038632
Line_850                Line 608-254               608               254           -0.0837            -0.001          0.083747        -0.0023825
Line_851                Line 391-339               391               339           0.14551          0.022728          -0.14472         -0.030588
Line_852                Line 391-423               391               423          -0.16641         -0.022728           0.16684          0.016171
Line_853                Line 628-322               628               322          -0.11501         -0.017772           0.11541         0.0061907
Line_854                Line 290-696               290               696           -0.0628            -0.003          0.062899        -0.0081376
Line_855                Line 459-376               459               376           0.58614         -0.041182          -0.57816          0.056122
Line_856                Line 459-260               459               260           0.27635          0.027888          -0.27476         -0.031866
Line_857                Line 257-459               257               459          -0.48152         -0.052655           0.48361          0.055013
Line_858                Line 255-460               255               460          -0.19161         -0.077072           0.19223          0.070641
Line_859                Line 460-256               460               256           0.27979          0.028331          -0.27855         -0.031404
Line_860                Line 314-273               314               273         -0.065192           0.12184          0.065662          -0.13267
Line_861                Line 637-352               637               352           0.23585         -0.059941          -0.23471          0.053148
Line_862                Line 255-259               255               259         -0.038591          0.056972          0.038599         -0.057871
Line_863                Line 584-582               584               582          -0.31139            0.0277           0.31397         -0.032189
Line_864                Line 719-308               719               308          -0.41053         -0.016733           0.41067         -0.013282
Line_865                Line 719-357               719               357          0.026406         -0.095037         -0.026303          0.068555
Line_866                Line 719-334               719               334           0.38412           0.11177           -0.3841           -0.1206
Line_867                Line 358-487               358               487       -8.8818e-15       -2.1316e-14         3.015e-08        -0.0030371
Line_868                Line 271-309               271               309           -0.0121             0.009          0.012107          -0.13505
Line_869                Line 739-357               739               357           -0.0061            -0.002         0.0061032         -0.072555
Line_870               Line 774-1050               774              1050          -0.23676          0.042169           0.23856         -0.048983
Line_871                Line 991-798               991               798          -0.55207         -0.027917           0.55978          0.040594
Line_872                Line 960-758               960               758          -0.11916          -0.02231           0.11948          0.012664
Line_873               Line 1046-775              1046               775            0.1909         -0.019283          -0.19022          0.012546
Line_874                Line 914-766               914               766           0.25973         -0.051457          -0.25486          0.042501
Line_875                Line 981-922               981               922           0.07726          0.012993          -0.07688          -0.02822
Line_876                Line 931-923               931               923          -0.12923          0.012672           0.12995         -0.023895
Line_877                Line 806-803               806               803           0.17106          0.051605          -0.17077         -0.054272
Line_878                Line 923-921               923               921          -0.15911        -0.0087494           0.15945         0.0033533
Line_879                Line 916-789               916               789          0.046177        -0.0046395         -0.046104          -0.01149
Line_880                Line 930-922               930               922         -0.098499        -0.0080151          0.098687        -0.0011929
Line_881                Line 930-923               930               923            -0.108        -0.0060849           0.10823        -0.0030068
Line_882                Line 946-865               946               865          -0.38274        -0.0011585           0.38529         0.0015472
Line_883                Line 993-773               993               773           0.32287          0.014665          -0.31864         -0.019441
Line_884                Line 796-762               796               762          -0.14158         0.0010171           0.14211         -0.011946
Line_885               Line 884-1026               884              1026           0.16029         -0.022455          -0.15941          0.010439
Line_886                Line 990-796               990               796         -0.054376         0.0032274          0.054476         -0.018117
Line_887               Line 1045-819              1045               819         0.0061757         0.0046315        -0.0061592         -0.029327
Line_888                Line 941-940               941               940          -0.10115          0.040336           0.10118         -0.041033
Line_889                Line 941-793               941               793         -0.053478         -0.012477          0.053599         0.0031586
Line_890                Line 986-755               986               755          -0.41477         -0.023629           0.41647          0.024158
Line_891                Line 972-793               972               793           0.18437         0.0036093           -0.1833        -0.0091586
Line_892                Line 941-843               941               843         -0.023203         -0.034507          0.023218          0.031124
Line_893                Line 911-843               911               843          0.071492          0.039895         -0.071418         -0.043724
Line_894                Line 943-911               943               911           0.11715           0.03869          -0.11669         -0.045895
Line_895                Line 760-943               760               943            0.2657          0.047073          -0.26484         -0.049947
Line_896                Line 891-756               891               756          -0.36439         -0.040708           0.36501          0.040654
Line_897                Line 891-886               891               886           0.27249          0.034708          -0.27222         -0.035145
Line_898                Line 890-886               890               886         -0.076607         -0.013949           0.07662          0.012945
Line_899               Line 1032-890              1032               890          0.072349         0.0039743         -0.072293        -0.0064398
Line_900               Line 1032-755              1032               755          -0.22995         -0.025074           0.23046          0.023547
Line_901                Line 779-755               779               755          -0.25953         -0.058205           0.26101          0.052604
Line_902                Line 779-776               779               776           0.15983          0.036105          -0.15917         -0.045675
Line_903                Line 984-882               984               882         -0.093654         -0.018579          0.093754          0.012034
Line_904                Line 986-984               986               984         -0.067542        -0.0061657          0.067554         0.0049882
Line_905                Line 986-758               986               758           0.27581          0.019094          -0.27464         -0.022888
Line_906               Line 1003-758              1003               758         -0.070052         -0.010937          0.070155          0.001224
Line_907               Line 1003-763              1003               763          0.070052          0.010937         -0.070035         -0.012524
Line_908                Line 883-868               883               868           0.34534          0.017765          -0.34309         -0.019589
Line_909                Line 868-763               868               763           0.22399          0.019589          -0.22366         -0.021648
Line_910                Line 916-763               916               763         -0.078477         0.0046395          0.078496        -0.0060283
Line_911                Line 877-882               877               882          0.041184          -0.04056         -0.041155          0.038397
Line_912                Line 892-877               892               877          0.089918         -0.034922         -0.089884           0.03406
Line_913                Line 876-875               876               875         0.0092531         -0.052279        -0.0092503          0.051747
Line_914                Line 888-875               888               875          0.010758          0.055482          -0.01075         -0.056747
Line_915                Line 883-871               883               871          -0.18927         -0.022038           0.19024          0.011571
Line_916                Line 887-869               887               869           -0.2233         -0.027822           0.22386          0.024098
Line_917                Line 882-878               882               878           0.18542        -0.0049327          -0.18504         0.0025281
Line_918                Line 885-878               885               878           -0.1899         -0.015873           0.19004           0.01437
Line_919                Line 887-885               887               885         -0.014901        -0.0020779          0.014903         -0.003027
Line_920                Line 883-867               883               867           0.67361          0.043908          -0.66631         -0.028218
Line_921                Line 867-833               867               833           0.39821         -0.003982          -0.39447         0.0049719
Line_922                Line 956-833               956               833          -0.32539           0.00394           0.32737        -0.0059719
Line_923                Line 898-772               898               772           0.24737         -0.070787          -0.24396          0.064799
Line_924                Line 772-770               772               770           0.08476         -0.075899         -0.084694          0.074029
Line_925                Line 880-771               880               771         -0.084924          0.043607          0.085214         -0.054834
Line_926                Line 932-882               932               882          -0.41484         -0.016968           0.42422          0.022043
Line_927                Line 892-756               892               756          -0.19127         -0.026623           0.19169          0.022363
Line_928                Line 889-882               889               882          0.082328         0.0021824         -0.082307        -0.0053842
Line_929                Line 888-883               888               883           0.12108         0.0056797          -0.12105        -0.0099807
Line_930                Line 889-756               889               756          -0.26707         -0.066468           0.26732          0.064733
Line_931                Line 870-755               870               755            0.7685           0.11876          -0.76657          -0.11411
Line_932               Line 1027-770              1027               770           0.14231        -0.0075381          -0.14172        -0.0024021
Line_933              Line 1027-1026              1027              1026          -0.39073         0.0081885           0.39629        -0.0053159
Line_934                Line 870-756               870               756           0.76977            0.1199          -0.76783          -0.11529
Line_935                Line 871-869               871               869           0.44586          0.040232          -0.44376         -0.038798
Line_936                Line 918-775               918               775         -0.069846        -0.0049465           0.06997        -0.0066552
Line_937               Line 1026-932              1026               932          -0.29838         -0.013923           0.30134         0.0089678
Line_938                Line 883-878               883               878           0.14717          0.025762            -0.147         -0.029098
Line_939                Line 880-816               880               816         -0.059904          0.031078           0.06002         -0.040353
Line_940                Line 825-816               825               816          0.096247          -0.02114         -0.096081          0.014626
Line_941               Line 1027-825              1027               825           0.13113          -0.01975          -0.13065           0.01004
Line_942                Line 816-771               816               771         -0.040039          0.016727          0.040098          -0.02791
Line_943                Line 941-829               941               829          0.040227         0.0025482           -0.0402           -0.0099
Line_944                Line 760-756               760               756           -0.3521         -0.057073           0.35516          0.055373
Line_945                Line 942-943               942               943          -0.07887        -0.0062351          0.078897         0.0042563
Line_946                Line 918-942               918               942         -0.041454        -0.0045535           0.04147        0.00023514
Line_947                Line 804-882               804               882            -0.071           -0.0199          0.071088          0.011945
Line_948                Line 774-940               774               940           0.20236         -0.042169          -0.20218          0.041033
Line_949                Line 876-892               876               892          0.028447         -0.037752         -0.028445          0.037545
Line_950                Line 835-775               835               775           -0.0904           -0.0241          0.090411          0.024133
Line_951                Line 960-789               960               789          0.052031         -0.022249         -0.051951          0.016197
Line_952                Line 910-820               910               820          -0.26926          -0.02266           0.26958          0.022003
Line_953                Line 961-790               961               790          0.058303         -0.026017         -0.058198          0.020004
Line_954                Line 961-860               961               860          -0.12137          0.045473           0.12164         -0.051097
Line_955                Line 903-860               903               860           0.26244          0.021913          -0.25984         -0.030704
Line_956               Line 1014-902              1014               902          -0.11946         -0.078625           0.11987          0.074174
Line_957               Line 1014-766              1014               766           0.02156          0.061525         -0.021322          -0.07268
Line_958               Line 1047-902              1047               902          -0.10248         -0.033276           0.10258          0.029447
Line_959              Line 1048-1041              1048              1041          -0.10942          0.028981           0.10946          -0.03004
Line_960              Line 1048-1047              1048              1047         0.0040232         -0.035981        -0.0040165          0.033276
Line_961               Line 1041-903              1041               903         -0.052894         -0.045877          0.052951          0.040208
Line_962              Line 1042-1018              1042              1018            0.3219          0.001744          -0.31654        -0.0050484
Line_963                Line 910-866               910               866          0.016333        -0.0065698         -0.016322         -0.010554
Line_964               Line 1045-903              1045               903         -0.066376         -0.016731           0.06663         0.0030548
Line_965               Line 789-1034               789              1034           0.13224           0.01939          -0.13198         -0.022385
Line_966                Line 790-782               790               782           0.12648          0.025734          -0.12625         -0.028665
Line_967                Line 951-910               951               910           -0.0698         -0.036376          0.070028           0.02823
Line_968                Line 951-773               951               773          -0.27845         -0.021778           0.28104          0.016441
Line_969                Line 946-950               946               950           0.18694         -0.023941           -0.1858          0.013201
Line_970                Line 895-790               895               790          -0.29244          0.025898           0.29654         -0.029668
Line_971               Line 1029-895              1029               895          -0.25461             0.022           0.25694         -0.025898
Line_972                Line 790-784               790               784           0.15654        0.00027247          -0.15637        -0.0021315
Line_973                Line 789-787               789               787           0.12678         0.0030143          -0.12666        -0.0060633
Line_974                Line 792-787               792               787         -0.036251        -0.0097689          0.036262         0.0060633
Line_975                Line 792-784               792               784         -0.061649       -0.00023109          0.061674        -0.0018685
Line_976              Line 1022-1017              1022              1017           -0.0194            -0.006          0.019409        -0.0047935
Line_977                Line 820-826               820               826          -0.39868         -0.022003           0.40016          0.022659
Line_978                Line 826-991               826               991          -0.45396         -0.024659           0.45813          0.028764
Line_979                Line 767-766               767               766          -0.10191        -0.0073872           0.10198          0.004288
Line_980               Line 1015-767              1015               767         -0.034089        -0.0035363          0.034107        -0.0037128
Line_981               Line 1029-884              1029               884           0.20081            -0.022          -0.20009          0.016455
Line_982               Line 809-1041               809              1041          -0.14388         -0.029879           0.14473          0.013002
Line_983                Line 808-809               808               809         -0.013479        -0.0067254          0.013481         0.0026527
Line_984                Line 944-808               944               808          0.040563          0.011711         -0.040521         -0.022211
Line_985               Line 1021-944              1021               944          0.071838         0.0049074         -0.071763         -0.011711
Line_986              Line 1042-1021              1042              1021           0.13127         0.0058108          -0.13074         -0.019257
Line_987              Line 1037-1042              1037              1042          -0.12197         -0.017196           0.12249         0.0096784
Line_988               Line 827-1037               827              1037           -0.0559                 0           0.05597         -0.005292
Line_989                Line 949-950               949               950         -0.085105         -0.018171           0.08526          0.012196
Line_990                Line 945-949               945               949         0.0084961        -0.0034874        -0.0084949        7.0757e-05
Line_991                Line 952-945               952               945          0.075205          0.016009         -0.075196         -0.016613
Line_992                Line 951-952               951               952           0.20039          0.020614              -0.2         -0.022009
Line_993                Line 899-950               899               950         -0.011291       -0.00016242          0.011293        -0.0030272
Line_994                Line 899-951               899               951         -0.015609        0.00016242          0.015612         -0.002935
Line_995               Line 1017-866              1017               866           0.10059        -0.0055229         -0.099878        -0.0095457
Line_996              Line 1018-1017              1018              1017           0.24874        -0.0029516            -0.248         0.0013165
Line_997               Line 991-1015               991              1015          0.034737       -0.00084657         -0.034711        -0.0095637
Line_998               Line 782-1034               782              1034          -0.12982         -0.023925           0.12982          0.023883
Line_999               Line 781-1034               781              1034        -0.0021603        -0.0024006         0.0021604        -0.0014981
Line_1000              Line 1035-781              1035               781        -0.0021603        -0.0024484         0.0021603         0.0024006
Line_1001              Line 1035-782              1035               782          -0.13777         -0.037511           0.13777           0.03749
Line_1002              Line 1035-783              1035               783           0.13993          0.039959           -0.1399           -0.0402
Line_1003              Line 844-1037               844              1037            -0.066           -0.0225             0.066          0.022488
Line_1004               Line 815-761               815               761          -0.20012         -0.029683           0.20119          0.020817
Line_1005               Line 992-874               992               874         -0.031335         -0.050172          0.031417          0.036321
Line_1006               Line 874-872               874               872         -0.097017         -0.053421          0.097037          0.052651
Line_1007               Line 982-872               982               872           0.23891          0.059123          -0.23794         -0.061651
Line_1008              Line 1009-971              1009               971          -0.30769        0.00077038           0.30903        -0.0033771
Line_1009              Line 1008-914              1008               914           0.37731         -0.023427          -0.37593          0.023357
Line_1010              Line 981-1039               981              1039          -0.15576         -0.015993           0.15635          0.010127
Line_1011             Line 1008-1039              1008              1039           0.23295          0.019207          -0.23166         -0.023708
Line_1012             Line 1013-1039              1013              1039           -0.0753           -0.0141          0.075306          0.013581
Line_1013              Line 1009-805              1009               805          0.055588          0.097088         -0.055093          -0.10392
Line_1014               Line 805-799               805               799          0.076359         0.0033422         -0.076294        -0.0055823
Line_1015               Line 931-799               931               799          -0.01069        -0.0015588          0.010694        -0.0065177
Line_1016               Line 798-971               798               971            0.3946          0.016664          -0.39183         -0.016723
Line_1017               Line 894-893               894               893          0.036951         -0.010038         -0.036941         0.0081987
Line_1018             Line 1012-1008              1012              1008          -0.16461         -0.069032           0.16493          0.065613
Line_1019               Line 919-828               919               828         -0.025836          0.052186          0.025885         -0.058589
Line_1020               Line 828-785               828               785         -0.034485          0.058589          0.034549         -0.062156
Line_1021               Line 894-785               894               785          0.029142         -0.015982         -0.029132          0.013971
Line_1022               Line 894-786               894               786          0.030129         -0.013377         -0.030119          0.011281
Line_1023               Line 976-973               976               973           0.35548          0.011425          -0.35313         -0.012852
Line_1024              Line 1009-762              1009               762         -0.016738          0.023299          0.016922         -0.049978
Line_1025               Line 975-762               975               762         -0.023591         -0.046453          0.023604          0.044047
Line_1026               Line 980-762               980               762           0.21832           0.14694          -0.21806          -0.14801
Line_1027               Line 980-974               980               974          -0.16282          0.044832             0.163         -0.047245
Line_1028               Line 974-964               974               964           -0.2889          0.027145           0.28912         -0.027731
Line_1029              Line 1040-976              1040               976          0.057212         0.0092627         -0.057152         -0.017567
Line_1030               Line 977-831               977               831            0.1092          0.024345           -0.1091         -0.027932
Line_1031               Line 912-831               912               831          0.028639         -0.014957         -0.028604         0.0058317
Line_1032               Line 912-786               912               786          -0.13404        -0.0021426           0.13443        -0.0025206
Line_1033               Line 948-894               948               894           0.11785         -0.031363          -0.11772          0.029397
Line_1034               Line 934-806               934               806           0.16991          0.021033          -0.16908         -0.028435
Line_1035               Line 999-935               999               935          -0.15164         -0.040092           0.15208          0.032313
Line_1036               Line 935-904               935               904           0.45227           0.10765          -0.44856          -0.10444
Line_1037               Line 904-786               904               786          0.074702         -0.075801         -0.074054          0.061536
Line_1038               Line 988-762               988               762          -0.16892          -0.16802           0.17043           0.16226
Line_1039               Line 988-965               988               965          0.053817           0.15392         -0.053605          -0.15609
Line_1040              Line 1010-761              1010               761          -0.31299         -0.067716           0.31503          0.064969
Line_1041              Line 1010-855              1010               855           0.17739          0.042616          -0.17676         -0.049204
Line_1042               Line 852-759               852               759          0.053335          -0.02894          -0.05327          0.021868
Line_1043               Line 989-759               989               759          0.091731          0.026895         -0.091532          -0.03464
Line_1044               Line 873-989               873               989           0.12044          0.034985          -0.12026         -0.039019
Line_1045               Line 854-807               854               807          0.025377           0.10596          -0.02515          -0.11314
Line_1046               Line 801-807               801               807          0.090169          -0.13466          -0.08995           0.13224
Line_1047               Line 913-801               913               801           0.12154          -0.13043          -0.12137           0.12866
Line_1048              Line 1016-785              1016               785          -0.48119         -0.008674           0.48423          0.012144
Line_1049               Line 979-959               979               959           -0.3471         -0.079643           0.34728          0.079515
Line_1050              Line 1023-994              1023               994          -0.15378         -0.025467           0.15419          0.022094
Line_1051             Line 1043-1023              1043              1023         -0.083704         -0.028997          0.083881          0.018467
Line_1052              Line 1043-989              1043               989          0.067604          0.025997         -0.067565         -0.027639
Line_1053               Line 977-761               977               761           0.27795         -0.016688          -0.27585          0.010251
Line_1054              Line 1009-819              1009               819           0.11151         -0.040381          -0.11114          0.028327
Line_1055              Line 919-1012               919              1012          0.024736         -0.052186         -0.024687          0.043932
Line_1056              Line 1016-814              1016               814           0.31979          0.016674          -0.31853         -0.018465
Line_1057              Line 1019-814              1019               814          -0.17092          0.068842           0.17113         -0.069935
Line_1058              Line 1019-805              1019               805           0.12902         -0.076842          -0.12887          0.075483
Line_1059              Line 1005-989              1005               989          -0.14245         -0.028997           0.14249           0.02815
Line_1060               Line 893-786               893               786         0.0046409        -0.0081987        -0.0046406         0.0060872
Line_1061               Line 977-865               977               865           0.44805          0.019738           -0.4416         -0.014307
Line_1062               Line 925-948               925               948           0.14514         -0.033169          -0.14475          0.028363
Line_1063               Line 925-934               925               934          -0.46296          0.047792           0.46821         -0.044074
Line_1064               Line 865-815               865               815          -0.19758         -0.032442           0.19792          0.029683
Line_1065               Line 977-959               977               959          -0.10943         -0.029498           0.10968          0.020446
Line_1066               Line 964-959               964               959          -0.48922         0.0076309           0.49274         -0.003422
Line_1067               Line 999-806               999               806          0.075238          0.044092         -0.075187          -0.04727
Line_1068               Line 852-780               852               780          0.090896         -0.013382         -0.090809         0.0057654
Line_1069              Line 1005-990              1005               990          0.063947          0.014897         -0.063924         -0.017327
Line_1070               Line 780-759               780               759         -0.025391         -0.011765          0.025402          0.004772
Line_1071               Line 850-854               850               854          0.041438          0.082954         -0.041427         -0.083226
Line_1072               Line 853-850               853               850           0.10705          0.096868          -0.10704         -0.097054
Line_1073             Line 1046-1009              1046              1009            -0.235          0.013283           0.23633         -0.020471
Line_1074               Line 757-931               757               931           -0.0377             0.008           0.03772         -0.014113
Line_1075               Line 842-925               842               925          -0.30013          0.014144           0.30172         -0.017623
Line_1076               Line 998-975               998               975          0.054946         -0.049583         -0.054909          0.046453
Line_1077               Line 857-853               857               853           0.29514           0.12002          -0.29415          -0.12097
Line_1078               Line 802-913               802               913           0.15301         -0.037215          -0.15288          0.035328
Line_1079               Line 921-842               921               842          -0.24225         -0.013353           0.24313         0.0089562
Line_1080               Line 851-857               851               857           0.37008           0.12714          -0.36934          -0.12702
Line_1081               Line 993-873               993               873           0.20294          0.050663          -0.20224         -0.055085
Line_1082               Line 992-976               992               976         -0.064365          0.015972          0.064451         -0.024991
Line_1083               Line 982-798               982               798          -0.27331         -0.069123           0.27332          0.069093
Line_1084               Line 765-913               765               913           0.19734          -0.07747          -0.19616          0.073324
Line_1085               Line 851-817               851               817          0.059242         0.0079055           -0.0592           -0.0131
Line_1086              Line 1008-810              1008               810            0.2679           0.10327          -0.26783          -0.10359
Line_1087              Line 812-1036               812              1036           -0.1388           -0.0533           0.13884          0.053424
Line_1088              Line 811-1036               811              1036           0.13888          0.053536          -0.13884         -0.053424
Line_1089              Line 1009-811              1009               811            0.4307           0.20359          -0.43038          -0.20324
Line_1090               Line 907-934               907               934           -0.1654         -0.043374           0.16647          0.029298
Line_1091               Line 904-908               904               908           -0.2794           -0.0154           0.28007          0.014364
Line_1092               Line 907-908               907               908          0.097601          0.041374         -0.097569         -0.042675
Line_1093               Line 823-854               823               854           -0.0247            -0.004          0.024705         0.0040142
Line_1094               Line 998-973               998               973          -0.24215          0.015383           0.24233         -0.016248
Line_1095               Line 856-853               856               853           -0.0645             -0.01          0.064501          0.010004
Line_1096               Line 963-913               963               913           -0.0377            -0.009            0.0377         0.0090009
Line_1097               Line 881-865               881               865           -0.0409             -0.01          0.040901          0.010002
Line_1098               Line 813-810               813               810           -0.1721           -0.0764           0.17213          0.076485
Line_1099              Line 979-1040               979              1040            0.1233          0.029443          -0.12321         -0.031763
Line_1100              Line 1050-966              1050               966          -0.20565           0.01496           0.20753         -0.025851
Line_1101               Line 969-967               969               967          -0.30775          0.048041           0.30899         -0.048887
Line_1102               Line 969-968               969               968           0.14635         -0.068141          -0.14617          0.066604
Line_1103               Line 968-939               968               939         -0.025931         -0.086704          0.026096          0.076432
Line_1104               Line 938-864               938               864          -0.14459         -0.084286           0.14501          0.078085
Line_1105               Line 864-847               864               847          -0.31711          -0.10319           0.31834           0.10151
Line_1106               Line 966-957               966               957           0.29305         0.0035761          -0.29141        -0.0058986
Line_1107               Line 970-957               970               957          -0.22468          0.039803           0.22579         -0.043892
Line_1108               Line 970-962               970               962          0.041775         -0.054903         -0.041752          0.053703
Line_1109               Line 824-794               824               794          -0.22771         -0.087063           0.22859          0.082802
Line_1110               Line 847-794               847               794           0.39717           0.17474          -0.39405           -0.1732
Line_1111               Line 966-788               966               788          0.084298            0.1194         -0.084135           -0.1224
Line_1112               Line 947-788               947               788          0.002218          -0.11587        -0.0019652            0.1073
Line_1113               Line 958-947               958               947          0.088714          -0.11357         -0.088318           0.10587
Line_1114              Line 1033-985              1033               985         -0.085844         -0.045618          0.085914          0.043969
Line_1115              Line 1000-966              1000               966         -0.079727         -0.018608          0.080019         0.0066309
Line_1116               Line 967-818               967               818          0.073646        -0.0017693         -0.073461         -0.011454
Line_1117              Line 1007-818              1007               818        -0.0089584         -0.010999         0.0089611         0.0014537
Line_1118             Line 1007-1001              1007              1001           0.20605           0.14066           -0.2059           -0.1412
Line_1119              Line 768-1001               768              1001         -0.058326         -0.084988          0.058665          0.077529
Line_1120               Line 996-769               996               769          -0.06244          -0.10718          0.062899          0.093256
Line_1121               Line 996-858               996               858          -0.00206          0.097177         0.0023241          -0.10769
Line_1122               Line 859-858               859               858              0.11         -0.099122          -0.10992          0.097688
Line_1123              Line 1001-922              1001               922          -0.10477         0.0092856           0.10542         -0.020152
Line_1124              Line 1000-845              1000               845         -0.055561          0.012171          0.055673          -0.01844
Line_1125               Line 929-845               929               845          0.088058          -0.01538         -0.087973           0.01344
Line_1126               Line 929-923               929               923          -0.24946          -0.00972           0.25015         0.0075774
Line_1127               Line 922-879               922               879           0.20958         -0.026186          -0.20843          0.017529
Line_1128               Line 927-926               927               926        5.8325e-08         -0.029212       -1.1369e-13        2.2737e-13
Line_1129               Line 794-764               794               764           0.12247          0.090402          -0.12215         -0.095906
Line_1130              Line 1024-846              1024               846          -0.63169          0.074626            0.6432         -0.051679
Line_1131              Line 1024-901              1024               901           0.49189          -0.11483          -0.48875           0.12244
Line_1132               Line 901-800               901               800           0.48335          -0.12244          -0.47736           0.12703
Line_1133              Line 1011-768              1011               768           0.14978         -0.026301          -0.14957          0.024659
Line_1134             Line 1030-1011              1030              1011           0.18833         -0.030705          -0.18738          0.026301
Line_1135              Line 1030-849              1030               849          -0.24213          0.020705           0.24335         -0.023364
Line_1136               Line 906-849               906               849         -0.038273         -0.067637          0.038532          0.056837
Line_1137               Line 920-905               920               905         -0.097897         -0.034924          0.098019           0.02701
Line_1138               Line 834-849               834               849          -0.12445         -0.083319            0.1245          0.082298
Line_1139               Line 838-837               838               837          -0.13381          0.059832           0.13389         -0.061327
Line_1140               Line 954-837               954               837           0.51347         -0.011726          -0.51039          0.016127
Line_1141               Line 839-849               839               849          -0.24261          -0.03942             0.243          0.037662
Line_1142               Line 863-839               863               839         -0.081187         -0.025934          0.081214           0.02432
Line_1143               Line 848-863               848               863           0.17717         -0.017687          -0.17701          0.015934
Line_1144               Line 954-905               954               905            0.3682          0.058368          -0.36565         -0.058775
Line_1145              Line 1028-955              1028               955          0.014999          -0.13554         -0.014753           0.13275
Line_1146              Line 1028-822              1028               822         -0.090299           0.13054          0.091146          -0.13383
Line_1147               Line 821-822               821               822           0.18837          -0.13026          -0.18795           0.12883
Line_1148               Line 955-909               955               909          0.073845          0.018123         -0.073798         -0.021834
Line_1149               Line 909-791               909               791         -0.023002          0.011834          0.023035         -0.022104
Line_1150               Line 983-791               983               791          0.098525          -0.02211         -0.098335          0.017104
Line_1151               Line 983-777               983               777          -0.10933           0.01711           0.10958         -0.022461
Line_1152               Line 778-777               778               777          0.030532          0.052169         -0.030514         -0.054389
Line_1153              Line 1050-879              1050               879          -0.11111          0.018923           0.11163         -0.027529
Line_1154               Line 957-953               957               953          -0.09578           0.03979          0.095851         -0.041594
Line_1155               Line 978-967               978               967          -0.35978          0.007344           0.36162          -0.00745
Line_1156               Line 978-953               978               953           0.33288         -0.017344          -0.33255          0.011494
Line_1157              Line 1049-768              1049               768         -0.041986          0.031826             0.042         -0.032939
Line_1158              Line 1049-995              1049               995          0.053986          -0.03601         -0.053972          0.034563
Line_1159               Line 995-933               995               933          0.010972         -0.039563         -0.010966          0.038018
Line_1160               Line 958-795               958               795          0.032303           0.00363           -0.0323            -0.005
Line_1161              Line 1006-778              1006               778            0.0952          0.045583         -0.095032         -0.052169
Line_1162              Line 803-1006               803              1006           0.12777          0.044272           -0.1275         -0.050583
Line_1163               Line 937-777               937               777           0.20903         -0.069646          -0.20817          0.066849
Line_1164              Line 937-1038               937              1038          -0.27364          0.070703           0.27478         -0.073865
Line_1165              Line 1038-862              1038               862          -0.31781          0.076143           0.31933         -0.078079
Line_1166               Line 900-764               900               764         -0.014405         -0.093662          0.014548          0.085906
Line_1167               Line 861-859               861               859           0.13154         -0.089386           -0.1315          0.089122
Line_1168               Line 985-967               985               967          -0.17201         -0.053969           0.17305          0.048271
Line_1169              Line 1000-917              1000               917          0.064588        0.00047983           -0.0645             -0.01
Line_1170               Line 937-841               937               841          0.010802        -0.0060572           -0.0108       -7.1054e-15
Line_1171              Line 1033-997              1033               997          0.085844          0.045618          -0.08584         -0.046958
Line_1172               Line 933-997               933               997         -0.032034         -0.043018           0.03204          0.041958
Line_1173               Line 955-830               955               830           0.24886         -0.020545          -0.24768          0.015305
Line_1174               Line 938-939               938               939          0.080095          0.074286         -0.079896         -0.081432
Line_1175               Line 838-834               838               834         -0.092094         -0.074932          0.092147          0.073319
Line_1176               Line 821-987               821               987          -0.23677           0.13026           0.23895          -0.13346
Line_1177               Line 962-824               962               824          -0.14115         -0.083803           0.14161          0.077063
Line_1178               Line 830-848               830               848           0.23688         -0.015305          -0.23637          0.012687
Line_1179              Line 797-1038               797              1038            -0.043            -0.005          0.043029        -0.0022782
Line_1180              Line 1007-936              1007               936          -0.35849          -0.14976             0.359            0.1498
Line_1181               Line 840-849               840               849        -0.0084498        0.00019378         0.0084499        -0.0011011
Line_1182               Line 836-840               836               840        0.00075023        -0.0003676       -0.00075023       -0.00019378
Line_1183               Line 849-836               849               836         0.0099504        -0.0010957        -0.0099502         0.0003676
Line_1184               Line 924-922               924               922         -0.029421        -0.0010357          0.029428        -0.0031958
Line_1185               Line 928-924               928               924          0.024981        -0.0019191         -0.024979         0.0010357
Line_1186               Line 922-928               922               928          0.079398        -0.0031584         -0.079381         0.0019191
Line_1187              Line 1025-966              1025               966                 0                 0                 0                 0
Line_1188             Line 1044-1000              1044              1000                 0                 0                 0                 0
Line_1189             Line 1004-1000              1004              1000                 0                 0                 0                 0
Line_1190             Line 1002-1000              1002              1000                 0                 0                 0                 0
Line_1191               Line 896-905               896               905                 0                 0                 0                 0
Line_1192               Line 896-905               896               905                 0                 0                 0                 0
Line_1193               Line 915-954               915               954                 0                 0                 0                 0
Line_1194               Line 915-954               915               954                 0                 0                 0                 0
Line_1195              Line 1020-954              1020               954                 0                 0                 0                 0
Line_1196              Line 1020-954              1020               954                 0                 0                 0                 0
Line_1197               Line 832-846               832               846                 0                 0                 0                 0
Line_1198             Line 2084-1498              2084              1498           0.10831          0.026563          -0.10803         -0.036611
Line_1199             Line 1497-1498              1497              1498            -0.108           -0.0464           0.10803           0.04531
Line_1200             Line 1197-1718              1197              1718            -0.014        -0.0081889          0.014007         -0.001032
Line_1201             Line 1196-1197              1196              1197            -0.014           -0.0082             0.014         0.0081889
Line_1202             Line 1230-1199              1230              1199           0.22646         -0.084204          -0.22568          0.079501
Line_1203             Line 1229-1230              1229              1230           -0.0352           -0.0107            0.0352          0.010652
Line_1204             Line 1234-1587              1234              1587          -0.20383          0.024475           0.20445         -0.029323
Line_1205             Line 1233-1234              1233              1234           -0.0504           -0.0194          0.050401           0.01921
Line_1206             Line 1363-1111              1363              1111          -0.47256         -0.029645           0.47982          0.035543
Line_1207             Line 1828-1575              1828              1575          0.031605         0.0095305           -0.0316           -0.0117
Line_1208             Line 1112-1828              1112              1828           0.20188          0.070441          -0.20041         -0.079411
Line_1209             Line 1827-1828              1827              1828           -0.1688           -0.0699            0.1688          0.069881
Line_1210             Line 1554-1470              1554              1470          -0.14442         -0.032434           0.14471          0.028226
Line_1211             Line 1943-1554              1943              1554          -0.14385         -0.041003           0.14442          0.032605
Line_1212             Line 1552-1554              1552              1554        5.6843e-14                 0         2.899e-12       -0.00017122
Line_1213             Line 1555-1469              1555              1469         -0.028026         -0.031137          0.028047          0.026228
Line_1214             Line 1944-1555              1944              1555        -0.0092999         -0.035428         0.0093263          0.025508
Line_1215             Line 1553-1555              1553              1555           -0.0187           -0.0058            0.0187         0.0056286
Line_1216             Line 2110-1858              2110              1858          -0.12157          -0.03689            0.1222          0.023039
Line_1217             Line 1857-1526              1857              1526           0.10647          0.019969          -0.10607         -0.033185
Line_1218             Line 1227-1095              1227              1095          0.024222           0.11729         -0.024081          -0.12176
Line_1219             Line 1226-1094              1226              1094          -0.34345           0.10816           0.34468          -0.10922
Line_1220             Line 1438-1860              1438              1860           0.52169          0.092861          -0.52106         -0.091944
Line_1221             Line 1578-1438              1578              1438           0.53169          0.098607          -0.52989         -0.096251
Line_1222             Line 1437-1438              1437              1438           -0.0082           -0.0035            0.0082         0.0033901
Line_1223             Line 1109-1641              1109              1641          0.028198          0.052919         -0.028139         -0.058552
Line_1224             Line 2085-1109              2085              1109          0.028267           0.04477         -0.028198         -0.052919
Line_1225             Line 1489-1642              1489              1642          0.073044          0.022324         -0.072958         -0.028125
Line_1226             Line 1784-1427              1784              1427           0.42876          0.053982           -0.4277         -0.053385
Line_1227             Line 1269-1784              1269              1784           0.53506          0.094536          -0.53402         -0.093072
Line_1228             Line 1578-1269              1578              1269           0.60126           0.13855          -0.59947          -0.13554
Line_1229             Line 1783-1784              1783              1784           -0.1052           -0.0417           0.10526          0.039091
Line_1230             Line 1269-1268              1269              1268          0.064411          0.041004           -0.0644           -0.0417
Line_1231             Line 1937-1188              1937              1188           0.22655         -0.077555          -0.22632          0.076103
Line_1232             Line 1580-1937              1580              1937           0.27872         -0.056726          -0.27806          0.054347
Line_1233             Line 1937-1935              1937              1935          0.051513          0.023209           -0.0515           -0.0243
Line_1234             Line 1938-1189              1938              1189           0.27868          -0.10947          -0.27832           0.10842
Line_1235             Line 1580-1938              1580              1938           0.36997         -0.062956          -0.36882          0.062107
Line_1236             Line 1938-1936              1938              1936          0.090143          0.047361           -0.0901           -0.0484
Line_1237             Line 2110-1591              2110              1591          0.099859           0.03763         -0.099462         -0.045974
Line_1238             Line 1902-1532              1902              1532           0.51259          -0.10988          -0.50766           0.11483
Line_1239             Line 1901-2077              1901              2077           0.58815         -0.050484          -0.58294           0.05755
Line_1240             Line 1546-1401              1546              1401           0.48152          -0.16216          -0.47849           0.16568
Line_1241             Line 1818-1546              1818              1546           0.48283          -0.16169          -0.48152           0.16323
Line_1242             Line 1546-1544              1546              1544        1.0041e-09        -0.0010663        7.1054e-15        1.4211e-14
Line_1243             Line 1547-1142              1547              1142          -0.27688          0.061845            0.2773         -0.063118
Line_1244             Line 1992-1547              1992              1547          -0.19695          0.090508           0.19715         -0.092062
Line_1245             Line 1547-1545              1547              1545          0.079727          0.030217           -0.0797           -0.0312
Line_1246             Line 1580-1051              1580              1051        1.0746e-07        -0.0065719                 0        3.5527e-15
Line_1247             Line 1579-1052              1579              1052         0.0058012         -0.012441           -0.0058             0.006
Line_1248             Line 1650-1220              1650              1220          0.023041          -0.04891         -0.023036          0.047688
Line_1249             Line 1205-1221              1205              1221          0.062868         -0.046059         -0.062848           0.04384
Line_1250             Line 1580-1205              1580              1205           0.13444         -0.016652          -0.13437          0.014478
Line_1251             Line 1205-1204              1205              1204          0.071506          0.031581           -0.0715           -0.0323
Line_1252             Line 1626-1454              1626              1454         -0.064373         -0.053072          0.064403          0.050729
Line_1253             Line 1690-1564              1690              1564           0.40003         -0.034893          -0.39425          0.030596
Line_1254             Line 1720-2005              1720              2005           0.26922         -0.029232          -0.26899          0.028001
Line_1255             Line 1895-2089              1895              2089           0.39973          0.050076          -0.39747         -0.050534
Line_1256             Line 1223-1895              1223              1895           0.40279          0.048188          -0.39973         -0.049037
Line_1257             Line 1894-1895              1894              1895                 0       -5.6843e-14        5.6759e-10        -0.0010395
Line_1258             Line 1667-1997              1667              1997           0.38199        -0.0086372          -0.38171         0.0084503
Line_1259             Line 1616-1518              1616              1518           0.42163         -0.030226          -0.42008          0.029752
Line_1260             Line 1444-1677              1444              1677          0.063913         -0.016845         -0.063825          0.011044
Line_1261             Line 1283-1203              1283              1203           0.54198          -0.17899          -0.53912             0.181
Line_1262             Line 1972-1728              1972              1728          -0.60832           0.14607           0.61108           -0.1421
Line_1263             Line 1336-1659              1336              1659          -0.48776          -0.18534           0.49445           0.19627
Line_1264             Line 1723-1659              1723              1659          -0.42864         -0.057308           0.43422          0.056014
Line_1265             Line 1816-1538              1816              1538            0.4159         -0.039595          -0.41473          0.037609
Line_1266             Line 1977-1175              1977              1175          -0.10179         -0.054267           0.10202           0.04539
Line_1267             Line 1976-1559              1976              1559           0.20516         0.0019602          -0.20379        -0.0055768
Line_1268             Line 1563-1470              1563              1470           0.02369         -0.082116         -0.023526          0.076404
Line_1269             Line 2111-1217              2111              1217           0.33073          0.022368          -0.32894          -0.02526
Line_1270             Line 1710-1492              1710              1492           0.12678           0.01287          -0.12647         -0.021622
Line_1271             Line 1792-1492              1792              1492          -0.10697          0.085763           0.10758         -0.093559
Line_1272             Line 2029-1227              2029              1227           0.40655           -0.0387          -0.40388          0.038368
Line_1273             Line 1432-1226              1432              1226           0.19124         -0.079796          -0.19097          0.077249
Line_1274             Line 1059-2030              1059              2030            -0.034           -0.0016          0.034045        -0.0050725
Line_1275             Line 1226-1916              1226              1916           0.29777         -0.062374          -0.29386          0.055075
Line_1276             Line 2108-1153              2108              1153           0.12984          -0.12094          -0.12904           0.11149
Line_1277             Line 1089-1436              1089              1436           0.19866         -0.046182           -0.1978          0.040257
Line_1278             Line 1396-1940              1396              1940          -0.35782          0.014458           0.35869          -0.01512
Line_1279             Line 1228-1396              1228              1396          -0.35574          0.012684           0.35782         -0.013979
Line_1280             Line 1395-1396              1395              1396       -1.4211e-14                 0        4.6299e-11       -0.00047933
Line_1281             Line 1916-1445              1916              1445           0.19491           0.11426          -0.19433          -0.11886
Line_1282             Line 1429-1183              1429              1183           0.24431          0.042881          -0.24404         -0.044317
Line_1283             Line 1714-1873              1714              1873          -0.12663          -0.07346           0.12699          0.066545
Line_1284             Line 1964-2031              1964              2031          -0.27874         -0.047014           0.28131           0.04087
Line_1285             Line 1965-1173              1965              1173          -0.22754         -0.032656           0.22841          0.027972
Line_1286             Line 1778-1617              1778              1617         -0.042054         -0.048356          0.042104          0.042139
Line_1287             Line 1430-1094              1430              1094          -0.25952         -0.042926            0.2599          0.041259
Line_1288             Line 1422-1095              1422              1095           0.18972          0.010451          -0.18927         -0.015332
Line_1289             Line 2090-1094              2090              1094            -0.007           -0.0023         0.0070003       -0.00051453
Line_1290             Line 2091-1095              2091              1095           -0.0047           -0.0023         0.0047001       -0.00050701
Line_1291             Line 1975-2015              1975              2015          -0.15029         -0.053497            0.1514          0.029572
Line_1292             Line 1293-2014              1293              2014          -0.11969         -0.066828           0.12042          0.043292
Line_1293             Line 1768-1656              1768              1656            0.5755          0.074248          -0.56572         -0.056027
Line_1294             Line 1342-1318              1342              1318         -0.010173          0.067776          0.010175         -0.067869
Line_1295             Line 1346-1342              1346              1342         -0.010157          0.066675          0.010173         -0.067533
Line_1296             Line 2084-1346              2084              1346         -0.010142          0.065817          0.010157         -0.066639
Line_1297             Line 1340-1342              1340              1342         2.558e-13       -2.8422e-13        1.3841e-11       -0.00024212
Line_1298             Line 1344-1346              1344              1346                 0        -1.819e-12                 0       -3.6343e-05
Line_1299             Line 1198-1066              1198              1066           0.15418         -0.084641          -0.15374          0.077748
Line_1300             Line 1485-1488              1485              1488           0.15301         -0.077514          -0.15285          0.075584
Line_1301             Line 1592-1352              1592              1352          -0.21356          0.019854           0.21461         -0.026554
Line_1302             Line 2084-1425              2084              1425           0.31653         -0.050968          -0.31387           0.04046
Line_1303             Line 2085-1351              2085              1351           0.32159         0.0028056          -0.31771         -0.012003
Line_1304             Line 1465-1065              1465              1065          -0.12174          -0.12219           0.12181           0.12115
Line_1305             Line 1736-1485              1736              1485          -0.10661         -0.098495           0.10684          0.093931
Line_1306             Line 1114-1455              1114              1455          0.055136          0.069158         -0.055081         -0.072449
Line_1307             Line 1504-1426              1504              1426          -0.25876          0.051324           0.25996         -0.058815
Line_1308             Line 1838-1347              1838              1347            0.2432          0.069832           -0.2432           -0.0698
Line_1309             Line 2085-1838              2085              1838           0.29401          0.083422           -0.2935         -0.083896
Line_1310             Line 1838-1837              1838              1837            0.0503          0.014064           -0.0503           -0.0141
Line_1311             Line 1345-1348              1345              1348          0.093621          0.035205           -0.0936           -0.0357
Line_1312             Line 2084-1345              2084              1345           0.25831           0.11294          -0.25804          -0.11332
Line_1313             Line 1343-1345              1343              1345           -0.1644           -0.0784           0.16442          0.078111
Line_1314             Line 1341-1066              1341              1066         -0.094478          0.038898          0.094574         -0.042579
Line_1315             Line 1317-1341              1317              1341         -0.062875          0.048465          0.062877         -0.048545
Line_1316             Line 1339-1341              1339              1341           -0.0316           -0.0099          0.031601         0.0096477
Line_1317             Line 2143-1065              2143              1065           -0.0433           -0.0154          0.043308          0.014433
Line_1318             Line 2144-1066              2144              1066           -0.0936           -0.0021          0.093633         0.0011777
Line_1319             Line 1904-1065              1904              1065          -0.35148          -0.06167           0.35192          0.060609
Line_1320             Line 1455-1966              1455              1966          0.051516          0.015632           -0.0515            -0.017
Line_1321             Line 1456-1967              1456              1967           0.11248          0.031436           -0.1124           -0.0327
Line_1322             Line 1801-1645              1801              1645          0.079261         -0.023882         -0.079057          0.015739
Line_1323             Line 1777-1646              1777              1646          0.041471          0.021646         -0.041443         -0.025239
Line_1324             Line 2142-1519              2142              1519          -0.38952           0.03726           0.39197         -0.039067
Line_1325             Line 2084-1350              2084              1350           0.05564          0.094644         -0.055569         -0.096668
Line_1326             Line 1349-1065              1349              1065          -0.12153        -0.0024402           0.12166         -0.002156
Line_1327             Line 1851-1066              1851              1066          -0.20721         -0.065204           0.20755          0.062194
Line_1328             Line 1915-1503              1915              1503         -0.069356          0.042892          0.069528         -0.055065
Line_1329             Line 2141-1915              2141              1915           0.35321         -0.053467           -0.3523           0.05215
Line_1330             Line 1914-1897              1914              1897          0.043424          0.017056         -0.043394         -0.024136
Line_1331             Line 1946-1711              1946              1711           0.21527          0.025591          -0.21468         -0.028094
Line_1332             Line 2101-1486              2101              1486         -0.073123          0.084058          0.073164         -0.085821
Line_1333             Line 1591-1536              1591              1536           0.12552          0.013409          -0.12536         -0.018236
Line_1334             Line 1537-1108              1537              1108          0.087859         0.0080282           -0.0878         -0.011804
Line_1335             Line 1945-1216              1945              1216          -0.23398         -0.026524           0.23523          0.020303
Line_1336             Line 1791-1735              1791              1735         -0.024327          -0.10427          0.024608          0.092686
Line_1337             Line 1486-1433              1486              1433          0.079443          0.018475         -0.079233         -0.032023
Line_1338             Line 2084-1864              2084              1864          0.042993          0.041472         -0.042915         -0.050732
Line_1339             Line 2100-1466              2100              1466         -0.039278          -0.11447          0.039534           0.10398
Line_1340             Line 1164-1456              1164              1456          0.036958          0.077876         -0.036958         -0.077888
Line_1341             Line 2084-1164              2084              1164           0.11571          0.093418          -0.11551          -0.09686
Line_1342             Line 1163-1164              1163              1164           -0.0785           -0.0226          0.078552          0.018983
Line_1343             Line 2084-1113              2084              1113           0.16186           0.09552          -0.16174         -0.096972
Line_1344             Line 1490-2085              1490              2085         -0.091745          -0.03183           0.09205          0.019135
Line_1345             Line 2085-1802              2085              1802           0.19129        -0.0081052          -0.19076         0.0050574
Line_1346             Line 1867-1852              1867              1852         -0.094586         -0.020351           0.09461          0.018987
Line_1347             Line 1865-1867              1865              1867         -0.094586         -0.020374          0.094586          0.020363
Line_1348             Line 1866-1867              1866              1867       -2.3404e-13        -1.819e-12        2.3404e-13       -1.2031e-05
Line_1349             Line 1456-1903              1456              1903            -0.192         -0.031491           0.19218          0.028814
Line_1350             Line 1676-1777              1676              1777          0.063825         -0.012047         -0.063817          0.011307
Line_1351             Line 1487-1455              1487              1455          0.053344          -0.10249         -0.053152          0.096756
Line_1352             Line 1170-1065              1170              1065       -1.7408e-13       -5.8975e-13        5.3465e-09        -0.0021799
Line_1353             Line 1171-1066              1171              1066       -1.7053e-13       -5.7554e-13        5.3454e-09        -0.0021794
Line_1354             Line 1471-1147              1471              1147         -0.087851           0.10524          0.088159          -0.11215
Line_1355             Line 2124-1146              2124              1146           0.25213         -0.038046          -0.25186          0.036516
Line_1356             Line 1472-1062              1472              1062          0.045523         0.0095743         -0.045497         -0.012871
Line_1357             Line 1148-1921              1148              1921         0.0079765           0.29126        -0.0064141          -0.29461
Line_1358             Line 1510-1442              1510              1442          -0.17726         -0.047399           0.17769          0.042562
Line_1359             Line 2045-1510              2045              1510          -0.30624        -0.0043621           0.30719         0.0013255
Line_1360             Line 1260-1149              1260              1149           0.21222           0.36185          -0.21188          -0.36174
Line_1361             Line 1890-1237              1890              1237          -0.41941          -0.12462           0.42346           0.12311
Line_1362             Line 2093-1655              2093              1655          -0.50453         -0.083606           0.50487          0.084169
Line_1363             Line 2038-2093              2038              2093           0.15046           0.18386           -0.1498          -0.18642
Line_1364             Line 1921-2037              1921              2037           0.42312           0.27336          -0.42133          -0.27178
Line_1365             Line 2150-1951              2150              1951           0.28275           0.10697          -0.28203           -0.1078
Line_1366             Line 1637-1539              1637              1539          -0.36046          0.056182           0.36082         -0.056528
Line_1367             Line 1653-1057              1653              1057           0.11034            0.1528           -0.1102          -0.15458
Line_1368             Line 1261-1639              1261              1639          -0.47184          -0.44705           0.47287           0.44792
Line_1369             Line 1941-1511              1941              1511           -0.1849          -0.19064           0.18581           0.18785
Line_1370             Line 1973-1920              1973              1920           0.50999          -0.16901          -0.50364           0.16874
Line_1371             Line 2046-1058              2046              1058          0.050342         -0.097461         -0.050301          0.095668
Line_1372             Line 1238-1511              1238              1511          -0.50267          -0.14495           0.50457            0.1469
Line_1373             Line 1722-1921              1722              1921          0.089534         -0.080048         -0.089499          0.079028
Line_1374             Line 1441-1793              1441              1793          -0.23029         -0.049896           0.23076          0.046832
Line_1375             Line 2109-1227              2109              1227          -0.30704          0.078089           0.30874          -0.08116
Line_1376             Line 1461-1228              1461              1228          -0.42353        -0.0041314           0.42422         0.0030219
Line_1377             Line 2040-1794              2040              1794          -0.23699         -0.058346           0.23792          0.053575
Line_1378             Line 1064-2040              1064              2040           -0.1464         -0.039746           0.14674           0.03463
Line_1379             Line 2039-2040              2039              2040           -0.0902           -0.0257          0.090248          0.023716
Line_1380             Line 2106-1446              2106              1446         -0.073291         -0.067857          0.073427          0.060538
Line_1381             Line 1979-2106              1979              2106          -0.45267         -0.071461           0.46013          0.068562
Line_1382             Line 1834-1510              1834              1510           0.12111          -0.12692          -0.12095           0.12451
Line_1383             Line 2150-1510              2150              1510          -0.58275          -0.19381            0.5909           0.20583
Line_1384             Line 2067-2038              2067              2038           -0.1056           -0.0392           0.10576           0.03429
Line_1385             Line 1835-2151              1835              2151          -0.15904         -0.073383           0.15978          0.063927
Line_1386             Line 1510-1240              1510              1240        8.1732e-10        -0.0012261                 0        2.8422e-14
Line_1387             Line 1891-2151              1891              2151            0.3234           0.10492          -0.32148          -0.10843
Line_1388             Line 1472-1942              1472              1942          -0.10977          -0.16985            0.1099           0.16901
Line_1389             Line 2107-1793              2107              1793          -0.58746         -0.074855           0.59457          0.087327
Line_1390             Line 1226-1793              1226              1793           0.23665          -0.12303          -0.23621           0.12136
Line_1391             Line 1227-1794              1227              1794           0.12912         -0.075333          -0.12898          0.072669
Line_1392             Line 1471-1793              1471              1793           -0.2707         -0.090329           0.27199          0.086765
Line_1393             Line 1655-1335              1655              1335          -0.30573          -0.14996           0.30635           0.14979
Line_1394             Line 1239-1654              1239              1654           0.30881           0.21062          -0.30834          -0.21105
Line_1395             Line 2057-1952              2057              1952          -0.08608         -0.036631          0.086231          0.028871
Line_1396             Line 1638-1833              1638              1833           0.31135         -0.076053          -0.31092          0.075083
Line_1397             Line 2056-1836              2056              1836          -0.11202          -0.05877           0.11223          0.053566
Line_1398             Line 1462-2125              1462              2125           0.33223         -0.021564          -0.33064          0.018083
Line_1399             Line 1640-1511              1640              1511          -0.72002          -0.54438           0.72194           0.54938
Line_1400             Line 1920-1510              1920              1510         -0.047682          -0.31929          0.049604           0.31689
Line_1401             Line 1978-1089              1978              1089           0.31195           0.01404          -0.31056         -0.017118
Line_1402             Line 1228-1612              1228              1612         -0.068479         -0.015706          0.068514          0.012154
Line_1403             Line 1613-1182              1613              1182         -0.081414         -0.018959          0.081442          0.016994
Line_1404             Line 1511-1202              1511              1202           -0.3722           0.25814            0.3752          -0.25738
Line_1405             Line 1158-1219              1158              1219         -0.061271         0.0016404          0.061313        -0.0072128
Line_1406             Line 1156-1158              1156              1158       -0.00046851           0.02564        0.00047119         -0.027804
Line_1407             Line 1180-1158              1180              1158           -0.0608           -0.0262            0.0608          0.026164
Line_1408             Line 1868-1562              1868              1562           0.12377         -0.051893          -0.12319          0.044809
Line_1409             Line 1763-1868              1763              1868          -0.53345         -0.089732            0.5401          0.097326
Line_1410             Line 1822-1763              1822              1763          -0.47712         -0.078293           0.47725           0.07829
Line_1411             Line 1761-1763              1761              1763           -0.0562           -0.0115            0.0562          0.011442
Line_1412             Line 1709-1282              1709              1282            0.6153          -0.15143           -0.6146           0.15241
Line_1413             Line 1982-1590              1982              1590          -0.75648          -0.20344           0.76305           0.21886
Line_1414             Line 2092-1132              2092              1132           0.28042          0.087591          -0.27971         -0.089633
Line_1415             Line 2113-2092              2113              2092           0.38082           0.10961          -0.38006          -0.10971
Line_1416             Line 2136-2092              2136              2092         -0.099638         -0.022165          0.099639          0.022119
Line_1417             Line 1076-2136              1076              2136        5.6843e-14        2.2737e-13        1.7053e-12       -0.00015783
Line_1418             Line 2134-2136              2134              2136           -0.0996           -0.0243          0.099638          0.022323
Line_1419             Line 1067-1332              1067              1332         0.0058402         -0.070948        -0.0057878          0.065167
Line_1420             Line 1815-1512              1815              1512          -0.64922         -0.045711           0.65714          0.054697
Line_1421             Line 1660-1769              1660              1769           0.34176           0.10977          -0.34104          -0.11106
Line_1422             Line 1165-1868              1165              1868            -0.061           -0.0249          0.061078          0.020153
Line_1423             Line 1660-1415              1660              1415         -0.074784        -0.0061217          0.074805         0.0046918
Line_1424             Line 1416-1132              1416              1132          -0.24431         -0.062936           0.24461          0.061133
Line_1425             Line 2076-1659              2076              1659           0.19351          -0.15168          -0.19283           0.14903
Line_1426             Line 1421-1659              1421              1659           0.24891         -0.097948          -0.24787          0.094924
Line_1427             Line 1813-1421              1813              1421           0.27265         -0.093254          -0.27231          0.092224
Line_1428             Line 1421-1419              1421              1419            0.0234         0.0057239           -0.0234            -0.006
Line_1429             Line 1660-1407              1660              1407          -0.25848          -0.12475           0.25961           0.12087
Line_1430             Line 1315-1391              1315              1391           -0.5972          -0.28924           0.59823           0.29112
Line_1431             Line 1406-1315              1406              1315          -0.57062          -0.28177            0.5726           0.28216
Line_1432             Line 1315-1313              1315              1313          0.024601         0.0070795           -0.0246            -0.008
Line_1433             Line 1635-1858              1635              1858         -0.019338          -0.19457          0.019619           0.19194
Line_1434             Line 1678-1635              1678              1635          0.035902          -0.17664         -0.035768           0.17512
Line_1435             Line 1633-1635              1633              1635           -0.0551           -0.0199          0.055107          0.019445
Line_1436             Line 1299-1857              1299              1857          -0.23005          -0.23669           0.23013            0.2366
Line_1437             Line 1078-1299              1078              1299          -0.13615           -0.2078           0.13655           0.20598
Line_1438             Line 1297-1299              1297              1299           -0.0935           -0.0308          0.093502          0.030708
Line_1439             Line 1644-1858              1644              1858             0.171         -0.021343          -0.17081          0.018927
Line_1440             Line 1643-1857              1643              1857         -0.082663          -0.08928          0.082761          0.086481
Line_1441             Line 1859-1987              1859              1987            0.3177         -0.014606          -0.31649          0.011442
Line_1442             Line 1898-1944              1898              1944           0.38703        -0.0088435          -0.38581         0.0084984
Line_1443             Line 1411-1453              1411              1453           -0.0246           -0.0127          0.024602          0.011182
Line_1444             Line 1607-1704              1607              1704            0.2615          0.053888          -0.26137          -0.05457
Line_1445             Line 2035-2018              2035              2018          -0.16656         -0.062296           0.16681          0.059249
Line_1446             Line 1663-1847              1663              1847           -1.1369          -0.10661            1.1379           0.10934
Line_1447             Line 1869-1663              1869              1663           -1.1806        -0.0093521            1.1872          0.028554
Line_1448             Line 1661-1663              1661              1663            0.0504         -0.078408         -0.050394          0.078057
Line_1449             Line 2062-1868              2062              1868           0.83713           0.11933          -0.83034          -0.10349
Line_1450             Line 1362-1161              1362              1161          -0.10433        -0.0051061           0.10437         0.0035611
Line_1451             Line 1962-1508              1962              1508          -0.33632          0.077829           0.33685         -0.078675
Line_1452             Line 2098-1702              2098              1702          -0.62046          -0.07922           0.62201          0.081817
Line_1453             Line 1208-2098              1208              2098          -0.56959         -0.059364           0.57006          0.060144
Line_1454             Line 2096-2098              2096              2098           -0.0504           -0.0191            0.0504          0.019076
Line_1455             Line 1208-1840              1208              1840           0.44899          0.017764          -0.44878         -0.017571
Line_1456             Line 1662-1847              1662              1847             0.069         -0.079134         -0.068987           0.07846
Line_1457             Line 1154-1596              1154              1596           0.29323           0.03993          -0.29274         -0.041123
Line_1458             Line 1300-1647              1300              1647          0.092937          0.072008         -0.092843         -0.074551
Line_1459             Line 1858-1300              1858              1300           0.18646           0.10116          -0.18644          -0.10129
Line_1460             Line 1300-1298              1300              1298          0.093507          0.029287           -0.0935           -0.0297
Line_1461             Line 1355-1188              1355              1188           -0.0386           -0.0125          0.038602          0.011693
Line_1462             Line 2063-1548              2063              1548           0.33606         0.0082648          -0.33489         -0.010216
Line_1463             Line 1789-1963              1789              1963          -0.31533          0.054093           0.31566         -0.054501
Line_1464             Line 1636-1789              1636              1789          -0.09614           0.12353           0.09628          -0.12571
Line_1465             Line 1079-1636              1079              1636         -0.062155           0.13408          0.062238          -0.13557
Line_1466             Line 1789-1787              1789              1787           0.21905          0.071618            -0.219           -0.0718
Line_1467             Line 1634-1636              1634              1636           -0.0339           -0.0125          0.033903           0.01204
Line_1468             Line 1962-1364              1962              1364          -0.54959         0.0015972           0.55073        0.00033446
Line_1469             Line 1453-2053              1453              2053          0.046807          0.015746           -0.0468           -0.0171
Line_1470             Line 1453-1247              1453              1247        9.2598e-11       -0.00057505                 0        5.6843e-14
Line_1471             Line 1705-1218              1705              1218           0.16787          0.014622          -0.16781         -0.015591
Line_1472             Line 2063-1698              2063              1698            1.0068           0.14564           -1.0037          -0.13851
Line_1473             Line 1848-2064              1848              2064          -0.23552          -0.12603           0.23657           0.12147
Line_1474             Line 1316-1193              1316              1193           0.15668           0.13736          -0.15664          -0.13772
Line_1475             Line 1740-1316              1740              1316           0.15673           0.13619          -0.15668          -0.13675
Line_1476             Line 1316-1314              1316              1314         9.824e-11        -0.0006075        1.4211e-14        1.1369e-13
Line_1477             Line 1417-1131              1417              1131           0.24715          -0.23762          -0.24688           0.23718
Line_1478             Line 2133-1417              2133              1417           0.24737          -0.23779          -0.24715           0.23762
Line_1479             Line 2130-2133              2130              2133           0.24737          -0.23781          -0.24737            0.2378
Line_1480             Line 2132-2133              2132              2133        -2.387e-15        2.2737e-13         2.387e-15       -1.1895e-05
Line_1481             Line 1475-1331              1475              1331           -0.3233          0.010849           0.32339         -0.011022
Line_1482             Line 2060-1475              2060              1475          -0.30894          0.011845            0.3093         -0.012782
Line_1483             Line 1475-1473              1475              1473             0.014         0.0019339            -0.014           -0.0023
Line_1484             Line 1135-1331              1135              1331          -0.52239         -0.039793           0.52263          0.040091
Line_1485             Line 2105-1135              2105              1135          -0.46081         -0.016803           0.46149           0.01728
Line_1486             Line 1133-1135              1133              1135           -0.0609           -0.0228          0.060902          0.022513
Line_1487             Line 1496-1331              1496              1331           -0.2866         -0.083787           0.28728          0.082593
Line_1488             Line 1943-1496              1943              1496          -0.22322         -0.064359           0.22348          0.063203
Line_1489             Line 1496-1493              1496              1493           0.06312          0.020584           -0.0631           -0.0217
Line_1490             Line 1543-1331              1543              1331            0.1437         -0.061988           -0.1434          0.057889
Line_1491             Line 1944-1543              1944              1543           0.24191          -0.02327           -0.2419          0.023258
Line_1492             Line 1542-1543              1542              1543           -0.0982           -0.0388          0.098202           0.03873
Line_1493             Line 1589-1513              1589              1513          -0.53048          -0.16967            0.5306           0.16983
Line_1494             Line 1589-1513              1589              1513          -0.53048          -0.16967            0.5306           0.16983
Line_1495             Line 1359-1330              1359              1330           0.18521       -0.00078679          -0.18487        -0.0036019
Line_1496             Line 1361-1359              1361              1359           0.44648           0.10966          -0.44644          -0.10964
Line_1497             Line 1589-1361              1589              1361           0.44658           0.10972          -0.44648          -0.10966
Line_1498             Line 1356-1359              1356              1359           -0.2612           -0.1105           0.26123           0.11042
Line_1499             Line 1880-1332              1880              1332          0.033966          0.073258         -0.033918         -0.076907
Line_1500             Line 1358-1880              1358              1880          0.056195           0.07987         -0.056167         -0.081373
Line_1501             Line 1590-1358              1590              1358          0.056202          0.079419         -0.056195          -0.07987
Line_1502             Line 1879-1880              1879              1880           -0.0222           -0.0091          0.022201         0.0081141
Line_1503             Line 1246-2095              1246              2095         -0.027761          0.011069          0.027762         -0.011667
Line_1504             Line 1648-1246              1648              1246         -0.027757         0.0089501          0.027761         -0.010757
Line_1505             Line 1245-1246              1245              1246       -2.8422e-14                 0        1.3415e-11       -0.00031267
Line_1506             Line 2064-1739              2064              1739           0.36365           0.21769          -0.36304          -0.21755
Line_1507             Line 1370-1749              1370              1749          -0.15271        -0.0044166           0.15293        -7.877e-05
Line_1508             Line 1610-1188              1610              1188          -0.42388         -0.067236           0.42455          0.067312
Line_1509             Line 2035-2019              2035              2019          -0.51835          -0.12131           0.51933           0.12082
Line_1510             Line 1839-1142              1839              1142           0.38567          0.010632          -0.38496         -0.010682
Line_1511             Line 1567-1142              1567              1142           -0.0608           -0.0205          0.060805          0.020231
Line_1512             Line 1568-1143              1568              1143           -0.0666           -0.0251          0.066605          0.024824
Line_1513             Line 2065-1883              2065              1883          0.081918          0.031611           -0.0819           -0.0325
Line_1514             Line 2066-1884              2066              1884          0.081917          0.027102           -0.0819            -0.028
Line_1515             Line 1850-1330              1850              1330         -0.057531         -0.065757          0.057554          0.064595
Line_1516             Line 2066-1850              2066              1850         -0.042308         -0.065947          0.042331          0.064045
Line_1517             Line 1849-1850              1849              1850           -0.0152           -0.0034          0.015201         0.0017124
Line_1518             Line 2065-1330              2065              1330           -0.3403          -0.16074           0.34126           0.16032
Line_1519             Line 1476-1330              1476              1330          0.013779         -0.066606         -0.013773          0.065941
Line_1520             Line 1697-1476              1697              1476          0.086341         -0.049549         -0.086282          0.046486
Line_1521             Line 2074-1697              2074              1697           0.11205         -0.038408          -0.11204          0.038011
Line_1522             Line 1476-1474              1476              1474          0.072503          0.020121           -0.0725           -0.0205
Line_1523             Line 1695-1697              1695              1697           -0.0257           -0.0116            0.0257          0.011538
Line_1524             Line 1605-1330              1605              1330          -0.27483          -0.12901           0.27539           0.12753
Line_1525             Line 2008-1641              2008              1641         -0.071306          0.042739          0.071365         -0.045776
Line_1526             Line 2048-2008              2048              2008          0.045934          0.078394          -0.04585         -0.082036
Line_1527             Line 2006-2008              2006              2008           -0.1171           -0.0402           0.11716          0.039297
Line_1528             Line 2009-1642              2009              1642         -0.067113         -0.028717          0.067158          0.025659
Line_1529             Line 1826-2009              1826              2009          0.049957         0.0058383         -0.049939        -0.0086841
Line_1530             Line 2007-2009              2007              2009            -0.117           -0.0382           0.11705          0.037401
Line_1531             Line 2065-1929              2065              1929          0.080713          0.017232           -0.0807           -0.0183
Line_1532             Line 1453-1220              1453              1220          -0.67304       -0.00085661           0.67418          0.004076
Line_1533             Line 1641-1365              1641              1365          0.016401         0.0047882           -0.0164           -0.0057
Line_1534             Line 1521-1604              1521              1604          -0.15834         -0.090095           0.15842          0.088973
Line_1535             Line 1642-1366              1642              1366         0.0058001         0.0024666           -0.0058           -0.0034
Line_1536             Line 1242-1856              1242              1856           0.80927          0.087902          -0.80868         -0.086742
Line_1537             Line 1943-1242              1943              1242           0.84075          0.097933          -0.83967          -0.09565
Line_1538             Line 1242-1241              1242              1241            0.0304         0.0077485           -0.0304            -0.008
Line_1539             Line 1608-1853              1608              1853          -0.50284          -0.16476           0.50356           0.16671
Line_1540             Line 1189-1502              1189              1502           0.93811           0.25636          -0.93436          -0.24609
Line_1541             Line 2065-1596              2065              1596          0.083297          0.076537         -0.083254         -0.078124
Line_1542             Line 1098-1643              1098              1643         -0.014788         -0.010691          0.014789         0.0098752
Line_1543             Line 2095-1098              2095              1098          0.027417         0.0031376         -0.027414        -0.0051838
Line_1544             Line 1098-1096              1098              1096          0.042202          0.015875           -0.0422           -0.0161
Line_1545             Line 1460-1644              1460              1644          0.013475         -0.087068         -0.013461          0.086161
Line_1546             Line 1846-1460              1846              1460          0.072023         -0.069909         -0.071976          0.067692
Line_1547             Line 1459-1460              1459              1460           -0.0585           -0.0194            0.0585          0.019376
Line_1548             Line 1454-2025              1454              2025          0.086813          0.033094           -0.0868           -0.0342
Line_1549             Line 2026-1453              2026              1453          -0.52542         0.0015567           0.52573         -0.001115
Line_1550             Line 1143-2026              1143              2026          -0.44671          0.031885           0.44802         -0.031152
Line_1551             Line 2024-2026              2024              2026           -0.0774           -0.0298          0.077403          0.029595
Line_1552             Line 1321-1332              1321              1332            -0.021        -0.0055667          0.021003          0.002646
Line_1553             Line 1494-1321              1494              1321            -0.021           -0.0068             0.021         0.0066509
Line_1554             Line 1319-1321              1319              1321       -7.1054e-15                 0        5.6599e-10        -0.0010843
Line_1555             Line 2036-2122              2036              2122           0.40159           0.15802          -0.40034          -0.15759
Line_1556             Line 1775-1060              1775              1060          -0.38264         -0.035848           0.38309          0.035771
Line_1557             Line 1105-1775              1105              1775           -0.3263         -0.015771           0.32644          0.015495
Line_1558             Line 1775-1773              1775              1773          0.056207          0.020353           -0.0562           -0.0212
Line_1559             Line 2002-1232              2002              1232         -0.095612          0.053075          0.095631         -0.053752
Line_1560             Line 1099-2003              1099              2003         -0.065691         0.0063737          0.065712          -0.00856
Line_1561             Line 2095-1099              2095              1099         -0.055178         0.0085291          0.055191         -0.010545
Line_1562             Line 1099-1097              1099              1097            0.0105         0.0041717           -0.0105           -0.0044
Line_1563             Line 1454-1996              1454              1996          -0.30531          0.031354            0.3057         -0.032436
Line_1564             Line 1673-1512              1673              1512          -0.53106          -0.11445           0.53426           0.11883
Line_1565             Line 2022-1673              2022              1673          -0.46053         -0.087802           0.46194          0.089138
Line_1566             Line 1673-1671              1673              1671          0.069117          0.025307           -0.0691           -0.0268
Line_1567             Line 1672-1263              1672              1263           0.25924          0.066133          -0.25874         -0.068174
Line_1568             Line 1585-1672              1585              1672           0.34008           0.09108          -0.33897         -0.092347
Line_1569             Line 1512-1585              1512              1585           0.42005           0.11824          -0.41969          -0.11814
Line_1570             Line 1672-1670              1672              1670          0.079722          0.026214           -0.0797           -0.0277
Line_1571             Line 1585-1583              1585              1583          0.079618          0.027056           -0.0796           -0.0277
Line_1572             Line 2002-1643              2002              1643            0.1288          -0.02051          -0.12872          0.018501
Line_1573             Line 2121-2066              2121              2066          0.077884          -0.01855         -0.077859          0.016827
Line_1574             Line 1369-2120              1369              2120          0.093104         -0.013794         -0.093085          0.012845
Line_1575             Line 1600-1811              1600              1811         -0.092661         -0.098484          0.092704          0.097362
Line_1576             Line 2036-1600              2036              1600         -0.022406         -0.077348          0.022437          0.075035
Line_1577             Line 1600-1598              1600              1598          0.070224          0.023449           -0.0702           -0.0245
Line_1578             Line 1253-1454              1253              1454          -0.32435         -0.097675           0.32448          0.097519
Line_1579             Line 1274-1253              1274              1253          -0.28538         -0.086519           0.28575          0.085311
Line_1580             Line 1252-1253              1252              1253           -0.0386           -0.0125            0.0386          0.012364
Line_1581             Line 1958-1877              1958              1877           -0.0761           -0.0291          0.076137          0.026313
Line_1582             Line 2123-1878              2123              1878           0.19104           0.09024          -0.19074         -0.092525
Line_1583             Line 1976-1821              1976              1821          -0.32166         -0.019041            0.3223          0.017662
Line_1584             Line 2064-1131              2064              1131           0.69247            0.2838          -0.68445          -0.26482
Line_1585             Line 2065-1254              2065              1254          0.034568         0.0075364         -0.034564         -0.008586
Line_1586             Line 1696-1255              1696              1255        0.00053588         0.0061913       -0.00053562        -0.0085149
Line_1587             Line 1520-1696              1520              1696          0.032138           0.01589         -0.032136          -0.01683
Line_1588             Line 1694-1696              1694              1696           -0.0316           -0.0107            0.0316          0.010639
Line_1589             Line 2018-1738              2018              1738          -0.37502         -0.050277            0.3759           0.04976
Line_1590             Line 1737-1513              1737              1513           -0.0199            -0.008          0.019904         0.0030258
Line_1591             Line 1876-1513              1876              1513          -0.19976         -0.068347           0.19978          0.068007
Line_1592             Line 1930-1876              1930              1876           -0.1482         -0.057008           0.14836           0.05153
Line_1593             Line 2066-1930              2066              1930          -0.07445         -0.023482          0.074488          0.020299
Line_1594             Line 1874-1876              1874              1876           -0.0514           -0.0171          0.051401          0.016817
Line_1595             Line 1928-1930              1928              1930           -0.0737           -0.0376          0.073712          0.036709
Line_1596             Line 1812-1095              1812              1095          -0.20851            -0.143           0.20865           0.14225
Line_1597             Line 1599-1094              1599              1094         -0.020176         -0.027097          0.020179          0.025694
Line_1598             Line 1262-1599              1262              1599          0.020835         -0.019241         -0.020831           0.01709
Line_1599             Line 1599-1597              1599              1597          0.041008          0.010008            -0.041           -0.0111
Line_1600             Line 1551-1807              1551              1807           0.56572           0.03589          -0.56071         -0.027675
Line_1601             Line 2062-1551              2062              1551           0.65828          0.073913          -0.65463         -0.066361
Line_1602             Line 1550-1551              1550              1551           -0.0889           -0.0311          0.088912          0.030471
Line_1603             Line 1933-1847              1933              1847           0.14853          0.056336          -0.14843         -0.058215
Line_1604             Line 1360-1590              1360              1590          -0.63333          -0.22226            0.6336            0.2228
Line_1605             Line 2128-1360              2128              1360                 0       -3.5527e-15        4.6183e-08        -0.0045715
Line_1606             Line 1357-1360              1357              1360            -0.633           -0.2261           0.63333           0.22683
Line_1607             Line 1590-1716              1590              1716           0.37077           0.17562          -0.36976          -0.17541
Line_1608             Line 1762-1977              1762              1977                 0        1.4211e-14        2.6093e-08        -0.0031523
Line_1609             Line 2017-1443              2017              1443         -0.086354         -0.053145          0.086495          0.046862
Line_1610             Line 1195-1160              1195              1160           0.30412          -0.13727          -0.30277           0.13603
Line_1611             Line 1619-1159              1619              1159          0.038602          -0.16468         -0.038259           0.15818
Line_1612             Line 1658-1400              1658              1400          0.097284         -0.036235         -0.097205          0.032456
Line_1613             Line 1667-1658              1667              1658           0.11371         -0.030281          -0.11368          0.029347
Line_1614             Line 1658-1657              1658              1657            0.0164         0.0068875           -0.0164           -0.0069
Line_1615             Line 1631-1400              1631              1400          0.098364         -0.028954         -0.098322          0.026997
Line_1616             Line 1956-1578              1956              1578          -0.42942         -0.028555            0.4303           0.02874
Line_1617             Line 1444-1578              1444              1578          -0.42641          0.029596           0.43157         -0.027774
Line_1618             Line 1444-2138              1444              2138           0.08311          -0.10314         -0.083022           0.10001
Line_1619             Line 1617-2137              1617              2137           0.10552           0.17029          -0.10548          -0.17072
Line_1620             Line 1909-1955              1909              1955          -0.38976         -0.011421           0.39071          0.011242
Line_1621             Line 1907-1909              1907              1909           -0.3882         -0.012774           0.38976          0.011421
Line_1622             Line 1443-1071              1443              1071          0.061483         -0.080526         -0.061442          0.078344
Line_1623             Line 1212-1541              1212              1541           0.11628         -0.025072          -0.11621          0.022608
Line_1624             Line 1443-1264              1443              1264          -0.23746          0.048963           0.23766         -0.049947
Line_1625             Line 1265-1908              1265              1908          -0.24706          0.046403            0.2476         -0.049588
Line_1626             Line 1440-1400              1440              1400          -0.47011         0.0014978           0.47181        4.3809e-06
Line_1627             Line 1684-1400              1684              1400          -0.32869         -0.027968           0.32881          0.027752
Line_1628             Line 1191-1431              1191              1431           0.35604        -0.0076677          -0.35524         0.0067443
Line_1629             Line 1993-1524              1993              1524           0.13955          -0.11084          -0.13934           0.10796
Line_1630             Line 2126-2118              2126              2118         -0.034669          -0.12103          0.034688           0.12039
Line_1631             Line 1706-1616              1706              1616           -0.0129           -0.0062          0.012901         0.0035705
Line_1632             Line 1707-1617              1707              1617           -0.0164           -0.0071          0.016402         0.0044959
Line_1633             Line 1616-2119              1616              2119           0.18323           0.16532          -0.18319          -0.16552
Line_1634             Line 1072-2127              1072              2127         -0.024159          -0.11705          0.024168           0.11672
Line_1635             Line 2139-1617              2139              1617          -0.16736          -0.13232           0.16743           0.13165
Line_1636             Line 1892-1887              1892              1887           -0.1813           0.03731           0.18139         -0.038662
Line_1637             Line 2021-1159              2021              1159          0.099479         -0.064692         -0.099421          0.062433
Line_1638             Line 1893-2021              1893              2021           0.10179         -0.062725          -0.10178          0.062141
Line_1639             Line 2020-2021              2020              2021           -0.0023           -0.0026            0.0023         0.0025508
Line_1640             Line 1923-1401              1923              1401          -0.36362          0.072123           0.36415         -0.072587
Line_1641             Line 1423-1398              1423              1398          -0.20133         -0.013477           0.20162          0.010643
Line_1642             Line 1939-1401              1939              1401           -0.4899         -0.060073           0.49089          0.060923
Line_1643             Line 1926-1399              1926              1399          -0.22882          0.095541             0.229         -0.096267
Line_1644             Line 2029-1926              2029              1926          -0.20356          0.095394           0.20422         -0.099094
Line_1645             Line 1926-1924              1926              1924          0.024606         0.0035536           -0.0246           -0.0075
Line_1646             Line 1927-1398              1927              1398            0.3261          0.053992          -0.32572         -0.054443
Line_1647             Line 1900-1927              1900              1927           0.38674          0.051707          -0.38464         -0.052056
Line_1648             Line 1927-1925              1927              1925          0.058536         -0.001936           -0.0585            -0.002
Line_1649             Line 2030-1900              2030              1900          -0.42317         -0.097139           0.42453           0.09748
Line_1650             Line 1248-1900              1248              1900          -0.32532         -0.075654           0.32612           0.07417
Line_1651             Line 1901-1159              1901              1159           0.21629           0.34514          -0.21485           -0.3451
Line_1652             Line 1902-1160              1902              1160         -0.092807           0.23156          0.093351          -0.23378
Line_1653             Line 2081-1901              2081              1901           -0.0585            -0.022          0.058513          0.019982
Line_1654             Line 2082-1900              2082              1900       -3.5527e-15                 0        3.6269e-09        -0.0020572
Line_1655             Line 1732-1713              1732              1713           0.46186          0.047253          -0.46098         -0.046731
Line_1656             Line 1902-1732              1902              1732           0.54294          0.090395          -0.54029         -0.087327
Line_1657             Line 1731-1732              1731              1732           -0.0784            -0.042          0.078427          0.040075
Line_1658             Line 1901-1712              1901              1712           0.59635          0.028975          -0.59179         -0.022771
Line_1659             Line 1900-2071              1900              2071           0.37122          0.089205          -0.37049         -0.089449
Line_1660             Line 1443-1129              1443              1129           0.04738         -0.039099         -0.047366          0.037035
Line_1661             Line 1999-1087              1999              1087          -0.21282        -0.0029377           0.21297         0.0015892
Line_1662             Line 1953-1087              1953              1087         -0.050367          -0.11342          0.050409           0.11207
Line_1663             Line 1950-1287              1950              1287           0.16399        0.00034118          -0.16389        -0.0023006
Line_1664             Line 1579-1950              1579              1950           0.20271          0.015734           -0.2026         -0.016949
Line_1665             Line 1950-1948              1950              1948          0.038602          0.016607           -0.0386           -0.0173
Line_1666             Line 1754-1088              1754              1088           -0.1539          0.029513           0.15395         -0.030491
Line_1667             Line 1579-1754              1579              1754           -0.1398          0.028071            0.1399         -0.030374
Line_1668             Line 1754-1753              1754              1753             0.014        0.00086154            -0.014           -0.0019
Line_1669             Line 1593-1579              1593              1579           -0.8024         -0.028469           0.80364          0.031124
Line_1670             Line 1213-1667              1213              1667          -0.19578         -0.010746           0.19585         0.0099688
Line_1671             Line 1286-1772              1286              1772          0.025892         -0.054706         -0.025882           0.05292
Line_1672             Line 1745-1666              1745              1666          -0.28246         -0.033483           0.28286          0.032151
Line_1673             Line 1484-1439              1484              1439           0.28153         -0.050036          -0.28153          0.050028
Line_1674             Line 1693-1484              1693              1484           0.28905         -0.050057          -0.28853          0.048837
Line_1675             Line 1666-1693              1666              1693           0.28927         -0.050707          -0.28905           0.05022
Line_1676             Line 1483-1484              1483              1484            -0.007           -0.0024         0.0070002         0.0011994
Line_1677             Line 1692-1693              1692              1693                 0                 0        2.6148e-12       -0.00016295
Line_1678             Line 1458-1439              1458              1439          -0.33391          0.062989           0.33415         -0.063652
Line_1679             Line 1651-1409              1651              1409           0.25649         -0.094749          -0.25639          0.094238
Line_1680             Line 1405-1440              1405              1440          0.042388         -0.048727         -0.042377          0.047239
Line_1681             Line 1186-1405              1186              1405          0.045899          -0.04779         -0.045888           0.04644
Line_1682             Line 1404-1405              1404              1405           -0.0035           -0.0023            0.0035         0.0022876
Line_1683             Line 1409-1771              1409              1771          0.018725          0.072779         -0.018718         -0.073422
Line_1684             Line 2058-1594              2058              1594          -0.76327        -0.0025921           0.76836          0.013354
Line_1685             Line 1439-1685              1439              1685          -0.10172        -0.0099756           0.10179         0.0067436
Line_1686             Line 1625-2017              1625              2017           0.11754           0.02507          -0.11736         -0.031473
Line_1687             Line 1444-1625              1444              1625           0.16468          0.041388          -0.16444         -0.045759
Line_1688             Line 1625-1624              1625              1624          0.046905          0.020689           -0.0469           -0.0214
Line_1689             Line 1085-1401              1085              1401          -0.23727          -0.28361           0.23794           0.28331
Line_1690             Line 1086-1167              1086              1167           0.23726           0.28352          -0.23692          -0.28373
Line_1691             Line 1397-1166              1397              1166          0.016163          -0.18291         -0.015984            0.1808
Line_1692             Line 1525-1397              1525              1397          0.031434          -0.18649         -0.031364           0.18558
Line_1693             Line 1393-1397              1393              1397        -0.0075762        -0.0023376         0.0075766        -0.0013775
Line_1694             Line 1394-1397              1394              1397        -0.0076238        -0.0022624         0.0076242        -0.0012954
Line_1695             Line 1414-1712              1414              1712          -0.48557          0.032908           0.48648         -0.032898
Line_1696             Line 2080-1414              2080              1414          -0.45216          0.039668           0.45627          -0.04448
Line_1697             Line 1413-1414              1413              1414           -0.0293           -0.0131          0.029303          0.011572
Line_1698             Line 1713-1888              1713              1888           0.35335          0.014383           -0.3532         -0.014578
Line_1699             Line 1712-1509              1712              1509            0.0234         0.0088946           -0.0234           -0.0093
Line_1700             Line 1730-1712              1730              1712           -0.0328            -0.028          0.032815          0.024875
Line_1701             Line 1713-1480              1713              1480          0.067834          0.016948           -0.0678         -0.020801
Line_1702             Line 1954-1746              1954              1746          -0.12173          0.042615           0.12175         -0.043242
Line_1703             Line 1721-1666              1721              1666          -0.51023         -0.066762           0.51065          0.067003
Line_1704             Line 1949-1187              1949              1187           0.21456          0.020393           -0.2144         -0.021725
Line_1705             Line 1327-1949              1327              1949            0.2732          0.046533          -0.27316          -0.04672
Line_1706             Line 1579-1327              1579              1327           0.28992          0.048962           -0.2896          -0.05002
Line_1707             Line 1947-1949              1947              1949           -0.0586           -0.0264          0.058601          0.026327
Line_1708             Line 1326-1327              1326              1327           -0.0164        -0.0035002            0.0164         0.0034877
Line_1709             Line 1540-1088              1540              1088           0.11621         -0.022617          -0.11616          0.020774
Line_1710             Line 1236-1088              1236              1088          -0.30664         -0.099705           0.30671          0.099599
Line_1711             Line 1627-1236              1627              1236          -0.30643         -0.098238           0.30664          0.097881
Line_1712             Line 1235-1236              1235              1236       -5.6843e-14           -0.0023        3.3654e-09         0.0018246
Line_1713             Line 2030-1190              2030              1190           0.52103          0.061265          -0.51986         -0.059963
Line_1714             Line 1123-1159              1123              1159           -0.1228           -0.0289           0.12281           0.02872
Line_1715             Line 1124-1160              1124              1160       -1.1369e-13                 0        5.9686e-12       -0.00018657
Line_1716             Line 1125-1160              1125              1160            -0.152           -0.0694           0.15202          0.069241
Line_1717             Line 1126-1159              1126              1159           -0.1583           -0.0694           0.15832          0.069268
Line_1718             Line 1579-1998              1579              1998         -0.088777          0.047818          0.088818         -0.049881
Line_1719             Line 1440-1194              1440              1194           0.46219         -0.072336          -0.46093          0.072771
Line_1720             Line 1666-1632              1666              1632          0.098433          -0.03217         -0.098365          0.028947
Line_1721             Line 2140-1130              2140              1130          0.011354            0.0618         -0.011334         -0.064538
Line_1722             Line 1649-1580              1649              1580         -0.094441          0.016408          0.094498         -0.020183
Line_1723             Line 1922-1399              1922              1399           0.30161         -0.095315           -0.3015          0.095067
Line_1724             Line 1652-1457              1652              1457           -0.2635          0.092798            0.2638         -0.094654
Line_1725             Line 2068-2017              2068              2017       -3.5527e-15       -1.4211e-14        1.7159e-09        -0.0014879
Line_1726             Line 2029-1249              2029              1249           -0.2982         -0.072459           0.29841          0.071892
Line_1727             Line 2079-1995              2079              1995           0.21676         -0.089061           -0.2167          0.088628
Line_1728             Line 1353-2016              1353              2016            -0.035           -0.0201          0.035003           0.01806
Line_1729             Line 1618-2016              1618              2016           -0.1593           0.11056           0.15954          -0.11321
Line_1730             Line 1141-2017              1141              2017          -0.72525          -0.54354           0.72669           0.55142
Line_1731             Line 1354-1141              1354              1141           -0.5952           -0.5064           0.59524           0.50666
Line_1732             Line 1139-1141              1139              1141             -0.13           -0.0482           0.13001          0.036883
Line_1733             Line 2059-2016              2059              2016           0.66964         -0.056558          -0.66554          0.064666
Line_1734             Line 1669-2072              1669              2072           -0.2427         -0.051202           0.24299          0.049889
Line_1735             Line 2030-1669              2030              1669          -0.24269         -0.052191            0.2427          0.052171
Line_1736             Line 1669-1668              1669              1668         3.739e-10       -0.00096839                 0                 0
Line_1737             Line 1296-1294              1296              1294           0.31988          0.065004          -0.31988         -0.064928
Line_1738             Line 1797-1296              1797              1296           0.32134          0.063178          -0.31988         -0.065004
Line_1739             Line 1308-1797              1308              1797           0.32562          0.060402          -0.32134         -0.063178
Line_1740             Line 1886-1328              1886              1328           0.25149         -0.018025          -0.24978          0.015298
Line_1741             Line 2117-1886              2117              1886            0.3223         0.0038927           -0.3137        -0.0082696
Line_1742             Line 1885-1886              1885              1886           -0.0622           -0.0267          0.062208          0.026294
Line_1743             Line 1572-2116              1572              2116           -0.0643            -0.014          0.064349          0.010862
Line_1744             Line 1971-1110              1971              1110           0.11498         0.0039185          -0.11472         -0.010651
Line_1745             Line 1961-1110              1961              1110          -0.02787          0.005241          0.027888         -0.013159
Line_1746             Line 2117-1284              2117              1284         -0.092042         -0.059821          0.092261          0.051325
Line_1747             Line 1569-1110              1569              1110         -0.048212         -0.040858          0.048258            0.0349
Line_1748             Line 1798-1367              1798              1367          0.034799          0.021683         -0.034721         -0.031653
Line_1749             Line 1307-1798              1307              1798           0.04659         0.0073865         -0.046499         -0.018415
Line_1750             Line 1796-1798              1796              1798           -0.0117             0.002          0.011701        -0.0032672
Line_1751             Line 1573-1111              1573              1111          -0.28933         -0.022947           0.29046          0.020255
Line_1752             Line 1179-1573              1179              1573          -0.19108         -0.031904           0.19223          0.026062
Line_1753             Line 1571-1573              1571              1573           -0.0971             0.003          0.097104        -0.0031147
Line_1754             Line 1091-1271              1091              1271           -0.4233         -0.054507            0.4262          0.055052
Line_1755             Line 1328-1091              1328              1091          -0.36565         -0.041261           0.36715          0.040428
Line_1756             Line 1091-1090              1091              1090           0.05615          0.014079           -0.0561           -0.0175
Line_1757             Line 1328-1719              1328              1719             0.129         0.0076189          -0.12881         -0.011471
Line_1758             Line 1470-1111              1470              1111         -0.054482         -0.094106          0.054549          0.091284
Line_1759             Line 1469-1112              1469              1112          -0.43266         -0.035063           0.43376          0.035468
Line_1760             Line 1308-1302              1308              1302          -0.43144          0.088674           0.43249         -0.088034
Line_1761             Line 1334-1307              1334              1307           0.48056         -0.023394          -0.47751          0.026354
Line_1762             Line 1726-1307              1726              1307          -0.17564         -0.092696           0.17629          0.081698
Line_1763             Line 1266-1308              1266              1308           -0.0633           -0.0146            0.0633          0.014314
Line_1764             Line 1267-1307              1267              1307       -2.8422e-14                 0        1.4182e-11       -0.00030664
Line_1765             Line 1758-1308              1758              1308          -0.15492         -0.035093            0.1555          0.028469
Line_1766             Line 2116-1758              2116              1758          -0.15412         -0.042153           0.15492          0.035785
Line_1767             Line 1758-1756              1758              1756        3.2617e-10       -0.00069149       -2.8422e-14       -2.8422e-14
Line_1768             Line 2117-1522              2117              1522         0.0055996         -0.029902         -0.005577          0.022178
Line_1769             Line 1757-1307              1757              1307          -0.26699         -0.068329           0.26877          0.064635
Line_1770             Line 1523-1757              1523              1757          -0.17332         -0.046581           0.17346           0.04567
Line_1771             Line 1757-1755              1757              1755          0.093526          0.022658           -0.0935           -0.0233
Line_1772             Line 1517-1492              1517              1492          -0.29978         -0.012618             0.303         0.0089424
Line_1773             Line 2110-1527              2110              1527         -0.056792         -0.023489          0.056869          0.014281
Line_1774             Line 2111-1726              2111              1726         -0.065711         -0.023305          0.065806          0.015551
Line_1775             Line 2111-1727              2111              1727          -0.26852         0.0013824           0.26998        -0.0056671
Line_1776             Line 1138-1561              1138              1561           0.33658          0.050065          -0.33416         -0.051317
Line_1777             Line 2110-1918              2110              1918            0.0035       -0.00045159           -0.0035       -4.5475e-13
Line_1778             Line 2111-1919              2111              1919            0.0035       -0.00044584           -0.0035       -1.7053e-13
Line_1779             Line 2051-1491              2051              1491           0.14914          -0.10259          -0.14829          0.097257
Line_1780             Line 1570-2116              1570              2116           0.22111         -0.092648          -0.22099          0.092063
Line_1781             Line 1307-1285              1307              1285           0.33668           0.13588          -0.33547          -0.13648
Line_1782             Line 1560-1491              1560              1491           0.24985          0.029552          -0.24943          -0.03121
Line_1783             Line 2052-1681              2052              1681          -0.28624          0.049251           0.28991         -0.054429
Line_1784             Line 1727-1177              1727              1177            0.1565         0.0011424          -0.15597        -0.0085945
Line_1785             Line 1780-1680              1780              1680           0.45411          -0.01028          -0.44692          0.012041
Line_1786             Line 1101-1214              1101              1214          -0.51814          -0.01042           0.51908            0.0117
Line_1787             Line 1323-1110              1323              1110          0.078526          0.030995         -0.078322         -0.043691
Line_1788             Line 1806-1279              1806              1279         -0.020944           0.05422          0.021117         -0.064839
Line_1789             Line 1960-1726              1960              1726          -0.13113         -0.028542           0.13151           0.02132
Line_1790             Line 2033-1295              2033              1295           -0.0586        0.00059756          0.058639        -0.0064537
Line_1791             Line 1214-1308              1214              1308           0.70907           0.10953          -0.70496         -0.090151
Line_1792             Line 1215-1980              1215              1980           0.93096          0.094251          -0.92686         -0.071426
Line_1793             Line 1290-1301              1290              1301           0.71041         -0.033845          -0.70784          0.039152
Line_1794             Line 1215-1291              1215              1291           0.86255          0.037474          -0.85695          -0.01815
Line_1795             Line 1176-1970              1176              1970           0.14897         0.0062792          -0.14888        -0.0080308
Line_1796             Line 1985-1301              1985              1301           -0.0937           -0.0048          0.093722         0.0039539
Line_1797             Line 1984-1302              1984              1302           -0.0492           -0.0117          0.049206           0.01083
Line_1798             Line 1779-1100              1779              1100          -0.49623        -0.0037779           0.50292         0.0067519
Line_1799             Line 1805-1117              1805              1117           -0.0783           -0.0175          0.078402          0.011344
Line_1800             Line 1726-1137              1726              1137           0.38512          0.056133          -0.38229          -0.05747
Line_1801             Line 1270-1294              1270              1294          -0.51411         -0.055386           0.51749          0.058675
Line_1802             Line 1744-1328              1744              1328           -0.1053        -0.0074009            0.1056        -0.0034839
Line_1803             Line 1308-2013              1308              2013            0.1127          0.036116          -0.11258         -0.040609
Line_1804             Line 1742-1906              1742              1906          -0.38062         0.0088299           0.38476         -0.010982
Line_1805             Line 1844-1214              1844              1214          -0.36792          -0.02055           0.37024          0.019338
Line_1806             Line 1368-1844              1368              1844          -0.34158         -0.020987           0.34452          0.016303
Line_1807             Line 1843-1844              1843              1844           -0.0234           -0.0104          0.023407         0.0042471
Line_1808             Line 1905-1215              1905              1215          -0.43396        -0.0081168            0.4362         0.0087422
Line_1809             Line 1741-1367              1741              1367           0.19212         -0.023692          -0.19165          0.020049
Line_1810             Line 1981-1307              1981              1307           0.79332          0.047555          -0.79095         -0.035516
Line_1811             Line 2103-1333              2103              1333           0.56104          0.035811          -0.56018         -0.034911
Line_1812             Line 1214-2102              1214              2102           0.83604           0.10292          -0.83417         -0.093126
Line_1813             Line 1726-1214              1726              1214           -0.5156         -0.030012           0.52316          0.040732
Line_1814             Line 1727-1215              1727              1215          -0.50018        -0.0040767           0.50724          0.013139
Line_1815             Line 1558-1280              1558              1280           0.12039         -0.017134          -0.11972          0.010629
Line_1816             Line 1184-1112              1184              1112          -0.37547         -0.080231           0.37637          0.079778
Line_1817             Line 2012-1324              2012              1324          0.096175            0.0337         -0.096026         -0.040601
Line_1818             Line 1329-1178              1329              1178          -0.12432         -0.040375           0.12547          0.025793
Line_1819             Line 1368-1294              1368              1294           0.36329          0.044123          -0.35805         -0.045798
Line_1820             Line 1174-1185              1174              1185          -0.23212         -0.068899           0.23496          0.061962
Line_1821             Line 1118-1328              1118              1328           -0.3036         -0.020949           0.30474          0.019628
Line_1822             Line 1806-1329              1806              1329         -0.056256          -0.06002           0.05642          0.048475
Line_1823             Line 1628-1726              1628              1726           -0.0491           -0.0105          0.049102          0.010504
Line_1824             Line 1629-1727              1629              1727           -0.0304             0.001          0.030401       -0.00099856
Line_1825             Line 1630-1726              1630              1726                 0                 0                 0                 0
Line_1826             Line 1911-1169              1911              1169           0.28931         -0.059864          -0.28762          0.056448
Line_1827             Line 1389-1623              1389              1623         -0.081015         -0.012694          0.081038          0.011379
Line_1828             Line 1515-1389              1515              1389         -0.071557         -0.024471          0.071715          0.012831
Line_1829             Line 1387-1389              1387              1389           -0.0093        4.5475e-13            0.0093       -0.00013702
Line_1830             Line 1910-1127              1910              1127           0.49739          0.086174          -0.49368         -0.085338
Line_1831             Line 1910-1073              1910              1073           0.26047          0.027106          -0.25946         -0.031834
Line_1832             Line 1911-1800              1911              1800         -0.062121         -0.081968          0.062322          0.071993
Line_1833             Line 1910-1500              1910              1500           0.23569         -0.060672          -0.23514          0.057042
Line_1834             Line 1931-1623              1931              1623          -0.21139          -0.18187            0.2129           0.17241
Line_1835             Line 1390-1623              1390              1623          0.055622          0.059165           -0.0556         -0.060482
Line_1836             Line 2044-1390              2044              1390          0.063856          0.057058         -0.063822         -0.059003
Line_1837             Line 1390-1388              1390              1388            0.0082       -0.00016227           -0.0082       -2.2737e-13
Line_1838             Line 2043-1842              2043              1842          0.079728         -0.024421         -0.079624          0.017942
Line_1839             Line 2043-1383              2043              1383         2.035e-11       -0.00035046        5.6843e-14        2.2737e-13
Line_1840             Line 2044-1384              2044              1384          0.078205          0.037431           -0.0782           -0.0378
Line_1841             Line 2044-1376              2044              1376           0.10352           0.04539           -0.1035           -0.0462
Line_1842             Line 2043-1377              2043              1377           0.11962          0.040379           -0.1196           -0.0412
Line_1843             Line 2050-1800              2050              1800           0.19745           0.24379          -0.19708          -0.24448
Line_1844             Line 1601-1799              1601              1799           0.57766          0.097985           -0.5754         -0.093987
Line_1845             Line 2043-1374              2043              1374           0.23918           0.11082          -0.23889          -0.11348
Line_1846             Line 1622-1371              1622              1371         -0.055979           0.06622             0.056         -0.066915
Line_1847             Line 1622-1372              1622              1372         -0.063961          0.095188             0.064         -0.095842
Line_1848             Line 1623-1373              1623              1373         -0.082077          0.035166            0.0821         -0.035848
Line_1849             Line 1623-1378              1623              1378           0.10621         0.0040702           -0.1062           -0.0046
Line_1850             Line 1622-1379              1622              1379           0.10651         0.0074566           -0.1065            -0.008
Line_1851             Line 2044-1386              2044              1386            0.2487           0.13676          -0.24858           -0.1374
Line_1852             Line 1622-1375              1622              1375          0.097436         -0.023372         -0.097416          0.021962
Line_1853             Line 1622-1080              1622              1080          0.055723        -0.0018076         -0.055678        -0.0039456
Line_1854             Line 1207-1081              1207              1081           0.14163          0.045974          -0.14152         -0.048057
Line_1855             Line 1782-1288              1782              1288            0.2405          0.034473          -0.23987         -0.037449
Line_1856             Line 2049-1603              2049              1603          -0.40366           -0.2955           0.40441           0.29642
Line_1857             Line 1765-1603              1765              1603          -0.90661          -0.29355           0.90812           0.29739
Line_1858             Line 1169-1766              1169              1766          -0.70647          -0.23692           0.71196           0.24824
Line_1859             Line 1911-1988              1911              1988           0.71187           0.16283          -0.70646          -0.15287
Line_1860             Line 1917-1152              1917              1152          0.031457           0.16787         -0.031365           -0.1693
Line_1861             Line 1917-1910              1917              1910           -0.4097          -0.14514            0.4098             0.145
Line_1862             Line 1916-1911              1916              1911          -0.24009          -0.20279           0.24017           0.20237
Line_1863             Line 1449-2000              1449              2000          -0.11365         -0.019426           0.11414          0.013597
Line_1864             Line 1912-1449              1912              1449           -0.0562           -0.0132          0.056226         0.0097106
Line_1865             Line 1447-1449              1447              1449           -0.0574           -0.0108          0.057422          0.009715
Line_1866             Line 1450-2001              1450              2001          -0.19131         -0.031936           0.19224          0.024217
Line_1867             Line 1913-1450              1913              1450           -0.0774             -0.01          0.077447         0.0066418
Line_1868             Line 1448-1450              1448              1450           -0.1138           -0.0266           0.11386          0.025294
Line_1869             Line 1917-1831              1917              1831           0.37825         -0.022736           -0.3681          0.020993
Line_1870             Line 1911-1664              1911              1664           0.84178          0.076171          -0.83002         -0.062162
Line_1871             Line 1665-1620              1665              1620           0.51808         -0.050082          -0.50907          0.046316
Line_1872             Line 1403-1435              1403              1435         -0.062019           0.10083          0.062597          -0.11208
Line_1873             Line 2000-1581              2000              1581         -0.040275          0.098466          0.040433          -0.10329
Line_1874             Line 1872-1092              1872              1092           0.40721           0.13161          -0.40161          -0.13137
Line_1875             Line 1293-1764              1293              1764          0.057327         0.0092593           -0.0573           -0.0114
Line_1876             Line 1293-1531              1293              1531           0.14517         0.0025422          -0.14458         -0.015135
Line_1877             Line 1832-1582              1832              1582            0.1525         -0.082849          -0.15183          0.075674
Line_1878             Line 1601-1206              1601              1206              0.45            0.1087          -0.44934          -0.10814
Line_1879             Line 1312-1965              1312              1965          0.072424          -0.06059         -0.072162          0.052229
Line_1880             Line 1964-1276              1964              1276          0.049109          0.012463           -0.0491           -0.0137
Line_1881             Line 1964-2086              1964              2086           0.05093          0.016201         -0.050912         -0.017687
Line_1882             Line 1965-2087              1965              2087           0.05901         0.0094457         -0.058988         -0.010913
Line_1883             Line 1104-1688              1104              1688         -0.026895          -0.22267          0.027673           0.21612
Line_1884             Line 2001-1104              2001              1104          0.062636          -0.20943         -0.062375           0.20721
Line_1885             Line 1102-1104              1102              1104           -0.0892         -0.019801           0.08927          0.015456
Line_1886             Line 1292-1621              1292              1621          -0.24408           0.13527           0.24676          -0.14342
Line_1887             Line 1292-1116              1292              1116          0.013046         -0.029695         -0.013044          0.028532
Line_1888             Line 2069-1168              2069              1168          -0.85487          -0.12104           0.86374           0.13002
Line_1889             Line 1799-1074              1799              1074           0.25464          0.060589          -0.25394         -0.063966
Line_1890             Line 1210-1601              1210              1601           -0.1894           -0.0396           0.18946          0.037993
Line_1891             Line 1514-1910              1514              1910          -0.13694         -0.041429           0.13707          0.039044
Line_1892             Line 2043-1602              2043              1602          -0.22067         -0.042509           0.22078          0.040897
Line_1893             Line 2044-1601              2044              1601          -0.25323         -0.054456           0.25337          0.053097
Line_1894             Line 2115-1800              2115              1800           0.24757          -0.14673          -0.24656           0.14431
Line_1895             Line 1128-1759              1128              1759           0.29347          0.039417          -0.29282         -0.041584
Line_1896             Line 1292-1311              1292              1311           0.19793         -0.024438          -0.19653          0.016981
Line_1897             Line 1622-1385              1622              1385         -0.019549         -0.086342          0.019581          0.083181
Line_1898             Line 1289-1799              1289              1799          0.024369         -0.013865          -0.02436         0.0086075
Line_1899             Line 1841-1603              1841              1603         -0.016476         -0.035943          0.016482          0.033997
Line_1900             Line 1682-1292              1682              1292          -0.22679         -0.034866           0.22728          0.032315
Line_1901             Line 1751-1683              1751              1683         -0.046124         -0.009991          0.046184        -0.0024477
Line_1902             Line 1557-1603              1557              1603          -0.64978          -0.20374           0.65039           0.20644
Line_1903             Line 1675-1530              1675              1530         -0.018497          0.019463          0.018502          -0.02194
Line_1904             Line 1752-1531              1752              1531         0.0039242        -0.0072092        -0.0039237        -0.0011304
Line_1905             Line 2001-1916              2001              1916          -0.25996         -0.027164           0.26254          0.012252
Line_1906             Line 2001-1910              2001              1910          -0.30286         -0.071948           0.30654          0.061877
Line_1907             Line 1623-1380              1623              1380          0.026901          0.022491           -0.0269           -0.0229
Line_1908             Line 1863-1211              1863              1211           -0.1834          -0.15153           0.18358           0.13196
Line_1909             Line 2000-1402              2000              1402          0.012576            0.1189         -0.011782          -0.13174
Line_1910             Line 1602-1781              1602              1781           0.43341          0.091024           -0.4328         -0.090646
Line_1911             Line 1614-1799              1614              1799            -0.179           -0.0308           0.17901        -0.0073094
Line_1912             Line 1615-1800              1615              1800           -0.1895           -0.0321           0.18951        -0.0062297
Line_1913             Line 1093-1115              1093              1115           0.18961          0.089313          -0.18946         -0.090539
Line_1914             Line 1804-1623              1804              1623          -0.54134          0.043951           0.54566         -0.040136
Line_1915             Line 2070-1691              2070              1691           0.60624          0.039693          -0.60065         -0.034977
Line_1916             Line 1760-1168              1760              1168          0.028821         -0.040429         -0.028808          0.037617
Line_1917             Line 1528-1689              1528              1689          -0.37678         -0.087331           0.37762          0.079055
Line_1918             Line 2078-2114              2078              2114           0.44682         -0.084721          -0.44348          0.086546
Line_1919             Line 1211-1556              1211              1556          -0.35548          -0.16316           0.35555           0.16308
Line_1920             Line 1533-1622              1533              1622           0.38455          -0.16287           -0.3784           0.16316
Line_1921             Line 1674-1974              1674              1974         -0.048303         -0.035464          0.048394          0.023286
Line_1922             Line 1293-1529              1293              1529            -0.277         -0.058458           0.28037          0.050175
Line_1923             Line 1222-1989              1222              1989           -0.6064          -0.11356           0.61023           0.11916
Line_1924             Line 1499-1862              1499              1862           0.10504         -0.077663          -0.10501           0.07662
Line_1925             Line 1964-1277              1964              1277           0.31049         -0.050092          -0.31026          0.049594
Line_1926             Line 1463-1556              1463              1556           -0.0762           -0.0243          0.076204         0.0038855
Line_1927             Line 1464-1557              1464              1557           -0.0586           -0.0171          0.058602        -0.0033264
Line_1928             Line 1381-2043              1381              2043           -0.4421           -0.1608           0.44226           0.16095
Line_1929             Line 1382-2044              1382              2044           -0.4421           -0.1608           0.44226           0.16095
Line_1930             Line 2014-1990              2014              1990         -0.072868         -0.016232          0.072911          0.012226
Line_1931             Line 1991-1053              1991              1053        7.0884e-11       -0.00046232       -5.6843e-14       -1.1369e-13
Line_1932             Line 1990-1054              1990              1054          0.023401         0.0055582           -0.0234            -0.006
Line_1933             Line 1991-1055              1991              1055          2.16e-12       -0.00014225                 0                 0
Line_1934             Line 1991-1056              1991              1056           -0.2164           0.42019            0.2166          -0.42027
Line_1935             Line 2015-1991              2015              1991          -0.46052           0.30139           0.46336          -0.29806
Line_1936             Line 1144-2088              1144              2088          -0.21091           0.14589           0.21228          -0.15084
Line_1937             Line 1478-1576              1478              1576           0.62077           0.01416          -0.61364         -0.012089
Line_1938             Line 1084-1145              1084              1145           0.04172           0.20506         -0.040895          -0.20992
Line_1939             Line 1224-1084              1224              1084          0.078887           0.21593         -0.078021          -0.22046
Line_1940             Line 1082-1084              1082              1084           -0.0363           -0.0155          0.036301          0.015399
Line_1941             Line 1990-1478              1990              1478          -0.11381         -0.025084           0.11389          0.022964
Line_1942             Line 2010-1478              2010              1478          -0.23221         -0.051322           0.23254          0.049557
Line_1943             Line 1337-2088              1337              2088           -0.2222           -0.1238           0.22223           0.12366
Line_1944             Line 2014-1829              2014              1829          -0.18765           0.12146           0.18789          -0.12308
Line_1945             Line 2014-1083              2014              1083          0.023411         0.0047899           -0.0234           -0.0132
Line_1946             Line 1968-1587              1968              1587           -0.0994           -0.0257          0.099424          0.024791
Line_1947             Line 1969-1588              1969              1588           -0.1017           -0.0339           0.10172          0.033159
Line_1948             Line 1338-2089              1338              2089            -0.007       -1.1369e-13             0.007       -0.00025871
Line_1949             Line 2089-1565              2089              1565          -0.20086          0.020969           0.20104         -0.022659
Line_1950             Line 1701-1785              1701              1785          0.021503        -0.0081859         -0.021502         0.0065209
Line_1951             Line 2015-1786              2015              1786         0.0030992          0.011426        -0.0030983         -0.013821
Line_1952             Line 1468-1587              1468              1587           0.21554         -0.007693          -0.21514         0.0061848
Line_1953             Line 1819-1467              1819              1467           0.37163          0.017835          -0.36885         -0.020378
Line_1954             Line 1830-1304              1830              1304          -0.24529           0.10313           0.24569          -0.10465
Line_1955             Line 1477-1809              1477              1809           0.42608         -0.064089          -0.42551          0.064037
Line_1956             Line 1477-1687              1477              1687          0.089431         -0.032421         -0.089371          0.028962
Line_1957             Line 1724-1686              1724              1686        -0.0049447          0.047295         0.0049708         -0.051468
Line_1958             Line 1810-1303              1810              1303            0.3435         -0.077634          -0.34289          0.076687
Line_1959             Line 1478-1889              1478              1889          0.048159          0.011358           -0.0481            -0.022
Line_1960             Line 1310-1725              1310              1725          0.024364          0.070222         -0.024356         -0.070799
Line_1961             Line 1881-1310              1881              1310          0.082046          0.089226         -0.081774         -0.094888
Line_1962             Line 1310-1309              1310              1309           0.05741          0.024666           -0.0574           -0.0256
Line_1963             Line 2032-2014              2032              2014          -0.36342         -0.088668           0.36483          0.088268
Line_1964             Line 1991-1477              1991              1477          -0.24696          -0.12152            0.2474           0.12054
Line_1965             Line 1577-1587              1577              1587           0.55152        -0.0054264          -0.54495         0.0051202
Line_1966             Line 2011-1700              2011              1700           0.19711          0.043793            -0.197          -0.04492
Line_1967             Line 1172-2015              1172              2015          -0.30481          -0.06001           0.30764          0.055475
Line_1968             Line 2015-1225              2015              1225            0.1719           0.26023          -0.17069           -0.2625
Line_1969             Line 2014-1715              2014              1715         -0.022201         -0.042397          0.022234          0.034758
Line_1970             Line 2064-1392              2064              1392           0.64651           0.30253          -0.64506          -0.29944
Line_1971             Line 1501-1595              1501              1595            0.8173           0.20606          -0.81616          -0.20314
Line_1972             Line 1586-1513              1586              1513          -0.83981          -0.32469            0.8404           0.32813
Line_1973             Line 1854-1586              1854              1586          -0.74039          -0.27241           0.74258            0.2839
Line_1974             Line 1584-1586              1584              1586           -0.0972           -0.0414          0.097228          0.040789
Line_1975             Line 1825-1643              1825              1643          -0.19626          -0.06344            0.1966          0.060903
Line_1976             Line 1121-1094              1121              1094           -0.0035           -0.0011         0.0035001        -0.0037317
Line_1977             Line 1855-2027              1855              2027           0.64804          0.029459          -0.64712         -0.028051
Line_1978             Line 1122-1095              1122              1095        1.7764e-15                 0        4.4658e-08        -0.0046509
Line_1979             Line 1859-2094              1859              2094          -0.48352          0.070289           0.48596         -0.068022
Line_1980             Line 1790-1679              1790              1679           0.16228          -0.14741           -0.1622           0.14691
Line_1981             Line 1963-1790              1963              1790           0.16243           -0.1487          -0.16228           0.14777
Line_1982             Line 1790-1788              1790              1788        3.7744e-11       -0.00036865                 0        1.1369e-13
Line_1983             Line 1142-1258              1142              1258           0.22977           0.07739           -0.2296           -0.0782
Line_1984             Line 1143-1259              1143              1259         1.345e-09        -0.0014044                 0                 0
Line_1985             Line 2064-1606              2064              1606             0.368          0.094462          -0.36691         -0.094952
Line_1986             Line 1871-1699              1871              1699          -0.80614          -0.04791           0.80991           0.05563
Line_1987             Line 1848-1871              1848              1871          -0.78464         -0.041776           0.78514          0.042774
Line_1988             Line 1870-1871              1870              1871            -0.021           -0.0057             0.021         0.0051357
Line_1989             Line 1641-1201              1641              1201         -0.059626           0.09954          0.059636         -0.099886
Line_1990             Line 1281-1283              1281              1283           -0.0129           -0.0046            0.0129         0.0037518
Line_1991             Line 1776-1428              1776              1428          -0.17971          0.035738            0.1798         -0.036767
Line_1992             Line 1845-1776              1845              1776          -0.15852          0.042799           0.15861         -0.044148
Line_1993             Line 1774-1776              1774              1776           -0.0211           -0.0093          0.021101         0.0084104
Line_1994             Line 1986-1200              1986              1200           0.16759         -0.070499          -0.16724          0.065674
Line_1995             Line 2146-1512              2146              1512          -0.53949          -0.11682           0.54244           0.12156
Line_1996             Line 1331-1272              1331              1272          0.070226          0.036882           -0.0702           -0.0388
Line_1997             Line 1331-1273              1331              1273          0.031603        -0.0015681           -0.0316       -1.4211e-14
Line_1998             Line 1934-1192              1934              1192          -0.18353         -0.071157           0.18384          0.067985
Line_1999             Line 1535-2003              1535              2003           0.22521           0.10729           -0.2252          -0.10733
Line_2000             Line 1644-1535              1644              1535           0.22548           0.10508          -0.22521          -0.10642
Line_2001             Line 1534-1535              1534              1535        1.4211e-14       -1.4211e-14        6.5663e-10        -0.0008665
Line_2002             Line 1077-1767              1077              1767           0.48112          0.093745          -0.47892         -0.093722
Line_2003             Line 1077-1983              1077              1983          -0.65713          -0.16435           0.65934           0.16882
Line_2004             Line 1075-1077              1075              1077            -0.176           -0.0707           0.17601          0.070602
Line_2005             Line 1136-1331              1136              1331          -0.24715          -0.09628           0.24717          0.096197
Line_2006             Line 1151-1136              1151              1136          -0.24699         -0.097352           0.24715          0.096866
Line_2007             Line 1322-1151              1322              1151          -0.19542         -0.082822           0.19558           0.08159
Line_2008             Line 1495-1322              1495              1322           -0.1041           -0.0525            0.1041          0.052353
Line_2009             Line 1134-1136              1134              1136       -2.8422e-14       -1.7053e-13         8.724e-11       -0.00058624
Line_2010             Line 1151-1150              1151              1150          0.051408          0.015762           -0.0514           -0.0171
Line_2011             Line 1320-1322              1320              1322           -0.0913           -0.0314          0.091317          0.030469
Line_2012             Line 2094-2061              2094              2061          -0.27576           0.01805           0.27623          -0.01991
Line_2013             Line 1256-1481              1256              1481           -0.0023         0.0010567            0.0023        -0.0034252
Line_2014             Line 1943-1808              1943              1808          -0.51698        -0.0073712           0.51749         0.0080871
Line_2015             Line 1420-1869              1420              1869          -0.51651          0.023772           0.51833         -0.021929
Line_2016             Line 2075-1420              2075              1420          -0.44552          0.050702           0.44631         -0.050306
Line_2017             Line 1418-1420              1418              1420           -0.0702           -0.0268          0.070204          0.026534
Line_2018             Line 1861-1061              1861              1061           0.43795          0.055911           -0.4369         -0.055304
Line_2019             Line 2028-1507              2028              1507            0.4868          -0.02925          -0.48435          0.032392
Line_2020             Line 1162-1859              1162              1859          -0.15827         -0.055271           0.15887          0.048005
Line_2021             Line 1750-1189              1750              1189          -0.35913          -0.12144            0.3597           0.12093
Line_2022             Line 1770-2131              1770              2131           0.20883            0.0645          -0.20878         -0.065002
Line_2023             Line 2073-1452              2073              1452          -0.17875          0.015486           0.17886         -0.016941
Line_2024             Line 2062-1899              2062              1899           0.56599          0.055958          -0.56145         -0.048563
Line_2025             Line 1817-1143              1817              1143          -0.62215           0.10916            0.6242           -0.1052
Line_2026             Line 1131-1767              1131              1767           0.71272          -0.09666            -0.709           0.10541
Line_2027             Line 2063-1768              2063              1768           0.79395           0.17471           -0.7801          -0.14045
Line_2028             Line 1859-1574              1859              1574           0.21209           0.06013          -0.21129         -0.064744
Line_2029             Line 2042-1574              2042              1574          -0.10247         -0.018289           0.10249          0.017544
Line_2030             Line 1364-2042              1364              2042         -0.079058          -0.01134          0.079072          0.010313
Line_2031             Line 2041-2042              2041              2042           -0.0234            -0.008            0.0234         0.0079762
Line_2032             Line 1482-2064              1482              2064         -0.090201         -0.030881          0.090285          0.025877
Line_2033             Line 1106-1231              1106              1231            0.1858         -0.025853          -0.18563          0.024037
Line_2034             Line 2099-1209              2099              1209          -0.33471          0.014621           0.33487         -0.014902
Line_2035             Line 1824-2099              1824              2099          -0.28057          0.033722           0.28081         -0.034497
Line_2036             Line 1143-1824              1143              1824           -0.2804          0.032493           0.28057         -0.033137
Line_2037             Line 2097-2099              2097              2099           -0.0539           -0.0199            0.0539          0.019876
Line_2038             Line 1824-1823              1824              1823        8.5151e-11       -0.00058458        2.8422e-14        5.6843e-14
Line_2039             Line 1595-1703              1595              1703           0.71315           0.10874          -0.71214          -0.10672
Line_2040             Line 2055-1155              2055              1155           0.39447          0.073094          -0.39394         -0.073038
Line_2041             Line 1188-2055              1188              2055           0.54497           0.12531          -0.54319          -0.12242
Line_2042             Line 2054-2055              2054              2055           -0.1487           -0.0496           0.14871          0.049324
Line_2043             Line 2083-1221              2083              1221        2.8422e-14        5.6843e-14        3.1065e-11       -0.00041389
Line_2044             Line 1453-1221              1453              1221          -0.63846          -0.00274           0.63948          0.005468
Line_2045             Line 1119-1453              1119              1453           -0.1252           -0.0428           0.12521          0.042655
Line_2046             Line 1120-1454              1120              1454           -0.0737           -0.0268          0.073702          0.026631
Line_2047             Line 1424-1220              1424              1220           -0.0117           -0.0297          0.011701          0.029313
Line_2048             Line 1589-2112              1589              2112           0.52667           0.16112          -0.52353          -0.15656
Line_2049             Line 1659-1748              1659              1748            0.3161            0.1945          -0.31385          -0.19477
Line_2050             Line 1747-1767              1747              1767          -0.33706         -0.043623           0.33913          0.042207
Line_2051             Line 2047-1644              2047              1644          -0.12673           -0.1057           0.12677           0.10518
Line_2052             Line 1332-1181              1332              1181          0.018703         0.0090934           -0.0187           -0.0125
Line_2053             Line 1875-1512              1875              1512           -0.0456           -0.0148          0.045603          0.013969
Line_2054             Line 1257-2135              1257              2135        3.2542e-09        -0.0019822       -7.1054e-15       -2.8422e-14
Line_2055             Line 1549-1068              1549              1068           0.23079         -0.024034          -0.23025          0.020451
Line_2056             Line 1412-1275              1412              1275          -0.14851         -0.047689           0.14858           0.04626
Line_2057             Line 1957-1412              1957              1412           -0.0561           -0.0211           0.05611          0.019596
Line_2058             Line 1410-1412              1410              1412           -0.0924           -0.0281            0.0924          0.028094
Line_2059             Line 1738-2145              1738              2145           -0.3817          -0.05416           0.38227          0.054112
Line_2060             Line 2004-1454              2004              1454           0.16359          -0.07025          -0.16347          0.068385
Line_2061             Line 1590-1708              1590              1708           0.71336         -0.099449          -0.70193           0.11986
Line_2062             Line 1067-1733              1067              1733          0.066603          0.022413           -0.0666           -0.0228
Line_2063             Line 1068-1734              1068              1734          0.032701         0.0098929           -0.0327           -0.0103
Line_2064             Line 2094-2104              2094              2104           -0.2512          0.050353            0.2515         -0.051786
Line_2065             Line 1814-1869              1814              1869          -0.48087          0.030537           0.48205         -0.029619
Line_2066             Line 1729-1767              1729              1767          -0.68731           0.10519            0.6886          -0.10299
Line_2067             Line 1069-1813              1069              1813           -0.0818           -0.0091          0.081804         0.0087871
Line_2068             Line 1070-1814              1070              1814           -0.0608           -0.0285          0.060802          0.028206
Line_2069             Line 1305-1898              1305              1898           -0.0222           -0.0068            0.0222         0.0066407
Line_2070             Line 1306-1899              1306              1899           -0.0164           -0.0057            0.0164         0.0055528
Line_2071             Line 1505-1067              1505              1067           -0.1251           -0.0185            0.1251          0.018363
Line_2072             Line 1506-1068              1506              1068                 0        1.1369e-13        3.2969e-12       -0.00019855
Line_2073             Line 1959-1986              1959              1986           -0.0129           -0.0046          0.012901         0.0027183
Line_2074             Line 1250-1256              1250              1256           -0.0023           -0.0011            0.0023         0.0010127
Line_2075             Line 1251-1257              1251              1257        1.1369e-13        4.5475e-13        3.4106e-13       -8.7265e-05
Line_2076             Line 1243-1221              1243              1221       -2.8422e-14                 0        1.0004e-11       -0.00027593
Line_2077             Line 1244-1220              1244              1220                 0        1.1369e-13        9.1802e-12       -0.00026342
Line_2078             Line 1453-1209              1453              1209           0.45366          0.032653          -0.45307         -0.032198
Line_2079             Line 2023-2019              2023              2019           0.15892         -0.040042          -0.15883          0.038683
Line_2080             Line 1717-1157              1717              1157           0.21135           0.10654          -0.21113          -0.10786
Line_2081             Line 1566-2065              1566              2065           -0.0598           -0.0284          0.059805          0.027827
Line_2082             Line 2149-1611              2149              1611          -0.26692         -0.014352           0.26697          0.014088
Line_2083             Line 1451-2149              1451              2149          -0.26196         -0.013281           0.26222          0.012052
Line_2084             Line 2147-2149              2147              2149           -0.0047           -0.0023            0.0047            0.0023
Line_2085             Line 1142-1609              1142              1609          -0.31181         -0.078921           0.31223          0.078088
Line_2086             Line 2216-2332              2216              2332          -0.53347          0.061617           0.53362         -0.061095
Line_2087             Line 2543-2400              2543              2400          -0.10519          0.010331           0.10553         -0.016106
Line_2088             Line 2680-2400              2680              2400            0.1692         -0.018273          -0.16843          0.014106
Line_2089             Line 2680-2401              2680              2401           -0.2158          0.016073           0.21719         -0.019845
Line_2090             Line 2507-2414              2507              2414          -0.10751           0.08131           0.10833         -0.094868
Line_2091             Line 2414-2166              2414              2166          -0.14563           0.10037           0.14602           -0.1023
Line_2092             Line 2220-2213              2220              2213          0.098816         -0.047095         -0.098235          0.036833
Line_2093             Line 2618-2264              2618              2264          -0.48566           0.20219           0.50051          -0.18427
Line_2094             Line 2215-2204              2215              2204          0.092863          0.017766         -0.092688          -0.02297
Line_2095             Line 2368-2204              2368              2204         -0.015256         -0.031394          0.015288           0.02407
Line_2096             Line 2214-2161              2214              2161          -0.18227          -0.20372           0.18359           0.20087
Line_2097             Line 2552-2168              2552              2168           -0.0168           -0.0039          0.016806        -0.0011262
Line_2098             Line 2518-2206              2518              2206          -0.46701          0.085486           0.47165         -0.077877
Line_2099             Line 2553-2211              2553              2211          -0.27164           0.10884           0.27354           -0.1123
Line_2100             Line 2546-2583              2546              2583         0.0083664         -0.022334        -0.0083591          0.014398
Line_2101             Line 2358-2407              2358              2407          -0.30344          0.048225           0.30875         -0.049693
Line_2102             Line 2186-2691              2186              2691          -0.56446         0.0012664           0.57247         0.0074806
Line_2103             Line 2538-2691              2538              2691          -0.32941         -0.073762           0.33297          0.073488
Line_2104             Line 2671-2427              2671              2427           0.15151          -0.12949          -0.15057           0.12434
Line_2105             Line 2220-2218              2220              2218          -0.26611          0.010976           0.26728         -0.013738
Line_2106             Line 2355-2458              2355              2458           0.57947         -0.097241          -0.57139           0.11575
Line_2107             Line 2620-2541              2620              2541          -0.81204            0.0975            0.8253         -0.061153
Line_2108             Line 2637-2450              2637              2450           -1.1525         -0.057722            1.1707           0.11271
Line_2109             Line 2600-2637              2600              2637          -0.99538          0.042272            1.0184          0.025196
Line_2110             Line 2600-2235              2600              2235           0.93438         -0.060972          -0.92341          0.092603
Line_2111             Line 2296-2637              2296              2637           -0.1337           -0.0361           0.13402          0.032526
Line_2112             Line 2564-2438              2564              2438          -0.20986         -0.032435           0.21112          0.024324
Line_2113             Line 2566-2478              2566              2478          -0.47878           -0.1108           0.48247           0.11713
Line_2114             Line 2272-2522              2272              2522          0.086109          0.006088            -0.086           -0.0121
Line_2115             Line 2451-2363              2451              2363          0.071543          0.016991            -0.071           -0.0373
Line_2116             Line 2452-2636              2452              2636         -0.078815         -0.019371          0.079005          0.012803
Line_2117             Line 2636-2305              2636              2305          -0.14647         -0.013804           0.14836        -0.0040539
Line_2118             Line 2381-2636              2381              2636           -0.0674           -0.0065          0.067463         0.0010009
Line_2119             Line 2437-2189              2437              2189          -0.38159           -0.2292           0.38748           0.23198
Line_2120             Line 2437-2276              2437              2276           0.12319          0.069548           -0.1229         -0.074337
Line_2121             Line 2364-2304              2364              2304           -0.0724           -0.0372          0.072552          0.030989
Line_2122             Line 2633-2626              2633              2626           -0.2155           -0.1003           0.21553          0.069508
Line_2123             Line 2560-2190              2560              2190          0.088979         -0.027903         -0.088892          0.023465
Line_2124             Line 2504-2616              2504              2616           -0.1044           -0.0434           0.10443          0.042445
Line_2125             Line 2505-2617              2505              2617           -0.1098           -0.0463           0.10983          0.045366
Line_2126             Line 2614-2305              2614              2305          -0.23635         -0.069844           0.23652          0.069434
Line_2127             Line 2627-2614              2627              2614           -0.1503           -0.0802           0.15055          0.077944
Line_2128             Line 2616-2304              2616              2304          -0.50643          -0.14992           0.51245           0.15474
Line_2129             Line 2616-2190              2616              2190            0.2668          0.037171          -0.26655         -0.037627
Line_2130             Line 2626-2617              2626              2617          -0.36143          -0.11411           0.36369             0.114
Line_2131             Line 2617-2190              2617              2190          -0.58072          -0.22396           0.58208           0.22529
Line_2132             Line 2657-2448              2657              2448          -0.39133         -0.072552            0.3925          0.073036
Line_2133             Line 2560-2657              2560              2657          -0.15588         0.0018027           0.15597        -0.0032522
Line_2134             Line 2625-2657              2625              2657           -0.2351           -0.0769           0.23536          0.075804
Line_2135             Line 2500-2189              2500              2189           0.19777         -0.042201          -0.19723          0.037767
Line_2136             Line 2500-2447              2500              2447          -0.49807         -0.079794           0.49967          0.081897
Line_2137             Line 2634-2592              2634              2592          -0.18437           -0.3735            0.1866           0.37412
Line_2138             Line 2624-2447              2624              2447          -0.31783           0.19518            0.3187          -0.19552
Line_2139             Line 2624-2606              2624              2606           0.12693          -0.24528          -0.12682           0.24505
Line_2140             Line 2634-2606              2634              2606         -0.029525            0.3024          0.030223          -0.30395
Line_2141             Line 2607-2448              2607              2448          -0.11988         -0.019266              0.12          0.015834
Line_2142             Line 2607-2593              2607              2593        -0.0072164        -0.0093337         0.0072173         0.0056837
Line_2143             Line 2434-2447              2434              2447          -0.19863         -0.045443           0.19944          0.040685
Line_2144             Line 2570-2448              2570              2448           -0.6228          -0.13038           0.62757           0.14065
Line_2145             Line 2438-2448              2438              2448          -0.44208         -0.080565           0.44594          0.084755
Line_2146             Line 2658-2448              2658              2448          -0.18742        -0.0064858           0.18816       -0.00092812
Line_2147             Line 2604-2658              2604              2658          -0.18702         -0.010505           0.18742         0.0064858
Line_2148             Line 2516-2447              2516              2447          -0.46052          -0.18587           0.46692           0.19606
Line_2149             Line 2276-2410              2276              2410         0.0023011          0.011737           -0.0023         -0.013188
Line_2150             Line 2570-2407              2570              2407            0.4751          0.054876          -0.46285         -0.046107
Line_2151             Line 2683-2434              2683              2434           -0.0978            0.0088          0.098129         -0.016057
Line_2152             Line 2632-2592              2632              2592          -0.44946           -0.1713           0.45039           0.17325
Line_2153             Line 2646-2190              2646              2190          -0.23715         -0.035509           0.23786          0.033759
Line_2154             Line 2438-2646              2438              2646          -0.12261         -0.012091           0.12311         0.0051402
Line_2155             Line 2646-2409              2646              2409           0.11404          0.030369           -0.1139           -0.0327
Line_2156             Line 2270-2305              2270              2305           0.19815           0.17828          -0.19745          -0.17936
Line_2157             Line 2270-2593              2270              2593          -0.27185          -0.21758           0.27266            0.2174
Line_2158             Line 2613-2304              2613              2304           0.10879          0.097551          -0.10874         -0.098122
Line_2159             Line 2613-2460              2613              2460          -0.19589          -0.10675           0.19626           0.10543
Line_2160             Line 2631-2305              2631              2305          -0.21137          0.068144           0.21186         -0.069684
Line_2161             Line 2632-2304              2632              2304           0.26606           0.12242          -0.26525          -0.12345
Line_2162             Line 2632-2269              2632              2269          0.033502          0.034372           -0.0335           -0.0347
Line_2163             Line 2612-2592              2612              2592           -0.1593           -0.0568           0.15965          0.052018
Line_2164             Line 2609-2593              2609              2593          -0.41933          -0.16051           0.42132           0.16205
Line_2165             Line 2608-2611              2608              2611           0.16698          0.043438           -0.1668         -0.045589
Line_2166             Line 2609-2545              2609              2545           0.14129         -0.019786          -0.14085          0.011253
Line_2167             Line 2545-2499              2545              2499         -0.041552        -0.0014534          0.041584        -0.0067237
Line_2168             Line 2459-2592              2459              2592          -0.43827          -0.07638           0.43986          0.077039
Line_2169             Line 2631-2608              2631              2608           0.06947         -0.093944         -0.069243          0.090492
Line_2170             Line 2305-2189              2305              2189          -0.27795          0.018059           0.27966         -0.020155
Line_2171             Line 2660-2304              2660              2304           -0.0748            -0.019          0.074886           0.01551
Line_2172             Line 2162-2305              2162              2305          -0.30429            -0.183           0.30483           0.18297
Line_2173             Line 2692-2536              2692              2536         -0.068534          0.012726          0.068655         -0.018026
Line_2174             Line 2162-2692              2162              2692          0.034888          0.068096         -0.034766         -0.072326
Line_2175             Line 2583-2438              2583              2438          -0.11894         -0.024498           0.11926          0.018232
Line_2176             Line 2253-2377              2253              2377           0.20606          -0.26478          -0.20216           0.26428
Line_2177             Line 2458-2253              2458              2253           0.46449          -0.13985          -0.45806           0.15171
Line_2178             Line 2481-2473              2481              2473           -0.4429          0.055466           0.45753         -0.044961
Line_2179             Line 2610-2220              2610              2220         -0.016489         -0.056094          0.016594          0.044819
Line_2180             Line 2684-2610              2684              2610         -0.088424           0.10593           0.08948          -0.11502
Line_2181             Line 2620-2422              2620              2422           0.30426          -0.25663          -0.30078           0.25775
Line_2182             Line 2569-2540              2569              2540           0.32485         -0.013237          -0.32326          0.012218
Line_2183             Line 2209-2572              2209              2572          -0.19214          -0.14803           0.19295           0.14474
Line_2184             Line 2572-2468              2572              2468          -0.33545          -0.13404           0.33826            0.1336
Line_2185             Line 2645-2377              2645              2377           0.37684          -0.20047           -0.3705           0.20436
Line_2186             Line 2645-2619              2645              2619          -0.35538           0.23483           0.35554          -0.23464
Line_2187             Line 2645-2238              2645              2238         -0.021458         -0.034361            0.0215          0.027951
Line_2188             Line 2417-2227              2417              2227              -0.1           -0.0512           0.10003          0.050148
Line_2189             Line 2226-2208              2226              2208          -0.12311           0.16669           0.12333          -0.16819
Line_2190             Line 2587-2237              2587              2237          -0.37178           0.12044           0.37752          -0.11696
Line_2191             Line 2587-2192              2587              2192           0.14783          -0.17709          -0.14648           0.17016
Line_2192             Line 2192-2469              2192              2469          -0.13022          -0.24326           0.13098           0.24122
Line_2193             Line 2172-2462              2172              2462          -0.14528          0.047125           0.14536         -0.048198
Line_2194             Line 2198-2207              2198              2207          -0.18569           0.15731           0.18596          -0.15836
Line_2195             Line 2590-2496              2590              2496          -0.19954           0.13681           0.19975           -0.1377
Line_2196             Line 2198-2227              2198              2227           0.17589          -0.15331          -0.17586           0.15314
Line_2197             Line 2673-2501              2673              2501         -0.082173          0.025858          0.082219         -0.028057
Line_2198             Line 2155-2226              2155              2226          -0.56637          -0.23687           0.56798           0.24059
Line_2199             Line 2649-2468              2649              2468          -0.20048          0.014963           0.20114         -0.019782
Line_2200             Line 2649-2494              2649              2494           0.26909          0.039268          -0.26885         -0.039864
Line_2201             Line 2649-2466              2649              2466         -0.068607         -0.054231          0.068614           0.05381
Line_2202             Line 2682-2284              2682              2284         0.0057214         -0.036976        -0.0057065          0.030964
Line_2203             Line 2406-2630              2406              2630           -0.0274           -0.0044          0.027412        -0.0038597
Line_2204             Line 2436-2284              2436              2284           -0.0143          0.012169          0.014307         -0.018737
Line_2205             Line 2539-2377              2539              2377          -0.43879           0.22532           0.44586          -0.21885
Line_2206             Line 2539-2295              2539              2295           0.32779          -0.27912           -0.3247           0.28111
Line_2207             Line 2295-2271              2295              2271          0.095355          -0.17648         -0.094329           0.17284
Line_2208             Line 2413-2271              2413              2271       -0.00035086           0.22917         0.0011291          -0.23104
Line_2209             Line 2494-2463              2494              2463         0.0030483         -0.010036        -0.0030478         0.0069505
Line_2210             Line 2466-2463              2466              2463           0.20366         -0.009598          -0.20335         0.0082663
Line_2211             Line 2433-2165              2433              2165          -0.36027          0.018101           0.36455         -0.017915
Line_2212             Line 2467-2300              2467              2300           0.52116           0.16628          -0.51751          -0.15979
Line_2213             Line 2439-2245              2439              2245           0.30822            0.2608          -0.30669          -0.25883
Line_2214             Line 2673-2155              2673              2155          -0.27813          -0.21346           0.27877           0.21327
Line_2215             Line 2384-2175              2384              2175           0.32174           0.14334          -0.31922           -0.1428
Line_2216             Line 2508-2175              2508              2175           -0.1952         -0.096223           0.19732          0.094004
Line_2217             Line 2544-2542              2544              2542         0.0039269          0.035583        -0.0038438         -0.044978
Line_2218             Line 2427-2245              2427              2245         -0.048625          -0.21104          0.050485           0.20673
Line_2219             Line 2490-2461              2490              2461           -0.3706           -0.1401           0.37191           0.14073
Line_2220             Line 2379-2377              2379              2377                 0                 0                 0                 0
Line_2221             Line 2164-2208              2164              2208          -0.47936          0.016121           0.48166         -0.013471
Line_2222             Line 2484-2208              2484              2208         -0.086041          -0.14992          0.086588           0.14316
Line_2223             Line 2228-2484              2228              2484         -0.022809           -0.1481          0.023041           0.14422
Line_2224             Line 2554-2422              2554              2422          -0.22553           0.25075           0.22958          -0.25175
Line_2225             Line 2610-2481              2610              2481           -0.2271          0.071784           0.22885         -0.076956
Line_2226             Line 2651-2468              2651              2468          -0.31494         0.0086021           0.31635        -0.0096018
Line_2227             Line 2651-2603              2651              2603           0.31494        -0.0086021          -0.31004         0.0054064
Line_2228             Line 2610-2540              2610              2540         -0.071994          0.053425          0.072263         -0.059618
Line_2229             Line 2260-2377              2260              2377          -0.25312         -0.052323           0.25736          0.046039
Line_2230             Line 2542-2260              2542              2260          -0.19266         -0.059944           0.19282          0.058823
Line_2231             Line 2300-2472              2300              2472          -0.51085         -0.035244           0.51458          0.041657
Line_2232             Line 2620-2397              2620              2397           0.23928           0.13133          -0.23662          -0.13406
Line_2233             Line 2528-2472              2528              2472         -0.067552          -0.23665          0.068813           0.23414
Line_2234             Line 2528-2295              2528              2295         -0.046148           0.14445          0.047147          -0.15167
Line_2235             Line 2185-2473              2185              2473          -0.36055          -0.25806           0.36456           0.26297
Line_2236             Line 2554-2419              2554              2419          0.065292          -0.02301         -0.065246          0.018809
Line_2237             Line 2543-2481              2543              2481         -0.041413        -0.0099314           0.04145         0.0034897
Line_2238             Line 2466-2469              2466              2469          -0.46157        -0.0080119           0.46336          0.010183
Line_2239             Line 2228-2237              2228              2237         -0.082891            0.1018          0.083108          -0.10636
Line_2240             Line 2235-2236              2235              2236           0.70691           -0.1447          -0.70375           0.15277
Line_2241             Line 2544-2397              2544              2397          -0.16003          -0.12448           0.16132           0.12056
Line_2242             Line 2384-2377              2384              2377          -0.55204          -0.17284           0.55323           0.17543
Line_2243             Line 2682-2469              2682              2469          -0.22152         0.0059758           0.22409         -0.014517
Line_2244             Line 2527-2300              2527              2300          -0.74034         -0.050932           0.74336          0.058833
Line_2245             Line 2569-2527              2569              2527          -0.64685         -0.068063           0.64974          0.075032
Line_2246             Line 2485-2226              2485              2226          -0.62238          -0.33641            0.6246           0.34079
Line_2247             Line 2603-2405              2603              2405          0.085344         0.0070936           -0.0849            -0.019
Line_2248             Line 2185-2439              2185              2439           0.26465           0.27516          -0.26272           -0.2739
Line_2249             Line 2485-2418              2485              2418          0.061706          0.015779           -0.0617           -0.0163
Line_2250             Line 2461-2227              2461              2227          -0.50921          -0.22133           0.50989           0.22261
Line_2251             Line 2467-2491              2467              2491          -0.12842         -0.086872           0.12846          0.086287
Line_2252             Line 2462-2357              2462              2357          -0.29026          0.056462           0.29039         -0.056645
Line_2253             Line 2467-2207              2467              2207          -0.60094          -0.14931           0.60319           0.15388
Line_2254             Line 2514-2433              2514              2433          -0.19261             0.014           0.19317         -0.018701
Line_2255             Line 2501-2492              2501              2492          -0.36852          0.032057           0.36974         -0.031931
Line_2256             Line 2554-2226              2554              2226          -0.14936          -0.34524           0.15073           0.34546
Line_2257             Line 2652-2490              2652              2490          -0.24568          -0.15801            0.2459            0.1576
Line_2258             Line 2172-2652              2172              2652          -0.24522          -0.15873           0.24568           0.15801
Line_2259             Line 2230-2473              2230              2473           -0.1098           -0.0398           0.10989          0.038534
Line_2260             Line 2495-2472              2495              2472          -0.22911        -0.0028519           0.22955         0.0010911
Line_2261             Line 2496-2473              2496              2473          -0.36005          0.088802           0.36119         -0.088774
Line_2262             Line 2388-2472              2388              2472          -0.01927          0.056037          0.019313         -0.058583
Line_2263             Line 2388-2493              2388              2493          -0.16573          -0.14804           0.16603           0.14745
Line_2264             Line 2280-2473              2280              2473          -0.77627         -0.086789           0.77931          0.094889
Line_2265             Line 2491-2420              2491              2420          -0.38101          -0.24152            0.3816           0.24211
Line_2266             Line 2420-2227              2420              2227           -0.5446          -0.31001           0.54554           0.31194
Line_2267             Line 2419-2493              2419              2493         -0.055354         -0.081109          0.055471          0.075778
Line_2268             Line 2590-2491              2590              2491         -0.060598          -0.10068          0.060646          0.099237
Line_2269             Line 2684-2209              2684              2209         -0.019376          -0.13076          0.019535           0.12913
Line_2270             Line 2278-2495              2278              2495           -0.0743        5.6843e-14           0.07431         -0.033348
Line_2271             Line 2587-2514              2587              2514         -0.041847        -0.0086576          0.041909        0.00050005
Line_2272             Line 2485-2205              2485              2205           0.28667           0.20603          -0.28649           -0.2061
Line_2273             Line 2590-2205              2590              2205         -0.037162          -0.13863          0.037195             0.138
Line_2274             Line 2408-2490              2408              2490                 0                 0                 0                 0
Line_2275             Line 2357-2280              2357              2280          -0.52599          0.014545           0.52697         -0.012911
Line_2276             Line 2231-2493              2231              2493           -0.1098           -0.0489           0.11005          0.045401
Line_2277             Line 2413-2492              2413              2492          -0.15035          -0.23837           0.15192           0.23675
Line_2278             Line 2681-2152              2681              2152           -1.0042          -0.20105            1.0053           0.20371
Line_2279             Line 2191-2681              2191              2681          -0.88827          -0.11939           0.90755           0.16035
Line_2280             Line 2191-2291              2191              2291           0.84637           0.11749          -0.82796         -0.078872
Line_2281             Line 2564-2301              2564              2301           0.10236         0.0039346           -0.1021         -0.013822
Line_2282             Line 2446-2244              2446              2244           -0.1669          -0.01357           0.16732         0.0084227
Line_2283             Line 2639-2292              2639              2292         1.228e-09       -0.00089709                 0                 0
Line_2284             Line 2639-2443              2639              2443         -0.090231         -0.042667          0.090432           0.03606
Line_2285             Line 2639-2370              2639              2370          0.090231          0.043565           -0.0902           -0.0444
Line_2286             Line 2244-2444              2244              2444          -0.26442         -0.026223           0.26611          0.021425
Line_2287             Line 2446-2301              2446              2301        -0.0054023        -0.0091305         0.0054033         0.0023219
Line_2288             Line 2358-2444              2358              2444          -0.84878          -0.10193           0.87469           0.15742
Line_2289             Line 2429-2319              2429              2319           0.40453          -0.14722          -0.40249           0.14814
Line_2290             Line 2571-2153              2571              2153          -0.80266        -0.0034357           0.80527         0.0089292
Line_2291             Line 2389-2679              2389              2679          -0.27836          -0.10189           0.28133          0.098508
Line_2292             Line 2389-2283              2389              2283           0.25846          0.097591          -0.25704         -0.099623
Line_2293             Line 2313-2282              2313              2282          -0.12079         -0.026827           0.12101          0.021995
Line_2294             Line 2196-2320              2196              2320           -1.0159         -0.021398            1.0451          0.081863
Line_2295             Line 2638-2449              2638              2449           -0.1124         0.0002977           0.11279        -0.0075728
Line_2296             Line 2297-2638              2297              2638       -2.8422e-14       -5.6843e-14        1.1369e-11       -0.00028666
Line_2297             Line 2317-2638              2317              2638           -0.1124        9.0949e-13            0.1124       -1.1044e-05
Line_2298             Line 2281-2450              2281              2450           -0.0927           -0.0015          0.092794        -0.0011812
Line_2299             Line 2294-2450              2294              2450           -0.2288           -0.0802           0.22921          0.079096
Line_2300             Line 2450-2320              2450              2320          -0.19529          0.067036           0.19547          -0.06878
Line_2301             Line 2323-2282              2323              2282           0.21699         -0.019796          -0.21574          0.016709
Line_2302             Line 2503-2323              2503              2323           0.26531        -0.0064827          -0.26349         0.0043964
Line_2303             Line 2440-2444              2440              2444           -0.1173           -0.0924           0.11737          0.091799
Line_2304             Line 2442-2443              2442              2443          -0.32909          -0.15249           0.32996           0.15248
Line_2305             Line 2541-2196              2541              2196           -0.9901          0.011953                 1          0.017098
Line_2306             Line 2589-2449              2589              2449          -0.69481          -0.76812           0.69834           0.79058
Line_2307             Line 2588-2267              2588              2267           0.53514           0.67934          -0.53453          -0.67532
Line_2308             Line 2374-2156              2374              2156           0.52955          -0.18108          -0.52064            0.1933
Line_2309             Line 2267-2321              2267              2321          -0.49037         -0.088279           0.49048           0.08844
Line_2310             Line 2154-2152              2154              2152           -0.0175           -0.0162          0.017507          0.012827
Line_2311             Line 2329-2310              2329              2310          0.077916          0.012506         -0.077869         -0.015599
Line_2312             Line 2318-2152              2318              2152          -0.37007         -0.067025           0.37376           0.06614
Line_2313             Line 2365-2318              2365              2318          -0.22658         -0.027065           0.22687          0.025525
Line_2314             Line 2289-2291              2289              2291          -0.59462          0.017459           0.59623         -0.014589
Line_2315             Line 2158-2365              2158              2365          -0.14941         -0.025073           0.14968          0.020965
Line_2316             Line 2329-2158              2329              2158          -0.14422         -0.030106           0.14451          0.025073
Line_2317             Line 2283-2282              2283              2282           0.12164          0.079223          -0.12157         -0.080304
Line_2318             Line 2435-2444              2435              2444           -0.1503         -0.045435           0.15068          0.039711
Line_2319             Line 2503-2443              2503              2443          -0.44281         -0.017017           0.45432          0.025001
Line_2320             Line 2358-2356              2358              2356           0.39288           0.10769          -0.39251          -0.10747
Line_2321             Line 2285-2153              2285              2153          -0.21116          -0.10358           0.21181           0.10046
Line_2322             Line 2347-2285              2347              2285          -0.11648         -0.073752           0.11686          0.065778
Line_2323             Line 2442-2441              2442              2441           0.07709          0.014768            -0.077           -0.0178
Line_2324             Line 2546-2435              2546              2435         -0.044166          0.017334          0.044196         -0.022765
Line_2325             Line 2594-2429              2594              2429           0.59046          -0.08192          -0.57983          0.097317
Line_2326             Line 2615-2302              2615              2302         -0.032571          0.058304            0.0327         -0.064232
Line_2327             Line 2369-2212              2369              2212           -0.1368           -0.0403           0.13686          0.039364
Line_2328             Line 2293-2212              2293              2212           0.24155          0.056066          -0.24146         -0.056364
Line_2329             Line 2293-2289              2293              2289          -0.41586          0.069822           0.41852         -0.067759
Line_2330             Line 2455-2319              2455              2319          -0.37087          -0.20913           0.37246           0.21023
Line_2331             Line 2594-2571              2594              2571          -0.63826           0.06082           0.64596         -0.047764
Line_2332             Line 2356-2314              2356              2314        -0.0075932        -0.0062311         0.0075943        0.00022348
Line_2333             Line 2511-2455              2511              2455          -0.22139          -0.17102           0.22237           0.16853
Line_2334             Line 2563-2511              2563              2511          -0.17523          -0.15667           0.17629           0.15162
Line_2335             Line 2563-2293              2563              2293           0.14343           0.13866          -0.14279          -0.14299
Line_2336             Line 2534-2319              2534              2319          -0.56439           0.16667           0.56906           -0.1597
Line_2337             Line 2421-2319              2421              2319          -0.43747          -0.13513            0.4392           0.13691
Line_2338             Line 2679-2421              2679              2421          -0.33423          -0.10591           0.33797           0.10483
Line_2339             Line 2358-2355              2358              2355           0.61754         -0.084689          -0.61517          0.090409
Line_2340             Line 2534-2374              2534              2374           0.59349           -0.1742          -0.58915           0.18108
Line_2341             Line 2368-2213              2368              2213         -0.058044          0.029194          0.058235         -0.039233
Line_2342             Line 2350-2214              2350              2214         -0.051461          -0.20677          0.052871           0.20312
Line_2343             Line 2532-2239              2532              2239          -0.41376          0.014682           0.41788         -0.011294
Line_2344             Line 2551-2240              2551              2240           -0.5028          0.023189           0.50887         -0.014011
Line_2345             Line 2350-2257              2350              2257          -0.20771          0.088704           0.20915           -0.0915
Line_2346             Line 2551-2218              2551              2218             0.392         -0.025889          -0.38858          0.026638
Line_2347             Line 2647-2275              2647              2275          -0.35274           0.10279           0.35985          -0.10176
Line_2348             Line 2166-2647              2166              2647          -0.27792          0.090705           0.27934          -0.09178
Line_2349             Line 2415-2647              2415              2647           -0.0733            0.0033          0.073401         -0.011013
Line_2350             Line 2644-2239              2644              2239            0.1149          -0.11258          -0.11436           0.10771
Line_2351             Line 2553-2644              2553              2644           0.17014          -0.11644          -0.16821           0.10817
Line_2352             Line 2391-2644              2391              2644           -0.0533           -0.0049          0.053306         0.0044149
Line_2353             Line 2275-2239              2275              2239          -0.51725          0.088558           0.51758         -0.087992
Line_2354             Line 2519-2518              2519              2518          -0.41327          0.088815           0.41771         -0.084086
Line_2355             Line 2532-2401              2532              2401           0.36516         -0.016144          -0.36259          0.016445
Line_2356             Line 2643-2240              2643              2240          -0.37369         -0.028869           0.37769          0.029769
Line_2357             Line 2643-2623              2643              2623           0.27248           0.04631          -0.26797         -0.050677
Line_2358             Line 2659-2350              2659              2350            0.2015           0.05227          -0.20083         -0.055923
Line_2359             Line 2390-2643              2390              2643           -0.1012            0.0171           0.10122         -0.017441
Line_2360             Line 2623-2659              2623              2659           0.20207          0.050677           -0.2015          -0.05227
Line_2361             Line 2519-2257              2519              2257           0.29327         -0.086715          -0.29055            0.0857
Line_2362             Line 2252-2239              2252              2239           -0.2949         -0.023644           0.29569          0.023193
Line_2363             Line 2250-2252              2250              2252           -0.1721            -0.012            0.1722          0.011444
Line_2364             Line 2256-2240              2256              2240          -0.32011         -0.037862           0.32048          0.037714
Line_2365             Line 2243-2256              2243              2256           -0.2663         -0.025814           0.26671          0.025262
Line_2366             Line 2210-2411              2210              2411           -0.2399          -0.01887           0.24089          0.014645
Line_2367             Line 2655-2565              2655              2565            0.2303          0.087759          -0.22972         -0.089697
Line_2368             Line 2210-2655              2210              2655           0.31498           0.10554          -0.31462          -0.10576
Line_2369             Line 2672-2655              2672              2655           -0.0843           -0.0187          0.084325          0.018001
Line_2370             Line 2693-2489              2693              2489          0.046078           0.06063         -0.046016          -0.06395
Line_2371             Line 2693-2412              2693              2412         -0.053978          -0.06383          0.054197          0.052559
Line_2372             Line 2562-2412              2562              2412          -0.28826         -0.088531           0.29052          0.086805
Line_2373             Line 2184-2216              2184              2216          -0.87366           -0.3698           0.87373           0.37021
Line_2374             Line 2247-2184              2247              2184          -0.86968          -0.35905           0.87366            0.3698
Line_2375             Line 2488-2233              2488              2233          0.052905         -0.040207         -0.052814          0.031238
Line_2376             Line 2255-2489              2255              2489          -0.48177          -0.11903            0.4832           0.12077
Line_2377             Line 2567-2233              2567              2233           -0.0855           -0.0501          0.085581          0.047431
Line_2378             Line 2530-2233              2530              2233           -0.1145            0.0018           0.11457         -0.002919
Line_2379             Line 2674-2234              2674              2234          -0.45579          -0.16389            0.4595           0.16706
Line_2380             Line 2395-2412              2395              2412          -0.17211         -0.055011           0.17286          0.047073
Line_2381             Line 2430-2395              2430              2395          -0.12167          -0.06156           0.12201          0.058011
Line_2382             Line 2430-2229              2430              2229          0.020173           0.04186         -0.020082         -0.049751
Line_2383             Line 2229-2512              2229              2512         -0.011518          0.038451          0.011607         -0.047729
Line_2384             Line 2562-2215              2562              2215           0.14786          0.025754          -0.14696         -0.034766
Line_2385             Line 2622-2512              2622              2512          -0.24393         -0.043904            0.2453          0.039075
Line_2386             Line 2399-2512              2399              2512         -0.040843         -0.013783          0.040903         0.0068882
Line_2387             Line 2399-2241              2399              2241          0.026343          0.006083         -0.026294          -0.01823
Line_2388             Line 2247-2210              2247              2210           0.73798           0.28575          -0.72747          -0.25805
Line_2389             Line 2664-2480              2664              2480          -0.30964          -0.10053           0.31086           0.10009
Line_2390             Line 2424-2568              2424              2568           -0.0408           -0.0224          0.040838          0.015768
Line_2391             Line 2591-2193              2591              2193           0.33458           0.23571          -0.33155          -0.23473
Line_2392             Line 2582-2489              2582              2489          -0.42221         -0.064109           0.42299          0.064877
Line_2393             Line 2163-2488              2163              2488          -0.29865         -0.033679           0.29883          0.033418
Line_2394             Line 2416-2513              2416              2513         -0.057901       -0.00055451           0.05797        -0.0058633
Line_2395             Line 2371-2234              2371              2234         -0.014923         -0.084801          0.014948          0.083382
Line_2396             Line 2163-2371              2163              2371          0.078654         -0.052421         -0.078577          0.048801
Line_2397             Line 2425-2233              2425              2233           -0.1239          -0.11753            0.1241            0.1152
Line_2398             Line 2582-2425              2582              2425          0.026608         -0.064091         -0.026595          0.062927
Line_2399             Line 2565-2488              2565              2488           0.13892          0.029772          -0.13882         -0.031711
Line_2400             Line 2479-2255              2479              2255          -0.25933         -0.080085           0.26017          0.078529
Line_2401             Line 2315-2513              2315              2513          -0.32576         -0.065693           0.32918          0.065339
Line_2402             Line 2315-2232              2315              2232           0.23876          0.072693          -0.23476         -0.078204
Line_2403             Line 2664-2241              2664              2241           0.20824           0.05313          -0.20661          -0.05777
Line_2404             Line 2622-2558              2622              2558           0.17933          0.042304           -0.1791           -0.0439
Line_2405             Line 2561-2559              2561              2559        8.0973e-09        -0.0021974       -1.0658e-14       -2.1316e-14
Line_2406             Line 2568-2232              2568              2232          -0.11154         -0.013387           0.11176         0.0077334
Line_2407             Line 2480-2210              2480              2210          -0.46206          -0.12179           0.46389           0.12338
Line_2408             Line 2507-2411              2507              2411          0.016514          -0.12991         -0.015592           0.11592
Line_2409             Line 2561-2416              2561              2416           -0.0105        -0.0027026          0.010501       -0.00044549
Line_2410             Line 2591-2216              2591              2216          -0.36618          -0.23251           0.36814           0.23351
Line_2411             Line 2529-2398              2529              2398           -0.0922           -0.0034           0.09226         0.0010461
Line_2412             Line 2398-2234              2398              2234          -0.16866         -0.025446           0.16887           0.02337
Line_2413             Line 2385-2411              2385              2411           -0.0593            -0.001          0.059368        -0.0077251
Line_2414             Line 2193-2161              2193              2161           0.26045           0.21713          -0.25729          -0.21817
Line_2415             Line 2195-2412              2195              2412          -0.13054        -0.0018807           0.13128         -0.010107
Line_2416             Line 2595-2195              2595              2195           -0.0369            0.0079          0.036938         -0.018119
Line_2417             Line 2513-2411              2513              2411          -0.15216         -0.093626           0.15306          0.072405
Line_2418             Line 2674-2479              2674              2479         -0.051006         -0.015011          0.051026          0.012685
Line_2419             Line 2375-2668              2375              2668          -0.23883          -0.05209           0.24135          0.041201
Line_2420             Line 2506-2669              2506              2669           -0.0234         -0.019447          0.023414          0.015406
Line_2421             Line 2635-2669              2635              2669          -0.20161        -0.0043376           0.20243       -0.00076261
Line_2422             Line 2656-2225              2656              2225           0.11471          0.030086           -0.1147           -0.0302
Line_2423             Line 2635-2656              2635              2656           0.14766          0.032752          -0.14761         -0.033399
Line_2424             Line 2170-2635              2170              2635         -0.053933          0.026878          0.053945         -0.028415
Line_2425             Line 2666-2669              2666              2669           -0.0778            -0.005          0.077916        -0.0033449
Line_2426             Line 2536-2668              2536              2668          -0.27785         0.0069261           0.27975         -0.011463
Line_2427             Line 2431-2668              2431              2668          -0.23463         -0.064096           0.23617          0.057703
Line_2428             Line 2686-2557              2686              2557          -0.30738         -0.061426           0.30871            0.0604
Line_2429             Line 2586-2464              2586              2464         -0.075353         -0.025216          0.075419          0.022409
Line_2430             Line 2585-2556              2585              2556          -0.17045         -0.088485           0.17081          0.086482
Line_2431             Line 2537-2556              2537              2556         -0.076084          0.011985          0.076126         -0.014961
Line_2432             Line 2549-2556              2549              2556          -0.38758          0.036475           0.39159         -0.035402
Line_2433             Line 2502-2557              2502              2557          -0.33649            0.0364           0.34147         -0.038109
Line_2434             Line 2502-2452              2502              2452           0.26009           -0.0465          -0.25754          0.042427
Line_2435             Line 2170-2557              2170              2557         -0.091068         -0.026881          0.091361          0.015494
Line_2436             Line 2525-2556              2525              2556          -0.20439         -0.035107           0.20494           0.02945
Line_2437             Line 2549-2286              2549              2286           0.15858         -0.053975          -0.15733           0.04532
Line_2438             Line 2159-2173              2159              2173          0.040604           0.11295          -0.04052          -0.11535
Line_2439             Line 2456-2556              2456              2556         -0.017016         -0.082831            0.0171          0.079814
Line_2440             Line 2456-2174              2456              2174          -0.10108         -0.013574           0.10131           0.00912
Line_2441             Line 2394-2173              2394              2173           0.01843         -0.017749         -0.018414          0.014244
Line_2442             Line 2159-2557              2159              2557           -0.1499          -0.12685           0.15048           0.12353
Line_2443             Line 2464-2174              2464              2174          -0.19002         -0.029409           0.19039          0.026582
Line_2444             Line 2597-2174              2597              2174         -0.025567          0.019381          0.025577         -0.021864
Line_2445             Line 2290-2174              2290              2174          0.097309        -0.0073204         -0.097164         0.0010517
Line_2446             Line 2517-2597              2517              2597         -0.098782          0.010286          0.098867         -0.013081
Line_2447             Line 2517-2432              2517              2432          0.064382         -0.010286         -0.064259       -3.4051e-05
Line_2448             Line 2533-2248              2533              2248         -0.074302         -0.011892           0.07444         0.0018088
Line_2449             Line 2396-2248              2396              2248           0.11921        -0.0028943          -0.11904        -0.0018088
Line_2450             Line 2533-2432              2533              2432          -0.10547         -0.045939           0.10568          0.041113
Line_2451             Line 2396-2173              2396              2173          -0.19821         -0.037306           0.19862          0.035019
Line_2452             Line 2533-2298              2533              2298           0.14538          0.057831          -0.14484         -0.061809
Line_2453             Line 2187-2299              2187              2299            0.1061         0.0013387          -0.10572        -0.0079155
Line_2454             Line 2221-2299              2221              2299         -0.092656         -0.014931          0.092957         0.0081827
Line_2455             Line 2360-2221              2360              2221           -0.0494            -0.007          0.049456         0.0022315
Line_2456             Line 2375-2187              2375              2187           0.18533           0.01889           -0.1849         -0.023028
Line_2457             Line 2584-2656              2584              2656           -0.0329           -0.0063          0.032907         0.0033128
Line_2458             Line 2273-2537              2273              2537          0.001622          0.027272        -0.0016162         -0.029485
Line_2459             Line 2224-2525              2224              2525           -0.0895           -0.0315           0.08979          0.021107
Line_2460             Line 2272-2687              2272              2687          -0.16683         -0.054178           0.16728          0.049204
Line_2461             Line 2367-2669              2367              2669            -0.051           -0.0035           0.05103        -0.0016254
Line_2462             Line 2678-2403              2678              2403          -0.37997          -0.02525           0.38151          0.024988
Line_2463             Line 2628-2168              2628              2168         -0.050872        -0.0022007          0.050931        -0.0091444
Line_2464             Line 2629-2203              2629              2203          -0.18233         -0.036402            0.1825          0.033416
Line_2465             Line 2169-2403              2169              2403          -0.28295         -0.022477           0.28658          0.013928
Line_2466             Line 2167-2404              2167              2404          -0.42245          0.007283           0.42966        -0.0044601
Line_2467             Line 2580-2403              2580              2403           0.23683          0.036575          -0.23659         -0.044838
Line_2468             Line 2581-2404              2581              2404          -0.31993          0.029005           0.32036          -0.03601
Line_2469             Line 2372-2403              2372              2403           -0.3353         -0.027232           0.33828          0.028982
Line_2470             Line 2182-2404              2182              2404           -0.0531           -0.0106          0.053162         0.0024152
Line_2471             Line 2576-2574              2576              2574          0.025902         0.0074694           -0.0259           -0.0087
Line_2472             Line 2573-2581              2573              2581           -0.0912           -0.0246          0.091229          0.023487
Line_2473             Line 2576-2580              2576              2580            -0.292          -0.10506           0.29232           0.10458
Line_2474             Line 2577-2580              2577              2580           -0.3436          -0.13229           0.34405           0.13222
Line_2475             Line 2577-2575              2577              2575          0.027203           0.00831           -0.0272           -0.0096
Line_2476             Line 2335-2169              2335              2169           -0.3379          0.043004           0.33893         -0.043969
Line_2477             Line 2602-2167              2602              2167                 0                 0        2.2489e-08        -0.0033996
Line_2478             Line 2601-2169              2601              2169           -0.0187           -0.0031          0.018701         0.0012752
Line_2479             Line 2169-2168              2169              2168          -0.24248          0.014371            0.2428         -0.015942
Line_2480             Line 2483-2203              2483              2203           0.21723          0.037703           -0.2167         -0.041316
Line_2481             Line 2678-2483              2678              2483           0.28287           0.04495          -0.28203         -0.047303
Line_2482             Line 2393-2372              2393              2372          -0.23176          0.003816            0.2329         -0.010575
Line_2483             Line 2510-2393              2510              2393          -0.17315         0.0093776           0.17346         -0.013416
Line_2484             Line 2183-2199              2183              2199           -0.0029        -0.0047965         0.0029003        -0.0062069
Line_2485             Line 2598-2288              2598              2288          0.087045          0.018977            -0.087           -0.0208
Line_2486             Line 2287-2199              2287              2199          -0.39526         -0.020158           0.39606          0.020329
Line_2487             Line 2598-2199              2598              2199          0.012155          -0.02699         -0.012154          0.026373
Line_2488             Line 2599-2199              2599              2199           -0.1129           -0.0169           0.11292           0.01637
Line_2489             Line 2287-2279              2287              2279           0.30466         0.0068579           -0.3042        -0.0074097
Line_2490             Line 2324-2199              2324              2199          -0.29415         0.0019692           0.29619        -0.0038428
Line_2491             Line 2453-2199              2453              2199         -0.045202        -0.0025781          0.045225        4.3682e-05
Line_2492             Line 2454-2199              2454              2199           -0.0389           -0.0048          0.038916         0.0019771
Line_2493             Line 2402-2279              2402              2279          -0.17086          0.018277            0.1716          -0.02239
Line_2494             Line 2402-2394              2402              2394           0.13836         -0.023077          -0.13809          0.020637
Line_2495             Line 2324-2290              2324              2290           0.17245         -0.022869          -0.17196          0.016857
Line_2496             Line 2394-2290              2394              2290          0.016061         -0.015388         -0.016056          0.012728
Line_2497             Line 2373-2290              2373              2290           -0.0194            -0.001          0.019403        -0.0024649
Line_2498             Line 2576-2579              2576              2579          0.095099          0.018487          -0.09503         -0.022328
Line_2499             Line 2577-2578              2577              2578            0.0548         0.0034841          -0.05477        -0.0085727
Line_2500             Line 2531-2453              2531              2453           -0.0193        -0.0021619          0.019302       -0.00032189
Line_2501             Line 2311-2487              2311              2487           -0.0522           -0.0104          0.052226          0.008548
Line_2502             Line 2307-2486              2307              2486           -0.1964           -0.0895           0.19697          0.087206
Line_2503             Line 2648-2487              2648              2487           0.62993         -0.086879          -0.62543          0.094853
Line_2504             Line 2308-2648              2308              2648           -0.0929           -0.0392          0.092905          0.039097
Line_2505             Line 2641-2648              2641              2648           0.72487         -0.045041          -0.72284          0.047781
Line_2506             Line 2362-2641              2362              2641                 0                 0        7.9581e-13       -7.8808e-05
Line_2507             Line 2650-2641              2650              2641           0.72591         -0.042458          -0.72487           0.04512
Line_2508             Line 2547-2650              2547              2650           -0.0624           -0.0428          0.062443          0.041274
Line_2509             Line 2498-2650              2498              2650           0.79287           0.01099          -0.78835         0.0011842
Line_2510             Line 2325-2486              2325              2486           -0.0176         -0.060175          0.017609           0.05972
Line_2511             Line 2306-2312              2306              2312            0.0158         -0.035317         -0.015794          0.033935
Line_2512             Line 2326-2486              2326              2486       -1.4211e-14       -5.6843e-14        1.3019e-10       -0.00047127
Line_2513             Line 2338-2343              2338              2343          -0.35944            0.1367           0.36103          -0.13605
Line_2514             Line 2327-2487              2327              2487           -0.3092           -0.1633           0.30948           0.16332
Line_2515             Line 2338-2341              2338              2341           0.32514           -0.1503          -0.32303           0.15079
Line_2516             Line 2477-2487              2477              2487          -0.63606           0.14534           0.63666          -0.14392
Line_2517             Line 2337-2487              2337              2487           -0.4077           -0.2316           0.40819           0.23216
Line_2518             Line 2336-2486              2336              2486           0.19208          -0.20985           -0.1919            0.2096
Line_2519             Line 2477-2351              2477              2351           0.50896          -0.17594          -0.50715            0.1795
Line_2520             Line 2344-2487              2344              2487           -0.0382           -0.0317          0.038206          0.030688
Line_2521             Line 2343-2486              2343              2486          -0.39923          0.073653           0.39965         -0.073261
Line_2522             Line 2474-2487              2474              2487            -0.037           -0.0023             0.037         0.0022561
Line_2523             Line 2475-2486              2475              2486           -0.0255            -0.002            0.0255         0.0019673
Line_2524             Line 2339-2487              2339              2487            1.0534          -0.01362           -1.0477           0.02953
Line_2525             Line 2642-2202              2642              2202          -0.31329           -0.1374            0.3154           0.13655
Line_2526             Line 2382-2642              2382              2642          -0.15493          -0.12918           0.15505           0.12828
Line_2527             Line 2380-2642              2380              2642           -0.1581            -0.011           0.15824         0.0091209
Line_2528             Line 2604-2523              2604              2523           0.16612        -0.0054922          -0.16554        -0.0025004
Line_2529             Line 2258-2524              2258              2524          -0.58305          0.088178           0.59183         -0.072622
Line_2530             Line 2333-2309              2333              2309          -0.73896         -0.057022           0.74231          0.065842
Line_2531             Line 2333-2342              2333              2342           0.73136          0.053922          -0.72957         -0.049227
Line_2532             Line 2336-2342              2336              2342          -0.67638         -0.011845           0.67857          0.017327
Line_2533             Line 2640-2487              2640              2487          -0.68017        -0.0093124           0.68043         0.0099468
Line_2534             Line 2328-2640              2328              2640           -0.1134           -0.0752           0.11342          0.074881
Line_2535             Line 2331-2640              2331              2640          -0.56549          0.068354           0.56675         -0.065568
Line_2536             Line 2354-2486              2354              2486           -0.0395           -0.0037          0.039513        0.00028369
Line_2537             Line 2353-2330              2353              2330          -0.48268           0.12994           0.48414          -0.12738
Line_2538             Line 2197-2334              2197              2334            -0.457           0.05862           0.46136           -0.0617
Line_2539             Line 2689-2452              2689              2452       -1.7764e-15       -3.5527e-15        4.0095e-07        -0.0097569
Line_2540             Line 2510-2334              2510              2334           0.12355         -0.020678          -0.12348          0.018616
Line_2541             Line 2383-2452              2383              2452          -0.12136          0.091302           0.12168         -0.093338
Line_2542             Line 2383-2382              2383              2382        -0.0033413           -0.1099         0.0034285           0.10858
Line_2543             Line 2688-2451              2688              2451           -0.1186           -0.0281           0.11889          0.022501
Line_2544             Line 2265-2451              2265              2451            0.0098         -0.028847        -0.0097965           0.02804
Line_2545             Line 2266-2452              2266              2452           -0.0688           -0.0397          0.068824           0.03893
Line_2546             Line 2286-2451              2286              2451           0.01053         -0.077657         -0.010303          0.069551
Line_2547             Line 2261-2691              2261              2691            0.2356        -0.0053633          -0.23548         0.0048577
Line_2548             Line 2262-2690              2262              2690           -0.0647           -0.0311          0.064711          0.030204
Line_2549             Line 2180-2691              2180              2691          0.025594          -0.18924         -0.025378           0.18825
Line_2550             Line 2685-2180              2685              2180           0.17762          -0.17926          -0.17719           0.17794
Line_2551             Line 2349-2346              2349              2346           -0.0974                 0          0.097431        -0.0012235
Line_2552             Line 2263-2691              2263              2691            -0.306           -0.0907           0.30646          0.090221
Line_2553             Line 2264-2690              2264              2690          -0.86021          0.065269           0.86351         -0.057243
Line_2554             Line 2653-2690              2653              2690           0.28856          -0.25094          -0.28776           0.25107
Line_2555             Line 2352-2653              2352              2653           0.38743          -0.24897          -0.38597           0.25104
Line_2556             Line 2348-2653              2348              2653           -0.0974       -1.1369e-13          0.097403       -0.00010304
Line_2557             Line 2346-2691              2346              2691           0.28552          -0.15853          -0.28464           0.15793
Line_2558             Line 2353-2345              2353              2345           0.41518          -0.14274          -0.41346           0.14442
Line_2559             Line 2478-2690              2478              2690          -0.51807          -0.12033           0.52454           0.13209
Line_2560             Line 2176-2691              2176              2691           -0.0891           -0.0342          0.089222          0.031022
Line_2561             Line 2259-2690              2259              2690           0.52993         -0.097311          -0.51911           0.11115
Line_2562             Line 2685-2341              2685              2341          -0.22722           0.17306           0.22743          -0.17339
Line_2563             Line 2452-2201              2452              2201         -0.070287          -0.10581          0.070772          0.093413
Line_2564             Line 2197-2202              2197              2202            0.3436          -0.09412          -0.33679          0.093206
Line_2565             Line 2194-2201              2194              2201         -0.075112        -0.0025477          0.075274        -0.0034738
Line_2566             Line 2361-2202              2361              2202           -0.0446           -0.0205          0.044635           0.01366
Line_2567             Line 2497-2201              2497              2201          -0.98083         -0.018117           0.98723          0.036848
Line_2568             Line 2654-2340              2654              2340             1.098          0.039338           -1.0853       -0.00095121
Line_2569             Line 2654-2202              2654              2202           -1.1476         -0.060405            1.1555          0.084445
Line_2570             Line 2548-2654              2548              2654           -0.0496           -0.0221          0.049614          0.021067
Line_2571             Line 2309-2201              2309              2201          -0.82761         -0.095942           0.83732           0.12079
Line_2572             Line 2524-2202              2524              2202          -0.52289          0.067616           0.52387          -0.06365
Line_2573             Line 2515-2201              2515              2201          0.043907         -0.093312         -0.043413          0.069753
Line_2574             Line 2499-2202              2499              2202         -0.084984        -0.0063763          0.085112        -0.0011277
Line_2575             Line 2312-2331              2312              2331         -0.012606         -0.038435          0.012627          0.032421
Line_2576             Line 2246-2194              2246              2194           -0.0331           -0.0044          0.033112       -0.00025231
Line_2577             Line 2303-2663              2303              2663           0.13025          0.033385          -0.12969          -0.04229
Line_2578             Line 2206-2222              2206              2222          -0.50395          0.030877           0.51428         -0.016682
Line_2579             Line 2316-2222              2316              2222           0.15642         -0.074429          -0.15614          0.072956
Line_2580             Line 2676-2392              2676              2392          -0.18575         -0.036234           0.18614           0.03453
Line_2581             Line 2677-2675              2677              2675          -0.15573          0.025757           0.15596         -0.027321
Line_2582             Line 2476-2387              2476              2387          -0.32132          0.065313           0.32322         -0.065921
Line_2583             Line 2675-2476              2675              2476          -0.25516          0.043921           0.25562         -0.044713
Line_2584             Line 2677-2676              2677              2676          0.077633           0.04596         -0.077554         -0.047866
Line_2585             Line 2392-2386              2392              2386          -0.31884          -0.02233           0.32138          0.020815
Line_2586             Line 2254-2222              2254              2222           -0.2088          -0.10978           0.21166           0.10337
Line_2587             Line 2520-2386              2520              2386          -0.71324          -0.12467           0.73266           0.17381
Line_2588             Line 2521-2520              2521              2520          -0.59114          -0.14079           0.59324           0.14547
Line_2589             Line 2316-2386              2316              2386          -0.29032        -0.0050709           0.29301         0.0027887
Line_2590             Line 2521-2670              2521              2670           0.49444           0.14669          -0.48743          -0.13332
Line_2591             Line 2621-2535              2621              2535        -0.0071018          -0.11691         0.0075675           0.10409
Line_2592             Line 2665-2274              2665              2274          -0.24896          -0.06328           0.24973          0.062005
Line_2593             Line 2254-2157              2254              2157            0.1289           0.11518          -0.12788          -0.12427
Line_2594             Line 2157-2387              2157              2387          -0.42066          -0.21712           0.42934           0.23141
Line_2595             Line 2426-2186              2426              2186           -0.4907          0.011018           0.49746        -0.0046664
Line_2596             Line 2663-2274              2663              2274           0.38031           0.07391          -0.37863         -0.072105
Line_2597             Line 2555-2671              2555              2671           -0.0868           -0.0339          0.086809          0.023102
Line_2598             Line 2662-2387              2662              2387          -0.28373          -0.24154           0.28549           0.24192
Line_2599             Line 2662-2535              2662              2535           0.25413           0.21114          -0.25237          -0.21189
Line_2600             Line 2428-2303              2428              2303           0.20326          0.012135          -0.20235         -0.016185
Line_2601             Line 2181-2387              2181              2387          -0.33316          0.095116           0.33537         -0.095782
Line_2602             Line 2211-2181              2211              2181          -0.32244          0.099496           0.32416         -0.099416
Line_2603             Line 2663-2566              2663              2566          -0.38091          -0.09522           0.38468          0.099205
Line_2604             Line 2621-2538              2621              2538           -0.2045         -0.045987           0.20581          0.039162
Line_2605             Line 2423-2386              2423              2386           -0.0567           -0.0226           0.05678          0.012798
Line_2606             Line 2428-2426              2428              2426          -0.39906         0.0017645            0.4005       -0.00081781
Line_2607             Line 2665-2157              2665              2157          -0.43369          -0.33815           0.43905           0.34948
Line_2608             Line 2177-2665              2177              2665           -0.0271            0.0106          0.027151         -0.019168
Line_2609             Line 2931-2992              2931              2992           0.27768          0.031709           -0.2754         -0.038626
Line_2610             Line 2829-2970              2829              2970          -0.37961         0.0089216           0.38412        -0.0087324
Line_2611             Line 2943-2894              2943              2894         -0.033059          0.066993          0.033068         -0.067827
Line_2612             Line 2894-2723              2894              2723          -0.10637          0.047727           0.10658         -0.054813
Line_2613             Line 2821-2704              2821              2704          -0.20469          0.041601           0.20549          -0.04706
Line_2614             Line 2921-2925              2921              2925         -0.041848        -0.0043173          0.041899        -0.0024969
Line_2615             Line 2700-2994              2700              2994         0.0030894         -0.088125        -0.0027471          0.067806
Line_2616             Line 2916-2995              2916              2995           -0.8481         -0.058204            0.8739           0.12683
Line_2617             Line 2838-2879              2838              2879           0.12082          0.060007          -0.12048         -0.066658
Line_2618             Line 2811-2769              2811              2769          -0.62005         -0.044881           0.63315          0.071239
Line_2619             Line 2775-2875              2775              2875          -0.34791         -0.044131           0.34895          0.042657
Line_2620             Line 2812-2770              2812              2770          -0.62014         -0.043121           0.63333          0.069609
Line_2621             Line 2877-2802              2877              2802           0.12553          0.089938          -0.12479         -0.098561
Line_2622             Line 2996-2995              2996              2995          -0.28618         0.0023549           0.28705        -0.0030067
Line_2623             Line 2774-2996              2774              2996          -0.26323        0.00077106           0.26518        -0.0073549
Line_2624             Line 2847-2775              2847              2775         -0.018029         -0.066153          0.018195          0.057393
Line_2625             Line 2726-2716              2726              2716          -0.22486         -0.032506           0.22649          0.029236
Line_2626             Line 2740-2848              2740              2848          -0.14509         -0.030396           0.14579          0.024218
Line_2627             Line 2739-2746              2739              2746          -0.32574         -0.060878           0.33542          0.057654
Line_2628             Line 2966-2862              2966              2862          -0.21499         0.0093275           0.21657         -0.019548
Line_2629             Line 2848-2715              2848              2715          -0.30308         -0.067855           0.30571          0.066093
Line_2630             Line 2977-2736              2977              2736         -0.081716         -0.007476          0.081837       -0.00049391
Line_2631             Line 2961-2977              2961              2977         -0.044986        -0.0090351          0.045015         0.0025578
Line_2632             Line 2876-2977              2876              2977           -0.0367            -0.005            0.0367         0.0049182
Line_2633             Line 2725-2724              2725              2724         -0.037502          0.074427          0.037583         -0.078751
Line_2634             Line 2865-2732              2865              2732          -0.17866         -0.082456            0.1796          0.074321
Line_2635             Line 2775-2942              2775              2942          -0.14253         -0.003499           0.14295        -0.0048188
Line_2636             Line 2716-2958              2716              2958          -0.25998          0.013349           0.26423         -0.016993
Line_2637             Line 2958-2991              2958              2991          -0.38993         -0.021207           0.40162          0.024757
Line_2638             Line 2830-2805              2830              2805          0.049595         -0.046922         -0.049565           0.04463
Line_2639             Line 2873-2896              2873              2896           0.19071         -0.015951          -0.19039          0.013647
Line_2640             Line 2850-2873              2850              2873           -0.0629           -0.0111          0.062977         0.0045846
Line_2641             Line 2849-2913              2849              2913           -0.0367             -0.01          0.036734        0.00011778
Line_2642             Line 2697-2809              2697              2809           0.26544         -0.061964          -0.26529          0.061469
Line_2643             Line 2799-2779              2799              2779          -0.38436         -0.023994           0.38801          0.030825
Line_2644             Line 2777-2705              2777              2705          -0.17476          0.046454           0.17484         -0.047527
Line_2645             Line 2789-2780              2789              2780          -0.33937          0.048556           0.34331         -0.050184
Line_2646             Line 2778-2713              2778              2713         -0.005343         -0.076549         0.0054229           0.06953
Line_2647             Line 2845-2867              2845              2867          -0.21549        -0.0013309           0.21643        -0.0058593
Line_2648             Line 2697-2913              2697              2913           0.16273          0.038658          -0.16243         -0.043318
Line_2649             Line 2912-2872              2912              2872          -0.34607           0.04143           0.34706         -0.041894
Line_2650             Line 2911-2840              2911              2840         0.0053196         -0.087847        -0.0051502          0.077087
Line_2651             Line 2711-2780              2711              2780          -0.61537         -0.047979           0.61665          0.049882
Line_2652             Line 2980-2779              2980              2779          0.083826         -0.060004         -0.083765          0.057143
Line_2653             Line 2979-2697              2979              2697           -0.2621         -0.021331           0.26219          0.020965
Line_2654             Line 2979-2698              2979              2698          -0.26193         -0.019127           0.26202          0.018761
Line_2655             Line 2705-2711              2705              2711          -0.41584          0.002327           0.41627        -0.0022212
Line_2656             Line 2844-2831              2844              2831          -0.25691         -0.071909           0.25742          0.070193
Line_2657             Line 2758-2844              2758              2844             -0.11           -0.0402           0.11021          0.033709
Line_2658             Line 2809-2780              2809              2780           0.13959         -0.091569           -0.1395          0.090437
Line_2659             Line 2702-2698              2702              2698          -0.73411          -0.07408           0.73512          0.076393
Line_2660             Line 2907-2702              2907              2702           -0.6385         -0.051328           0.63981           0.05398
Line_2661             Line 2797-2789              2797              2789          -0.46273         -0.036999           0.46337          0.037565
Line_2662             Line 2919-2797              2919              2797          -0.36575         -0.021796           0.37363          0.021899
Line_2663             Line 2722-2919              2722              2919          -0.43094         -0.071643           0.44247          0.078528
Line_2664             Line 2895-2799              2895              2799          -0.31002        -0.0052876           0.31106         0.0038942
Line_2665             Line 2991-2895              2991              2895          -0.19293          0.016323           0.19472         -0.024812
Line_2666             Line 2943-2779              2943              2779          -0.30544          0.029175           0.30831         -0.035454
Line_2667             Line 2956-2840              2956              2840           -0.1362           -0.0301           0.13671          0.025029
Line_2668             Line 2873-2782              2873              2782          -0.53866         0.0090428           0.54077        -0.0066032
Line_2669             Line 2782-2940              2782              2940          -0.50567          0.039365           0.51455         -0.030297
Line_2670             Line 2973-2817              2973              2817           -0.3065           0.26638             0.312          -0.26492
Line_2671             Line 2710-2907              2710              2907          -0.39196          0.008942            0.3922        -0.0089718
Line_2672             Line 2696-2710              2696              2710          -0.13514            0.0669           0.13526         -0.069242
Line_2673             Line 2896-2830              2896              2830         0.0069898         -0.056847         -0.006965          0.054091
Line_2674             Line 2988-2872              2988              2872          -0.20966         -0.034248           0.21211          0.026017
Line_2675             Line 2787-2988              2787              2988           -0.0367         -0.011101          0.036758          0.002048
Line_2676             Line 2716-2722              2716              2722          -0.27865         -0.028742           0.27904          0.028443
Line_2677             Line 2872-2831              2872              2831           0.14117         -0.059566          -0.14085          0.056143
Line_2678             Line 2911-2889              2911              2889          0.078749        -0.0038275           -0.0786           -0.0171
Line_2679             Line 2696-2713              2696              2713         -0.069163           -0.1071          0.069339            0.1019
Line_2680             Line 2867-2712              2867              2712          -0.42603         -0.039341            0.4273          0.039784
Line_2681             Line 2906-2919              2906              2919           0.16305          0.065477          -0.16262         -0.076832
Line_2682             Line 2891-2906              2891              2906           0.20627          0.053782          -0.20495         -0.076577
Line_2683             Line 2743-2779              2743              2779           -0.0891           -0.0201          0.089137          0.017856
Line_2684             Line 2744-2780              2744              2780           -0.0733           -0.0181          0.073325          0.015816
Line_2685             Line 2981-2697              2981              2697            -0.021            -0.008          0.021001         0.0071001
Line_2686             Line 2903-2780              2903              2780                 0        5.6843e-14        2.7427e-11        -0.0003888
Line_2687             Line 2802-2805              2802              2805          0.063994          0.078461         -0.063935         -0.079895
Line_2688             Line 2945-2713              2945              2713          -0.30999         -0.075355           0.31167          0.072458
Line_2689             Line 2709-2716              2709              2716          -0.21616          0.035455           0.21783         -0.043943
Line_2690             Line 2945-2891              2945              2891           0.24709          0.059255          -0.24607         -0.063782
Line_2691             Line 2724-2709              2724              2709          -0.14238          0.048651           0.14286         -0.055555
Line_2692             Line 2735-2973              2735              2973          -0.35097         -0.019652           0.35154           0.01953
Line_2693             Line 2971-2735              2971              2735          -0.23732          0.019389           0.23777         -0.020548
Line_2694             Line 2785-2972              2785              2972          -0.20885          0.048449           0.21108         -0.061174
Line_2695             Line 2993-2973              2993              2973          -0.44248         -0.012514           0.44293          0.012695
Line_2696             Line 2824-2993              2824              2993          -0.39737         0.0024545           0.40158        -0.0015861
Line_2697             Line 2969-2972              2969              2972         -0.046221          0.078932          0.046355         -0.086062
Line_2698             Line 2951-2953              2951              2953         -0.045568          0.010053          0.045578         -0.012277
Line_2699             Line 2847-2703              2847              2703          -0.12237          0.017953           0.12286         -0.030092
Line_2700             Line 2953-2947              2953              2947          -0.43348          -0.21579           0.43407           0.21643
Line_2701             Line 2760-2824              2760              2824         -0.035798          0.033964          0.035963         -0.047118
Line_2702             Line 2963-2760              2963              2760          0.047174          0.052646         -0.047002         -0.060064
Line_2703             Line 2892-2824              2892              2824          -0.21787        -0.0083289            0.2199         0.0004633
Line_2704             Line 2909-2892              2909              2892          -0.21607         -0.011294           0.21687         0.0073289
Line_2705             Line 2828-2771              2828              2771          -0.20974         -0.055941            0.2108          0.049023
Line_2706             Line 2963-2828              2963              2828          -0.20083         -0.051796           0.20134          0.048941
Line_2707             Line 2708-2776              2708              2776          -0.29057          -0.08881            0.2923          0.076705
Line_2708             Line 2703-2708              2703              2708          -0.18116         -0.058294           0.18157           0.05661
Line_2709             Line 2944-2771              2944              2771          -0.28765         -0.063767           0.28827          0.061945
Line_2710             Line 2757-2944              2757              2944          -0.24331         -0.046549           0.24365          0.044667
Line_2711             Line 2888-2955              2888              2955         -0.022919           0.04395          0.022954         -0.050552
Line_2712             Line 2950-2904              2950              2904          0.047053           -0.1048         -0.047006           0.10373
Line_2713             Line 2734-2950              2734              2950           0.13306         -0.082914          -0.13295          0.081701
Line_2714             Line 2904-2952              2904              2952          -0.13319          -0.16203           0.13329           0.16156
Line_2715             Line 2721-2968              2721              2968          -0.36512         -0.024192           0.36818          0.022868
Line_2716             Line 2955-2720              2955              2720          -0.17695          0.018352           0.17752         -0.025059
Line_2717             Line 2968-2974              2968              2974             0.154            0.1169          -0.15354          -0.12086
Line_2718             Line 2954-2951              2954              2951          -0.16615         -0.078448           0.16663          0.072855
Line_2719             Line 2910-2769              2910              2769          -0.31145         -0.050953           0.31205          0.049756
Line_2720             Line 2931-2839              2931              2839          -0.22494         -0.029399           0.22511          0.028361
Line_2721             Line 2703-2909              2703              2909         -0.077636          0.024685          0.077774         -0.032906
Line_2722             Line 2931-2768              2931              2768          -0.05156         0.0061862          0.051566        -0.0072122
Line_2723             Line 2768-2757              2768              2757          -0.18987         -0.037988           0.18991          0.037549
Line_2724             Line 2723-2771              2723              2771          -0.21558          0.023713           0.21668         -0.031958
Line_2725             Line 2734-2785              2734              2785          -0.14146          0.078914           0.14175         -0.082649
Line_2726             Line 2951-2947              2951              2947          -0.37782          -0.14252           0.37838            0.1426
Line_2727             Line 2887-2954              2887              2954         -0.030933         -0.046565          0.030946          0.045248
Line_2728             Line 2974-2971              2974              2971        -0.0067637           0.08066         0.0068152         -0.082689
Line_2729             Line 2816-2770              2816              2770          -0.40166         -0.060778           0.40453          0.061385
Line_2730             Line 2776-2769              2776              2769           -0.3751          -0.10781           0.37906           0.10715
Line_2731             Line 2818-2947              2818              2947         -0.061187         -0.056662          0.061234           0.05324
Line_2732             Line 2813-2818              2813              2818          -0.06008         -0.063916          0.060187          0.056662
Line_2733             Line 3013-2719              3013              2719           0.17175          0.059228          -0.17151         -0.061983
Line_2734             Line 2819-2972              2819              2972           0.37513          -0.15706          -0.37021           0.15793
Line_2735             Line 2875-2816              2875              2816          -0.34995         -0.042657           0.35346          0.041678
Line_2736             Line 2910-2839              2910              2839           0.25485          0.033853          -0.25441         -0.035361
Line_2737             Line 2968-2984              2968              2984           0.38103           0.10764           -0.3804           -0.1076
Line_2738             Line 2968-2984              2968              2984           0.38103           0.10764           -0.3804           -0.1076
Line_2739             Line 2764-2947              2764              2947            0.0181         0.0079298         -0.018098        -0.0088276
Line_2740             Line 2765-2948              2765              2948           -0.0031        4.2633e-14            0.0031       -0.00090034
Line_2741             Line 2957-2951              2957              2951           -0.1063          -0.01846           0.10635          0.017636
Line_2742             Line 2960-2887              2960              2887          0.017464          0.015317         -0.017449         -0.025487
Line_2743             Line 2960-2719              2960              2719         -0.053064         -0.030417          0.053111          0.023783
Line_2744             Line 2813-2963              2813              2963        -0.0017199          0.038816         0.0017509         -0.047049
Line_2745             Line 2957-2951              2957              2951         -0.023597          -0.01474          0.023602         0.0097731
Line_2746             Line 2970-2931              2970              2931          -0.50982         -0.031468           0.51418          0.036147
Line_2747             Line 2931-2770              2931              2770          -0.58766         -0.071743           0.59037           0.07558
Line_2748             Line 2936-2920              2936              2920           -0.2754          0.068989           0.27601         -0.069644
Line_2749             Line 2928-2930              2928              2930           0.25857         -0.042846          -0.25668          0.037949
Line_2750             Line 2927-2925              2927              2925            0.1369         0.0078051           -0.1362         -0.017603
Line_2751             Line 2929-2994              2929              2994         0.0066212         -0.087553          -0.00625          0.066824
Line_2752             Line 2930-2851              2930              2851          0.020866         -0.084561         -0.020685           0.07593
Line_2753             Line 2851-2994              2851              2994        -0.0037149         -0.080781         0.0039132          0.068765
Line_2754             Line 2926-2929              2926              2929         -0.061425         -0.068025          0.061542          0.065434
Line_2755             Line 2821-2730              2821              2730          0.066036         -0.062982         -0.065761          0.055685
Line_2756             Line 2730-2926              2730              2926          0.027861         -0.066563         -0.027675          0.058025
Line_2757             Line 2929-2936              2929              2936          -0.15997          0.078219            0.1601         -0.078989
Line_2758             Line 2822-2821              2822              2821          0.016548         -0.012344         -0.016546          0.010756
Line_2759             Line 2961-2927              2961              2927         -0.080714         -0.011065          0.080848          0.005799
Line_2760             Line 2920-2928              2920              2928          -0.50181          0.014307           0.50367          -0.01188
Line_2761             Line 2833-2994              2833              2994          -0.16489         -0.042081           0.16597          0.035196
Line_2762             Line 2866-2833              2866              2833          -0.05438         -0.043205          0.054592          0.032533
Line_2763             Line 2714-2866              2714              2866         -0.014555         -0.038873           0.01458          0.031105
Line_2764             Line 2745-2714              2745              2714            0.1181          -0.02567          -0.11764          0.019368
Line_2765             Line 2731-2930              2731              2930         -0.077111          0.021554          0.077313         -0.028451
Line_2766             Line 2966-2822              2966              2822           0.12179         -0.013149          -0.12135         0.0073439
Line_2767             Line 2745-2731              2745              2731         -0.080699          0.015706          0.080911         -0.022567
Line_2768             Line 2729-2773              2729              2773           -0.0442        -0.0028287          0.044237           -0.0043
Line_2769             Line 2726-2773              2726              2773          0.095661         0.0020214         -0.095537           -0.0068
Line_2770             Line 2750-2874              2750              2874           0.39637          0.028417          -0.39551         -0.028418
Line_2771             Line 2755-2717              2755              2717          -0.76677          0.021279            0.7717         -0.014477
Line_2772             Line 2717-2751              2717              2751           0.04645         -0.086764         -0.046229          0.075492
Line_2773             Line 2792-2752              2792              2752          -0.15009          -0.17964           0.15062           0.17773
Line_2774             Line 2967-2792              2967              2792         0.0019799          -0.15823        -0.0018089           0.15454
Line_2775             Line 2825-2746              2825              2746          -0.33087          -0.11709             0.331           0.11704
Line_2776             Line 2825-2841              2825              2841          0.088484          0.017845         -0.088476         -0.018288
Line_2777             Line 2826-2841              2826              2841          0.047727         0.0063484         -0.047724        -0.0068117
Line_2778             Line 2754-2967              2754              2967           0.26474           -0.1148          -0.26398           0.11303
Line_2779             Line 2763-2754              2763              2754          -0.12028         -0.053587            0.1203           0.05319
Line_2780             Line 2939-2763              2939              2763          0.068322         0.0062712         -0.068317        -0.0067127
Line_2781             Line 2755-2939              2755              2939           0.12074          0.020966          -0.12072         -0.021371
Line_2782             Line 2717-2989              2717              2989          -0.38507           0.17995           0.39072          -0.17613
Line_2783             Line 2965-2989              2965              2989          -0.51441          0.099665           0.51846         -0.093144
Line_2784             Line 2946-2747              2946              2747          -0.23378         -0.076195           0.23542          0.064443
Line_2785             Line 2934-2746              2934              2746          -0.44848          -0.11423           0.45878           0.12009
Line_2786             Line 2749-2752              2749              2752           0.29832         -0.038013          -0.29689          0.034309
Line_2787             Line 2874-2752              2874              2752           0.22781         -0.021782           -0.2272          0.018551
Line_2788             Line 2900-2751              2900              2751          -0.15867          -0.10969           0.15977           0.10149
Line_2789             Line 2978-2752              2978              2752          -0.15879        -0.0091506           0.15911         0.0045563
Line_2790             Line 2932-2978              2932              2978         -0.080164         -0.004092          0.080192          0.002231
Line_2791             Line 2975-2978              2975              2978           -0.0786            -0.007          0.078601         0.0069197
Line_2792             Line 2901-2964              2901              2964          -0.25377           0.12523           0.25665           -0.1283
Line_2793             Line 2759-2990              2759              2990          -0.16957            0.0685           0.17006         -0.073574
Line_2794             Line 2754-2949              2754              2949          -0.13077         -0.020971           0.13078            0.0206
Line_2795             Line 2882-2932              2882              2932           0.16092          0.018975          -0.16084         -0.020008
Line_2796             Line 2749-2886              2749              2886           0.64525          0.087824          -0.64363         -0.084449
Line_2797             Line 2762-2900              2762              2900           0.04044         -0.030369         -0.040431          0.029287
Line_2798             Line 2755-2762              2755              2762           0.27125          0.019131          -0.27094         -0.019831
Line_2799             Line 2727-2826              2727              2826          -0.10537         -0.095923           0.10556          0.092861
Line_2800             Line 2751-2727              2751              2727           0.06761         -0.066918         -0.067528          0.063723
Line_2801             Line 2752-2933              2752              2933          0.070561          0.043291         -0.070473         -0.048369
Line_2802             Line 2753-2747              2753              2747           -0.4306         -0.050564           0.43179          0.051201
Line_2803             Line 2837-2752              2837              2752          -0.11624         -0.080552            0.1168          0.068361
Line_2804             Line 2946-2837              2946              2837         0.0094783         -0.053187        -0.0094617          0.050452
Line_2805             Line 2880-2941              2880              2941          -0.11106          0.061465           0.11117           -0.0637
Line_2806             Line 2946-2880              2946              2880         -0.058596          0.069082          0.058656         -0.071465
Line_2807             Line 2823-2829              2823              2829          -0.22154          0.045317           0.22241         -0.049122
Line_2808             Line 2941-2823              2941              2823          -0.18447            0.0436           0.18484         -0.046317
Line_2809             Line 2885-2749              2885              2749          0.035141         -0.059325         -0.035122          0.057283
Line_2810             Line 2694-2749              2694              2749          0.076329          -0.16483          -0.07624           0.16378
Line_2811             Line 2933-2893              2933              2893          0.064173          0.047369          -0.06413         -0.050303
Line_2812             Line 2852-2718              2852              2718          -0.42444         -0.070008           0.42555          0.070862
Line_2813             Line 2886-2853              2886              2853           0.47593          0.054349          -0.47534         -0.053682
Line_2814             Line 2905-2901              2905              2901          -0.27393           0.31401           0.27488          -0.31347
Line_2815             Line 2897-2746              2897              2746          -0.22323          -0.11601            0.2233           0.11573
Line_2816             Line 2898-2747              2898              2747           -0.2096           -0.0834           0.20965           0.08308
Line_2817             Line 2747-2750              2747              2750         -0.032038         -0.050347          0.032092          0.042276
Line_2818             Line 2897-2767              2897              2767           0.13483         -0.046359          -0.13474           0.04451
Line_2819             Line 2747-2694              2747              2694            0.1674          -0.16016          -0.16713           0.15896
Line_2820             Line 2860-2750              2860              2750          -0.11974         -0.088122           0.11977          0.087665
Line_2821             Line 2746-2860              2746              2860          0.063711         -0.065475         -0.063658          0.063022
Line_2822             Line 2767-2885              2767              2885           0.10334          -0.05451          -0.10324          0.051325
Line_2823             Line 2893-2937              2893              2937          -0.11967         0.0013076           0.11976        -0.0039106
Line_2824             Line 2718-2905              2718              2905          -0.14784           0.34409           0.14823          -0.34411
Line_2825             Line 2949-2794              2949              2794          -0.20408           -0.0407           0.20416          0.040132
Line_2826             Line 2965-2901              2965              2901           0.25241          -0.13987          -0.25161           0.13804
Line_2827             Line 2794-2852              2794              2852          -0.32986         -0.060232           0.33014          0.060008
Line_2828             Line 2853-2882              2853              2882           0.24484          0.038582          -0.24472         -0.039075
Line_2829             Line 2795-2753              2795              2753          -0.13712         -0.012822            0.1372          0.010364
Line_2830             Line 2937-2795              2937              2795          -0.11976         0.0039106           0.11982         -0.006453
Line_2831             Line 2862-2990              2862              2990          -0.29437         0.0031245           0.29449        -0.0033816
Line_2832             Line 2725-2934              2725              2934         -0.082998         -0.079427           0.08344          0.067813
Line_2833             Line 2790-2752              2790              2752          -0.50665         -0.057522           0.51554           0.06545
Line_2834             Line 2788-2790              2788              2790          -0.35897         -0.026521           0.36515          0.027422
Line_2835             Line 2924-2788              2924              2788         0.0031881         0.0023855        -0.0031857         -0.014517
Line_2836             Line 2923-2788              2923              2788             -0.11           -0.0201           0.11065          0.010939
Line_2837             Line 2934-2924              2934              2924          0.080837          0.012821         -0.080688         -0.021381
Line_2838             Line 2704-2989              2704              2989          -0.33119          -0.03334           0.33323          0.031479
Line_2839             Line 2908-2751              2908              2751           -0.1209         -0.052959           0.12092           0.05255
Line_2840             Line 2749-2983              2749              2983            0.1573          0.028575           -0.1572           -0.0301
Line_2841             Line 2750-2982              2750              2982           0.13627          0.023493           -0.1362           -0.0251
Line_2842             Line 2881-2747              2881              2747          -0.41352         -0.088133           0.41544          0.088813
Line_2843             Line 2715-2881              2715              2881          -0.35811         -0.078193           0.36112          0.078133
Line_2844             Line 2842-2699              2842              2699          -0.29964         -0.023466           0.30272          0.018423
Line_2845             Line 2976-2858              2976              2858          -0.46283         -0.058523           0.46495           0.06074
Line_2846             Line 2699-2976              2699              2976          -0.39702         -0.038523           0.39992          0.039511
Line_2847             Line 2707-2976              2707              2976           -0.0629           -0.0201           0.06291          0.019012
Line_2848             Line 2938-2857              2938              2857          -0.14523         -0.042097           0.14827          0.026245
Line_2849             Line 2834-2858              2834              2858          -0.31592          -0.11016           0.31638           0.10967
Line_2850             Line 2756-2854              2756              2854          -0.22147           -0.0917           0.22197          0.088233
Line_2851             Line 2827-2854              2827              2854          -0.39652         -0.031419            0.4014           0.03409
Line_2852             Line 2732-2857              2732              2857           -0.2792         -0.094421           0.28083          0.090936
Line_2853             Line 2695-2827              2695              2827          -0.24757        -0.0031842           0.24979        -0.0013021
Line_2854             Line 2766-2827              2766              2827           -0.0314             -0.01          0.031429         0.0026216
Line_2855             Line 2804-2695              2804              2695          -0.12138         0.0092638           0.12187         -0.021916
Line_2856             Line 2807-2804              2807              2804         -0.068888          0.017262          0.068977         -0.024364
Line_2857             Line 2859-2854              2859              2854          0.033736          -0.14563         -0.033114           0.13315
Line_2858             Line 2783-2855              2783              2855         -0.083423         0.0073494          0.083603         -0.019109
Line_2859             Line 2820-2775              2820              2775          -0.27251           0.03907           0.27314         -0.039863
Line_2860             Line 2864-2820              2864              2820          -0.10409           0.06519           0.10481          -0.07427
Line_2861             Line 2868-2861              2868              2861            0.1381          0.022879          -0.13799         -0.024246
Line_2862             Line 2861-2869              2861              2869         -0.092511         -0.036054          0.092555          0.034054
Line_2863             Line 2842-2807              2842              2807          0.058661          0.001796          -0.05859         -0.010504
Line_2864             Line 2869-2857              2869              2857          -0.24975         -0.069254            0.2504          0.066702
Line_2865             Line 2843-2855              2843              2855          -0.35195          -0.10923           0.35581           0.10914
Line_2866             Line 2846-2859              2846              2859           0.12884          -0.13379          -0.12804           0.12553
Line_2867             Line 2864-2756              2864              2756          -0.15791          -0.08529           0.15857            0.0817
Line_2868             Line 2863-2858              2863              2858           -0.1153           -0.0301           0.11538          0.028655
Line_2869             Line 2835-2868              2835              2868           0.22212          0.046662           -0.2219         -0.047979
Line_2870             Line 2843-2838              2843              2838           0.15805           0.06903          -0.15752         -0.075107
Line_2871             Line 2902-2806              2902              2806           -0.0524           -0.0151           0.05244         0.0093174
Line_2872             Line 2854-2857              2854              2857           0.04026         -0.093891         -0.040154          0.089089
Line_2873             Line 2855-2858              2855              2858          0.033527         -0.093192         -0.033427          0.088368
Line_2874             Line 2835-2783              2835              2783          0.042297          0.023482         -0.042277         -0.027449
Line_2875             Line 2870-2834              2870              2834       -1.4211e-14        5.6843e-14         5.393e-11       -0.00046877
Line_2876             Line 2871-2835              2871              2835        1.4211e-14                 0        4.5219e-11       -0.00044465
Line_2877             Line 2701-2738              2701              2738          -0.26592          0.081587           0.26749         -0.084944
Line_2878             Line 2784-2701              2784              2701          -0.13122         -0.018064           0.13163          0.013577
Line_2879             Line 2761-2784              2761              2784         -0.089035         -0.019979          0.089316          0.013064
Line_2880             Line 2796-2761              2796              2761         -0.031409        -0.0061324          0.031435       -0.00012073
Line_2881             Line 2801-2737              2801              2737           -0.3202         -0.038705           0.32103          0.037794
Line_2882             Line 2922-2916              2922              2916          -0.22648          0.003408           0.22899         -0.008735
Line_2883             Line 2798-2801              2798              2801          -0.17757        -0.0046829            0.1776         0.0042841
Line_2884             Line 2800-2738              2800              2738          -0.21013         -0.060315            0.2105          0.057994
Line_2885             Line 2736-2737              2736              2737          0.050063        0.00064587         -0.049941         -0.020103
Line_2886             Line 2986-2733              2986              2733          0.056009        -0.0031138           -0.0559        -0.0030581
Line_2887             Line 2815-2800              2815              2800         -0.095001         0.0037218          0.095125        -0.0094991
Line_2888             Line 2815-2798              2815              2798         -0.046552        -0.0075027          0.046566         0.0046829
Line_2889             Line 2884-2774              2884              2774          -0.18357        -0.0054636           0.18463        -0.0057711
Line_2890             Line 2986-2922              2986              2922          -0.18701        -0.0016119           0.18978         -0.008408
Line_2891             Line 2962-2737              2962              2737          -0.23647         -0.012333           0.23777         0.0058722
Line_2892             Line 2815-2921              2815              2921         0.0053529        -0.0062191        -0.0053519       -0.00068266
Line_2893             Line 2793-2796              2793              2796            -0.131             -0.01           0.13108         0.0086014
Line_2894             Line 2796-2962              2796              2962          -0.19397         -0.012469           0.19457         0.0073327
Line_2895             Line 2728-2986              2728              2986           -0.0524        2.8422e-14          0.052405       -0.00027437
Line_2896             Line 2915-2916              2915              2916          -0.48216         -0.060547           0.48291          0.061939
Line_2897             Line 2700-2918              2700              2918        1.0331e-06         -0.011346       -8.8818e-16       -3.5527e-15
Line_2898             Line 2884-2917              2884              2917           0.12597        -0.0045364           -0.1257            -0.005
Line_2899             Line 2803-2914              2803              2914          -0.19213         -0.050285           0.19219          0.040312
Line_2900             Line 2803-2915              2803              2915          -0.25847         -0.025115           0.25857          0.015195
Line_2901             Line 2959-2737              2959              2737            0.4999         6.137e-06          -0.49682          0.004187
Line_2902             Line 2742-2987              2742              2987          -0.10472         -0.014915           0.10475          0.013799
Line_2903             Line 2899-2742              2899              2742          0.042038          0.014151         -0.041981         -0.025285
Line_2904             Line 2832-2899              2832              2899           0.25946          0.056391          -0.25914         -0.057325
Line_2905             Line 2808-2848              2808              2848           -0.0524           -0.0201          0.052489          0.013537
Line_2906             Line 2706-2883              2706              2883         0.0014172           0.03679        -0.0013956         -0.040018
Line_2907             Line 2890-2706              2890              2706          0.076508          0.060408         -0.076217         -0.066574
Line_2908             Line 2883-2740              2883              2740         -0.030004          0.030018          0.030032         -0.033511
Line_2909             Line 2865-2890              2865              2890           0.11576          0.062356          -0.11541          -0.06994
Line_2910             Line 2987-2739              2987              2739          -0.39815           -0.1947           0.39844           0.19503
Line_2911             Line 2741-2740              2741              2740          -0.22535        -0.0062409           0.22576           0.00428
Line_2912             Line 2814-2810              2814              2810          -0.10939         -0.067363           0.10945          0.065925
Line_2913             Line 2836-2814              2836              2814          0.037349         -0.035234         -0.037307          0.027163
Line_2914             Line 2942-2836              2942              2836           0.16581        -0.0040849          -0.16515        -0.0049656
Line_2915             Line 3005-2810              3005              2810          -0.24912         -0.078279           0.25089           0.07233
Line_2916             Line 2878-2741              2878              2741         -0.026223          0.026444          0.026252         -0.033959
Line_2917             Line 2791-2942              2791              2942            0.4049           0.01187          -0.40306         -0.011196
Line_2918             Line 3001-2173              3001              2173              -0.5             -0.14           0.51461           0.15487
Line_2919             Line 3002-2174              3002              2174              -0.5             -0.14           0.51465           0.15498
Line_2920             Line 3003-1656              3003              1656             -0.25              -0.1           0.25067           0.09817
Line_2921             Line 3004-2093              3004              2093             -0.65             -0.26           0.65433           0.27003
Line_2922             Line 2998-1747              2998              1747          -0.36683          -0.13428           0.36716           0.13435
Line_2923             Line 3000-2998              3000              2998          -0.20669         -0.075159           0.20682          0.074355
Line_2924             Line 2997-2998              2997              2998             -0.16             -0.06           0.16001           0.05993
Line_2925             Line 2999-1748              2999              1748          -0.28331          -0.10484           0.28375           0.10404
Line_2926             Line 2832-3005              2832              3005          -0.42716         -0.096591           0.42902           0.09845
Line_2927             Line 2947-3013              2947              3013           0.19216          0.066434          -0.19185         -0.069228
Line_2928             Line 2964-2759              2964              2759          -0.38875          0.068456           0.38947         -0.068233
Line_2929                   Line 4-3                 4                 3          -0.87373          -0.22652           0.87374           0.22667
Line_2930                   Line 7-6                 7                 6         -0.023607          -0.14615          0.023608           0.14615
Line_2931                   Line 9-8                 9                 8            1.7326            1.1198           -1.7325            -1.119
Line_2932                 Line 12-11                12                11            2.8472           0.96631           -2.8471           -0.9658
Line_2933                 Line 15-14                15                14           0.39003           0.96285          -0.39001          -0.96264
Line_2934                 Line 16-15                16                15           0.88704        -0.0007597          -0.88703        0.00091162
Line_2935                 Line 20-19                20                19            3.1456           0.30132           -3.1455          -0.30075
Line_2936                 Line 23-22                23                22                 0                 0                 0                 0
Line_2937                 Line 25-24                25                24        -0.0063128          -0.25812         0.0063139           0.25813
Line_2938                 Line 27-26                27                26           -1.1995           0.73154            1.1996          -0.73119
Line_2939                 Line 29-28                29                28           0.17726          -0.26395          -0.17726           0.26397
Line_2940                 Line 31-30                31                30           -1.1766          -0.18857            1.1766           0.18885
Line_2941                 Line 33-32                33                32           -2.3493           -0.2919            2.3494            0.2929
Line_2942                 Line 35-34                35                34           -1.5844          -0.29716            1.5844           0.29731
Line_2943                 Line 39-38                39                38          -0.73565           0.07014           0.73566         -0.070047
Line_2944                 Line 41-40                41                40            1.8231          -0.82764            -1.823           0.82786
Line_2945                 Line 43-42                43                42          -0.36935          -0.45577           0.36936           0.45584
Line_2946                 Line 45-44                45                44           -1.1537          -0.07161            1.1537          0.071683
Line_2947                 Line 48-47                48                47             -1.66           0.24599              1.66          -0.24547
Line_2948                 Line 52-51                52                51          -0.45438         -0.094394           0.45439          0.094431
Line_2949                 Line 55-54                55                54          0.093482           0.36447          -0.09348          -0.36445
Line_2950                 Line 59-57                59                57          -0.14515         -0.038629           0.14515          0.038633
Line_2951                 Line 58-57                58                57         -0.048756          -0.10027          0.048756           0.10028
Line_2952                 Line 61-60                61                60            2.1135          -0.35241           -2.1134           0.35266
Line_2953                 Line 64-63                64                63          -0.36792          0.025551           0.36792         -0.025543
Line_2954                 Line 67-66                67                66           0.48523         -0.088344          -0.48522          0.088388
Line_2955                 Line 69-68                69                68           -0.6691          -0.13284            0.6691           0.13286
Line_2956                 Line 71-70                71                70          -0.17717         -0.088671           0.17717          0.088678
Line_2957                 Line 73-72                73                72          -0.39403           0.41343           0.39404          -0.41342
Line_2958                 Line 75-74                75                74          -0.17731         -0.084493           0.17731            0.0845
Line_2959                 Line 77-76                77                76           0.37546         -0.031502          -0.37546          0.031527
Line_2960                 Line 79-78                79                78          -0.37649           0.10896            0.3765          -0.10893
Line_2961                 Line 81-80                81                80           -3.7196          0.028657            3.7198         -0.027904
Line_2962                 Line 89-88                89                88            1.3386           0.51367           -1.3386          -0.51331
Line_2963                 Line 91-90                91                90          -0.22079           0.12462           0.22079          -0.12461
Line_2964                 Line 93-92                93                92          -0.76405            -1.195           0.76409            1.1954
Line_2965                 Line 97-96                97                96          -0.10738         -0.074883           0.10738          0.074886
Line_2966                 Line 99-98                99                98           -8.8041          -0.17515            8.8048           0.17937
Line_2967               Line 102-101               102               101           0.27691         -0.038133          -0.27691          0.038147
Line_2968               Line 104-103               104               103          -0.49926          -0.25727           0.49927           0.25732
Line_2969               Line 106-105               106               105          -0.25507          -0.31924           0.25507           0.31927
Line_2970               Line 108-107               108               107          -0.69334        -0.0062415           0.69335         0.0063249
Line_2971               Line 110-109               110               109          -0.49738          0.060847           0.49739         -0.060833
Line_2972               Line 112-111               112               111           0.13907          0.053017          -0.13907         -0.053013
Line_2973               Line 114-113               114               113           -1.3012          -0.35882            1.3012           0.35914
Line_2974               Line 116-115               116               115           -1.2272         -0.049266            1.2272          0.049527
Line_2975               Line 118-117               118               117           0.28965         -0.071801          -0.28965          0.071817
Line_2976               Line 120-119               120               119          -0.14344          -0.13567           0.14344           0.13567
Line_2977               Line 122-121               122               121           0.20494          0.084629          -0.20494         -0.084621
Line_2978               Line 124-123               124               123            1.1675        -0.0054164           -1.1675         0.0056488
Line_2979               Line 126-125               126               125          -0.80871           0.27447           0.80872          -0.27434
Line_2980               Line 129-128               129               128           -0.1851           0.24856            0.1851          -0.24854
Line_2981               Line 131-130               131               130           0.86421           0.43856          -0.86419           -0.4384
Line_2982               Line 133-132               133               132                 0                 0                 0                 0
Line_2983               Line 135-134               135               134          -0.26683          -0.14099           0.26683           0.14101
Line_2984               Line 137-136               137               136           -1.1293           0.16643            1.1293           -0.1662
Line_2985               Line 139-138               139               138          -0.53816           0.56462           0.53817          -0.56459
Line_2986               Line 141-140               141               140           0.57674          -0.12634          -0.57674           0.12636
Line_2987               Line 143-142               143               142           0.26345            0.2717          -0.26345          -0.27167
Line_2988               Line 145-144               145               144            2.3792          0.038064           -2.3791         -0.037099
Line_2989               Line 147-146               147               146           0.34419           0.82437          -0.34418          -0.82433
Line_2990               Line 149-148               149               148           0.71342           0.32491          -0.71341           -0.3248
Line_2991               Line 155-154               155               154           -1.1837           0.11291            1.1838          -0.11266
Line_2992               Line 157-156               157               156          -0.15155          -0.16616           0.15155           0.16617
Line_2993               Line 160-159               160               159          -0.94119          -0.34129           0.94121           0.34147
Line_2994               Line 162-161               162               161          -0.81963          -0.44191           0.81964           0.44196
Line_2995               Line 165-164               165               164                 0                 0                 0                 0
Line_2996               Line 167-166               167               166                 0                 0                 0                 0
Line_2997               Line 170-169               170               169           -1.4451        -0.0067517            1.4452          0.007127
Line_2998               Line 172-173               172               173          0.063606           0.30259         -0.063604          -0.30257
Line_2999               Line 175-174               175               174            1.2222         -0.031159           -1.2222          0.031242
Line_3000               Line 177-176               177               176          -0.63933           0.61218           0.63934          -0.61201
Line_3001               Line 179-178               179               178          -0.37627          0.084224           0.37627         -0.084195
Line_3002               Line 181-180               181               180          -0.81194           0.07742           0.81195         -0.077306
Line_3003               Line 182-181               182               181             2.294          -0.21812           -2.2939           0.21902
Line_3004               Line 184-183               184               183          -0.54639          -0.47646           0.54639           0.47649
Line_3005               Line 186-185               186               185                 0                 0                 0                 0
Line_3006               Line 190-189               190               189            2.4625          -0.17936           -2.4624           0.17971
Line_3007               Line 192-191               192               191           -4.2036           -1.1446            4.2039             1.148
Line_3008               Line 195-194               195               194          -0.40301           0.28153           0.40302          -0.28148
Line_3009               Line 197-196               197               196          -0.10563          0.038631           0.10563         -0.038628
Line_3010               Line 199-198               199               198           0.70241          -0.17938           -0.7024           0.17949
Line_3011               Line 201-200               201               200                 0                 0                 0                 0
Line_3012               Line 203-202               203               202           0.45799         -0.076815          -0.45799          0.076859
Line_3013               Line 206-205               206               205           -1.1476           0.18448            1.1477          -0.18423
Line_3014               Line 210-209               210               209           0.70365          -0.15169          -0.70364            0.1518
Line_3015               Line 214-213               214               213          -0.23497           0.57886           0.23497          -0.57883
Line_3016               Line 216-215               216               215            -1.898           0.49577             1.898          -0.49555
Line_3017               Line 219-218               219               218          -0.49202          0.058155           0.49202         -0.058106
Line_3018               Line 221-220               221               220          -0.38615          -0.29237           0.38615           0.29242
Line_3019               Line 226-225               226               225           0.63022          0.027485          -0.63021         -0.027409
Line_3020               Line 230-229               230               229          -0.17911          -0.53087           0.17911           0.53089
Line_3021               Line 233-232               233               232           0.37233           0.38934          -0.37233          -0.38929
Line_3022               Line 235-234               235               234          -0.96423          0.014473           0.96424         -0.014421
Line_3023               Line 237-236               237               236          0.040995          -0.24793         -0.040994           0.24795
Line_3024               Line 239-238               239               238            -1.388          -0.24013            1.3881           0.24052
Line_3025               Line 241-240               241               240           0.91196           -0.1521          -0.91195           0.15214
Line_3026               Line 243-242               243               242           0.56718            0.5179          -0.56717          -0.51779
Line_3027               Line 247-246               247               246           0.19046          -0.17063          -0.19045           0.17068
Line_3028               Line 249-248               249               248          -0.61296           0.13749           0.61299          -0.13722
Line_3029               Line 251-250               251               250           -0.0629          -0.05133          0.062901          0.051335
Line_3030               Line 261-260               261               260           0.54116          -0.15173          -0.54114           0.15195
Line_3031               Line 264-263               264               263           0.16325          0.082237          -0.16325         -0.082214
Line_3032               Line 266-265               266               265          -0.58232         -0.039246           0.58234          0.039477
Line_3033               Line 283-282               283               282           0.14907         -0.031381          -0.14907          0.031397
Line_3034               Line 285-284               285               284          -0.51665         -0.070998           0.51667          0.071193
Line_3035               Line 289-288               289               288          -0.10798         0.0084594           0.10798        -0.0084511
Line_3036               Line 292-291               292               291          -0.11377         -0.052571           0.11377          0.052583
Line_3037               Line 294-293               294               293          -0.61229           0.12561           0.61231          -0.12534
Line_3038               Line 296-295               296               295          -0.52068            0.1056            0.5207           -0.1054
Line_3039               Line 303-302               303               302           -0.3002          0.072061           0.30021         -0.071993
Line_3040               Line 306-305               306               305           0.48426         -0.045139          -0.48425            0.0453
Line_3041               Line 309-308               309               308          -0.55067           0.13066           0.55069          -0.13044
Line_3042               Line 312-311               312               311          -0.50235        -0.0062845           0.50236         0.0064589
Line_3043               Line 326-325               326               325          -0.41759         -0.065907            0.4176          0.066036
Line_3044               Line 338-337               338               337           -0.2663          0.078865            0.2663         -0.078813
Line_3045               Line 341-340               341               340           0.15992          0.029089          -0.15992          -0.02907
Line_3046               Line 343-342               343               342           0.15379          -0.10395          -0.15379           0.10397
Line_3047               Line 350-349               350               349          -0.16101          0.084801           0.16101         -0.084778
Line_3048               Line 356-355               356               355           0.20548         -0.093322          -0.20548          0.093359
Line_3049               Line 363-362               363               362          -0.54833           0.14609           0.54836          -0.14587
Line_3050               Line 390-389               390               389          -0.42212         0.0012684           0.42213        -0.0011468
Line_3051               Line 395-394               395               394           0.35374         0.0041105          -0.35373        -0.0040237
Line_3052               Line 397-396               397               396            0.3365         -0.060927          -0.33649          0.061006
Line_3053               Line 405-404               405               404          -0.60486          0.014057           0.60488         -0.013805
Line_3054               Line 407-406               407               406          -0.26255         -0.018986           0.26255          0.019034
Line_3055               Line 413-412               413               412          -0.32029          0.024507            0.3203         -0.024432
Line_3056               Line 415-414               415               414            0.0234         0.0090004           -0.0234            -0.009
Line_3057               Line 420-419               420               419         -0.050698          -0.10861          0.050699           0.10862
Line_3058               Line 441-440               441               440           0.13983         -0.032466          -0.13983           0.03248
Line_3059               Line 446-445               446               445           0.14385         -0.045202          -0.14385          0.045218
Line_3060               Line 448-447               448               447          -0.10331           0.03359           0.10332         -0.033582
Line_3061               Line 450-449               450               449             1.889          -0.16756           -1.8887           0.16997
Line_3062               Line 451-450               451               450           -1.2471          0.030023            1.2472         -0.028981
Line_3063               Line 460-459               460               459          -0.91351          -0.14532           0.91356           0.14589
Line_3064               Line 463-462               463               462          -0.40317          0.028941           0.40318         -0.028825
Line_3065               Line 467-466               467               466            -0.018         0.0025876             0.018        -0.0025874
Line_3066               Line 473-472               473               472          -0.46827           0.17357           0.46829          -0.17339
Line_3067               Line 496-495               496               495          -0.46536           0.11521           0.46538          -0.11505
Line_3068               Line 507-506               507               506          -0.37067         -0.028576           0.37068          0.028668
Line_3069               Line 516-515               516               515           0.29138        -0.0043389          -0.29137         0.0043976
Line_3070               Line 520-519               520               519          -0.31281         -0.072159           0.31281          0.072229
Line_3071               Line 528-527               528               527       -8.9142e-07          0.012242        9.0114e-07         -0.012242
Line_3072               Line 533-532               533               532           0.49898           -0.1001          -0.49896           0.10027
Line_3073               Line 538-537               538               537           -0.1137           -0.0281            0.1137           0.02811
Line_3074               Line 542-541               542               541          -0.34531         -0.058758           0.34532          0.058844
Line_3075               Line 552-551               552               551           0.59305          -0.10168          -0.59302           0.10195
Line_3076               Line 555-554               555               554            0.6761         -0.075764          -0.67607          0.076105
Line_3077               Line 561-560               561               560           -0.3009         -0.039885           0.30091          0.039952
Line_3078               Line 563-562               563               562          -0.46303           0.14502           0.46304          -0.14485
Line_3079               Line 571-570               571               570           0.50937           0.10818          -0.50935            -0.108
Line_3080               Line 573-572               573               572          -0.28192          0.088132           0.28193         -0.088067
Line_3081               Line 578-577               578               577          -0.53398         -0.017896             0.534          0.018096
Line_3082               Line 583-582               583               582           0.31398         -0.032117          -0.31397          0.032189
Line_3083               Line 593-592               593               592           0.28563           0.09904          -0.28563         -0.098979
Line_3084               Line 596-595               596               595           -0.1629         -0.078982           0.16291          0.079006
Line_3085               Line 604-603               604               603         -0.020073          0.018561          0.020073         -0.018561
Line_3086               Line 606-605               606               605           0.22837           0.13947          -0.22837          -0.13942
Line_3087               Line 610-609               610               609           0.45024          0.031166          -0.45022         -0.031028
Line_3088               Line 612-611               612               611           -0.6996          -0.11746           0.69963            0.1178
Line_3089               Line 614-613               614               613                 0                 0                 0                 0
Line_3090               Line 616-615               616               615           0.43143           0.22729          -0.43142          -0.22713
Line_3091               Line 621-620               621               620           0.23611           0.15997           -0.2361          -0.15992
Line_3092               Line 623-622               623               622          -0.28956          0.032155           0.28957         -0.032097
Line_3093               Line 627-626               627               626          -0.60298         -0.063873             0.603          0.064122
Line_3094               Line 632-631               632               631          -0.29377          0.069025           0.29377         -0.068962
Line_3095               Line 636-635               636               635           0.21248          0.058084          -0.21248         -0.058052
Line_3096               Line 643-642               643               642          -0.88922           0.10537           0.88927          -0.10483
Line_3097               Line 645-644               645               644          -0.30283         -0.070602           0.30284          0.070668
Line_3098               Line 647-646               647               646          -0.53721          -0.15926           0.53723           0.15949
Line_3099               Line 649-648               649               648          -0.43185           0.10003           0.43187         -0.099893
Line_3100               Line 651-650               651               650           0.33301          0.078879            -0.333         -0.078801
Line_3101               Line 653-652               653               652           0.15401           0.10947          -0.15401          -0.10945
Line_3102               Line 655-654               655               654         -0.026568         -0.049874          0.026569          0.049876
Line_3103               Line 657-656               657               656            0.1876        -0.0064467           -0.1876         0.0064706
Line_3104               Line 659-658               659               658           0.52382          0.036232           -0.5238         -0.036043
Line_3105               Line 662-661               662               661           -0.3018          -0.10048           0.30181           0.10055
Line_3106               Line 668-667               668               667           0.39434          0.077316          -0.39433         -0.077207
Line_3107               Line 675-674               675               674           0.18631          -0.14764           -0.1863           0.14767
Line_3108               Line 677-676               677               676           0.24333        -0.0096547          -0.24332         0.0096948
Line_3109               Line 679-678               679               678           0.81007           0.16739          -0.81002          -0.16693
Line_3110               Line 681-680               681               680          -0.38229          -0.27645            0.3823            0.2766
Line_3111               Line 685-684               685               684          0.017772           0.14784          -0.01777          -0.14782
Line_3112               Line 687-686               687               686           0.07952         -0.059072         -0.079519          0.059079
Line_3113               Line 689-688               689               688          -0.47496          -0.12651           0.47498           0.12667
Line_3114               Line 691-690               691               690           0.45975         -0.074059          -0.45974          0.074205
Line_3115               Line 698-697               698               697          -0.10392         -0.039065           0.10392          0.039074
Line_3116               Line 702-700               702               700           0.96253         -0.025325          -0.96247          0.025944
Line_3117               Line 733-732               733               732          0.037114          0.062286         -0.037114         -0.062282
Line_3118               Line 736-735               736               735          -0.16878           0.21318           0.16878          -0.21313
Line_3119               Line 742-741               742               741            0.0315         0.0070007           -0.0315            -0.007
Line_3120               Line 745-744               745               744          -0.46467          -0.11166           0.46469           0.11182
Line_3121               Line 747-746               747               746          -0.70705            0.1544           0.70708          -0.15405
Line_3122               Line 754-753               754               753          0.017684         -0.054728         -0.017684           0.05473
Line_3123               Line 756-755               756               755           0.14136         -0.013786          -0.14136            0.0138
Line_3124               Line 762-761               762               761          -0.13501         0.0036268           0.13501        -0.0036142
Line_3125               Line 769-768               769               768         -0.090599         -0.093256          0.090601          0.093268
Line_3126               Line 771-770               771               770          -0.12531          0.082744           0.12531         -0.082727
Line_3127               Line 776-775               776               775           0.15917          0.045675          -0.15916         -0.045656
Line_3128               Line 786-785               786               785         -0.025613         -0.076384          0.025614          0.076388
Line_3129               Line 790-789               790               789          -0.52135         -0.016343           0.52137          0.016531
Line_3130               Line 847-846               847               846          -0.20245          0.019529           0.20245         -0.019502
Line_3131               Line 852-851               852               851          -0.14423          0.042322           0.14423         -0.042306
Line_3132               Line 855-854               855               854           0.17676          0.049204          -0.17675          -0.04918
Line_3133               Line 871-870               871               870          -0.63611         -0.051803           0.63613          0.052074
Line_3134               Line 883-882               883               882           -0.8558         -0.055416           0.85585          0.055913
Line_3135               Line 889-888               889               888           0.17784          0.063686          -0.17784         -0.063662
Line_3136               Line 903-902               903               902           0.22245           0.10366          -0.22244          -0.10362
Line_3137               Line 906-905               906               905         -0.030927          0.028537          0.030927         -0.028536
Line_3138               Line 923-922               923               922           0.87599          0.018926          -0.87594         -0.018395
Line_3139               Line 935-934               935               934           -0.3548          0.018489           0.35481         -0.018405
Line_3140               Line 951-950               951               950          0.082853          0.040476         -0.082852          -0.04047
Line_3141               Line 955-954               955               954           0.36406          0.024888          -0.36405         -0.024796
Line_3142               Line 961-960               961               960          0.063072         -0.019456         -0.063071          0.019459
Line_3143               Line 967-966               967               966          -0.10139          0.098971           0.10139         -0.098957
Line_3144               Line 977-976               977               976          -0.18902         -0.014238           0.18902          0.014262
Line_3145               Line 994-993               994               993          -0.15419         -0.022094            0.1542           0.02211
Line_3146             Line 1001-1000              1001              1000             0.252           0.05439            -0.252         -0.054344
Line_3147             Line 1042-1041              1042              1041           0.33151         -0.051739           -0.3315          0.051816
Line_3148             Line 1058-1057              1058              1057        -0.0011989          -0.11407         0.0011998           0.11408
Line_3149             Line 1061-1060              1061              1060            0.4369          0.055304          -0.43689         -0.055171
Line_3150             Line 1063-1062              1063              1062          0.041103          0.016931         -0.041103         -0.016929
Line_3151             Line 1064-1063              1064              1063            0.1464          0.039746           -0.1464         -0.039731
Line_3152             Line 1066-1065              1066              1065          -0.33581          -0.12656           0.33582           0.12665
Line_3153             Line 1068-1067              1068              1067           0.19755         -0.030145          -0.19755          0.030172
Line_3154             Line 1072-1071              1072              1071          0.024159           0.11705         -0.024158          -0.11704
Line_3155             Line 1074-1073              1074              1073         -0.010364          0.016366          0.010364         -0.016366
Line_3156             Line 1079-1078              1079              1078         -0.019945          -0.16428          0.019947            0.1643
Line_3157             Line 1081-1080              1081              1080          0.055922          0.026457         -0.055922         -0.026454
Line_3158             Line 1086-1085              1086              1085          -0.23726          -0.28352           0.23727           0.28361
Line_3159             Line 1088-1087              1088              1087          -0.44281          -0.14848           0.44282           0.14863
Line_3160             Line 1093-1092              1093              1092          -0.26451          -0.11271           0.26451           0.11277
Line_3161             Line 1101-1100              1101              1100           0.50294           0.00692          -0.50292        -0.0067519
Line_3162             Line 1103-1102              1103              1102           -0.0446           -0.0069            0.0446         0.0069014
Line_3163             Line 1106-1105              1106              1105           -0.1858          0.025853            0.1858         -0.025829
Line_3164             Line 1108-1107              1108              1107            0.0726          0.010704           -0.0726           -0.0107
Line_3165             Line 1114-1113              1114              1113          -0.11254         -0.091758           0.11254          0.091772
Line_3166             Line 1116-1115              1116              1115         -0.082856         -0.058832          0.082857          0.058839
Line_3167             Line 1118-1117              1118              1117          0.078402          0.011349         -0.078402         -0.011344
Line_3168             Line 1128-1127              1128              1127          -0.41527         -0.068117           0.41528          0.068238
Line_3169             Line 1130-1129              1130              1129          0.011334          0.064538         -0.011334         -0.064535
Line_3170             Line 1138-1137              1138              1137          -0.38228         -0.057365           0.38229           0.05747
Line_3171             Line 1140-1139              1140              1139       -5.6843e-14           -0.0004        1.0886e-11            0.0004
Line_3172             Line 1145-1144              1145              1144         -0.068005           0.18192          0.068008          -0.18189
Line_3173             Line 1147-1146              1147              1146          -0.18286          0.091245           0.18286         -0.091216
Line_3174             Line 1149-1148              1149              1148          0.098084           0.32184         -0.098077          -0.32176
Line_3175             Line 1153-1152              1153              1152          0.056336          -0.14099         -0.056335             0.141
Line_3176             Line 1155-1154              1155              1154           0.39394          0.073038          -0.39393          -0.07293
Line_3177             Line 1157-1156              1157              1156           0.14333          0.094159          -0.14333          -0.09414
Line_3178             Line 1162-1161              1162              1161           0.11607          0.014871          -0.11607         -0.014861
Line_3179             Line 1167-1166              1167              1166          0.013319           0.19433         -0.013316           -0.1943
Line_3180             Line 1169-1168              1169              1168           0.93909           0.17557          -0.93903          -0.17494
Line_3181             Line 1173-1172              1173              1172          -0.22841         -0.027972           0.22841           0.02801
Line_3182             Line 1175-1174              1175              1174          -0.10202          -0.04539           0.10202          0.045399
Line_3183             Line 1177-1176              1177              1176           0.14897         0.0062945          -0.14897        -0.0062792
Line_3184             Line 1179-1178              1179              1178           0.12548          0.025804          -0.12547         -0.025793
Line_3185             Line 1183-1182              1183              1182           0.17974          0.038217          -0.17974         -0.038194
Line_3186             Line 1185-1184              1185              1184          -0.31106         -0.071262           0.31107          0.071331
Line_3187             Line 1187-1186              1187              1186            0.1489         -0.006075           -0.1489         0.0060899
Line_3188             Line 1191-1190              1191              1190          -0.44024         -0.027232           0.44026          0.027363
Line_3189             Line 1193-1192              1193              1192           0.32454           0.13837          -0.32454          -0.13828
Line_3190             Line 1195-1194              1195              1194          -0.36732           0.11117           0.36733          -0.11107
Line_3191             Line 1199-1198              1199              1198           0.22568         -0.079501          -0.22568          0.079541
Line_3192             Line 1201-1200              1201              1200         -0.099436          0.087386          0.099437         -0.087374
Line_3193             Line 1203-1202              1203              1202           0.48182           -0.1987           -0.4818           0.19888
Line_3194             Line 1207-1206              1207              1206          -0.31003         -0.084674           0.31004          0.084742
Line_3195             Line 1213-1212              1213              1212           0.16308         -0.001954          -0.16308         0.0019716
Line_3196             Line 1217-1216              1217              1216           0.28564           0.02756          -0.28563         -0.027503
Line_3197             Line 1219-1218              1219              1218         -0.070713         0.0065128          0.070713        -0.0065094
Line_3198             Line 1221-1220              1221              1220          -0.57663         -0.048618           0.57666           0.04884
Line_3199             Line 1223-1222              1223              1222          -0.48589         -0.075088            0.4859           0.07526
Line_3200             Line 1225-1224              1225              1224           0.17069            0.2625          -0.17069          -0.26243
Line_3201             Line 1232-1231              1232              1231          -0.14473          0.037752           0.14473         -0.037737
Line_3202             Line 1238-1237              1238              1237           0.18346         -0.042994          -0.18346          0.043018
Line_3203             Line 1239-1238              1239              1238         -0.098208         -0.098334          0.098209          0.098347
Line_3204             Line 1249-1248              1249              1248          -0.29841         -0.071892           0.29842          0.071954
Line_3205             Line 1255-1254              1255              1254         -0.034564        -0.0085851          0.034564          0.008586
Line_3206             Line 1257-1256              1257              1256       -3.2543e-09         0.0020694        3.5292e-09        -0.0020694
Line_3207             Line 1261-1260              1261              1260           0.34554           0.40515          -0.34552          -0.40495
Line_3208             Line 1263-1262              1263              1262           0.14744          0.032474          -0.14743         -0.032459
Line_3209             Line 1265-1264              1265              1264           0.24706         -0.046403          -0.24706          0.046447
Line_3210             Line 1271-1270              1271              1270           -0.4262         -0.055052           0.42621          0.055186
Line_3211             Line 1275-1274              1275              1274          -0.28538          -0.08646           0.28538          0.086519
Line_3212             Line 1278-1277              1278              1277          -0.25645          0.067945           0.25646         -0.067894
Line_3213             Line 1280-1279              1280              1279           0.11972         -0.010629          -0.11972          0.010639
Line_3214             Line 1283-1282              1283              1282          -0.56428           0.17114            0.5643          -0.17091
Line_3215             Line 1285-1284              1285              1284           0.26997           0.11548          -0.26996          -0.11542
Line_3216             Line 1287-1286              1287              1286          0.094893         -0.025499         -0.094892          0.025506
Line_3217             Line 1289-1288              1289              1288          -0.14147         -0.016435           0.14147          0.016449
Line_3218             Line 1291-1290              1291              1290           0.76665          -0.01775          -0.76661          0.018145
Line_3219             Line 1293-1292              1293              1292           0.19419           0.11348          -0.19418          -0.11345
Line_3220             Line 1295-1294              1295              1294         -0.084339         0.0051537           0.08434        -0.0051486
Line_3221             Line 1302-1301              1302              1301           -0.5391          0.053204           0.53912         -0.053006
Line_3222             Line 1304-1303              1304              1303          -0.28899          0.093351           0.28899         -0.093287
Line_3223             Line 1312-1311              1312              1311         -0.099324           0.05009          0.099325         -0.050081
Line_3224             Line 1318-1317              1318              1317         -0.062875          0.048469          0.062875         -0.048465
Line_3225             Line 1324-1323              1324              1323          0.089026          0.037601         -0.089026         -0.037595
Line_3226             Line 1326-1325              1326              1325            0.0164         0.0035002           -0.0164           -0.0035
Line_3227             Line 1334-1333              1334              1333          -0.55316        -0.0072059           0.55318         0.0074108
Line_3228             Line 1336-1335              1336              1335           0.43626           0.16294          -0.43625          -0.16279
Line_3229             Line 1350-1349              1350              1349          0.055569          0.096668         -0.055568          -0.09666
Line_3230             Line 1352-1351              1352              1351          -0.28491        -0.0079457           0.28491         0.0080026
Line_3231             Line 1363-1362              1363              1362        0.00087353          0.040495       -0.00087342         -0.040494
Line_3232             Line 1364-1363              1364              1363          -0.47167          0.011005           0.47168          -0.01085
Line_3233             Line 1368-1367              1368              1367         -0.083703         -0.014135          0.083703           0.01414
Line_3234             Line 1370-1369              1370              1369           0.12351        -0.0023834           -0.1235         0.0023936
Line_3235             Line 1375-1374              1375              1374          -0.12678         -0.087162           0.12679          0.087178
Line_3236             Line 1386-1385              1386              1385           0.13408            0.1133          -0.13408          -0.11328
Line_3237             Line 1392-1391              1392              1391           0.62986           0.29714          -0.62983          -0.29682
Line_3238             Line 1394-1393              1394              1393         0.0076238         0.0022624        -0.0076238        -0.0022624
Line_3239             Line 1403-1402              1403              1402          0.029219          -0.11283         -0.029218           0.11284
Line_3240             Line 1407-1406              1407              1406          -0.35311          -0.13227           0.35312           0.13237
Line_3241             Line 1416-1415              1416              1415           0.24431          0.062936           -0.2443         -0.062892
Line_3242             Line 1423-1422              1423              1422           0.19553          0.011377          -0.19552         -0.011351
Line_3243             Line 1426-1425              1426              1425          -0.27636          0.053215           0.27637          -0.05316
Line_3244             Line 1428-1427              1428              1427           -0.2757        -0.0054327            0.2757          0.005485
Line_3245             Line 1430-1429              1430              1429           0.25602          0.042926          -0.25601         -0.042881
Line_3246             Line 1432-1431              1432              1431          -0.27324          0.043296           0.27324         -0.043244
Line_3247             Line 1434-1433              1434              1433         -0.061633          -0.02632          0.061633          0.026323
Line_3248             Line 1436-1435              1436              1435            0.1544         -0.063557           -0.1544          0.063578
Line_3249             Line 1442-1441              1442              1441          -0.21979         -0.051862           0.21979          0.051896
Line_3250             Line 1446-1445              1446              1445          -0.12743         -0.090138           0.12743          0.090155
Line_3251             Line 1452-1451              1452              1451          -0.17886          0.016941           0.17886         -0.016919
Line_3252             Line 1456-1455              1456              1455          0.048584          0.070244         -0.048583         -0.070239
Line_3253             Line 1458-1457              1458              1457           0.30121         -0.078189           -0.3012          0.078254
Line_3254             Line 1462-1461              1462              1461          -0.37323          0.008964           0.37323        -0.0088686
Line_3255             Line 1466-1465              1466              1465         -0.039534          -0.10398          0.039535           0.10399
Line_3256             Line 1468-1467              1468              1467          -0.31274         -0.020407           0.31275          0.020478
Line_3257             Line 1470-1469              1470              1469          -0.56949         -0.011808           0.56951          0.012027
Line_3258             Line 1472-1471              1472              1471          -0.12905          0.085971           0.12905         -0.085955
Line_3259             Line 1480-1479              1480              1479            0.0339          0.010401           -0.0339           -0.0104
Line_3260             Line 1482-1481              1482              1481          0.090201          0.030881           -0.0902         -0.030875
Line_3261             Line 1486-1485              1486              1485           0.25985          0.016464          -0.25985         -0.016417
Line_3262             Line 1488-1487              1488              1487          0.053345          -0.10248         -0.053344           0.10249
Line_3263             Line 1490-1489              1490              1489          0.091745           0.03183         -0.091744         -0.031824
Line_3264             Line 1492-1491              1492              1491          -0.34621          0.085238           0.34622         -0.085147
Line_3265             Line 1500-1499              1500              1499           0.16244         -0.070142          -0.16244          0.070163
Line_3266             Line 1502-1501              1502              1501           0.93436           0.24609           -0.9343          -0.24546
Line_3267             Line 1504-1503              1504              1503           0.14563          -0.03255          -0.14563          0.032565
Line_3268             Line 1508-1507              1508              1507          -0.33685          0.078675           0.33685         -0.078592
Line_3269             Line 1515-1514              1515              1514         -0.022143        -0.0065286          0.022143         0.0065289
Line_3270             Line 1517-1516              1517              1516           0.24108         -0.007982          -0.24108         0.0080246
Line_3271             Line 1519-1518              1519              1518          -0.40717          0.033267           0.40718         -0.033152
Line_3272             Line 1521-1520              1521              1520          0.080039          0.039895         -0.080038          -0.03989
Line_3273             Line 1523-1522              1523              1522          0.055223          0.024481         -0.055223         -0.024478
Line_3274             Line 1525-1524              1525              1524          -0.11943           0.15179           0.11944          -0.15176
Line_3275             Line 1527-1526              1527              1526         -0.073269         -0.020981           0.07327          0.020985
Line_3276             Line 1529-1528              1529              1528          -0.28037         -0.050175           0.28038          0.050231
Line_3277             Line 1531-1530              1531              1530          0.082902        -0.0011348         -0.082902         0.0011398
Line_3278             Line 1533-1532              1533              1532          -0.43385           0.14577           0.43386          -0.14563
Line_3279             Line 1537-1536              1537              1536          -0.10546         -0.012428           0.10546          0.012436
Line_3280             Line 1539-1538              1539              1538          -0.41472          0.038628           0.41473         -0.038509
Line_3281             Line 1541-1540              1541              1540           0.11621         -0.022608          -0.11621          0.022617
Line_3282             Line 1549-1548              1549              1548          -0.27409         0.0092339           0.27409        -0.0091837
Line_3283             Line 1557-1556              1557              1556           0.50798           0.18507          -0.50796          -0.18487
Line_3284             Line 1559-1558              1559              1558           0.12039         -0.017123          -0.12039          0.017134
Line_3285             Line 1561-1560              1561              1560           0.29906          0.046017          -0.29905         -0.045952
Line_3286             Line 1563-1562              1563              1562          -0.08809          0.058016           0.08809         -0.058009
Line_3287             Line 1565-1564              1565              1564          -0.28764          0.042259           0.28765         -0.042196
Line_3288             Line 1570-1569              1570              1569         -0.048212         -0.040855          0.048212          0.040858
Line_3289             Line 1577-1576              1577              1576          -0.55152         0.0054264           0.55154        -0.0052107
Line_3290             Line 1582-1581              1582              1581          0.095534         -0.089474         -0.095533          0.089486
Line_3291             Line 1588-1587              1588              1587          -0.33281          0.050956           0.33281         -0.050873
Line_3292             Line 1592-1591              1592              1591           0.12216         -0.030954          -0.12216          0.030965
Line_3293             Line 1594-1593              1594              1593          -0.78946         -0.022654            0.7895          0.023069
Line_3294             Line 1596-1595              1596              1595            0.2616          0.071347          -0.26159         -0.071297
Line_3295             Line 1602-1601              1602              1601           0.39231         -0.037765           -0.3923          0.037868
Line_3296             Line 1605-1604              1605              1604           0.21663           0.10901          -0.21662          -0.10897
Line_3297             Line 1607-1606              1607              1606           -0.3001         -0.068288           0.30011          0.068352
Line_3298             Line 1609-1608              1609              1608          -0.31223         -0.078088           0.31224          0.078159
Line_3299             Line 1611-1610              1611              1610          -0.26697         -0.014088           0.26698          0.014136
Line_3300             Line 1613-1612              1613              1612          0.081414          0.018059         -0.081414         -0.018054
Line_3301             Line 1617-1616              1617              1616           0.61779           0.13894          -0.61776          -0.13866
Line_3302             Line 1619-1618              1619              1618         -0.073702           0.14898          0.073704          -0.14896
Line_3303             Line 1621-1620              1621              1620          -0.36376           0.10752           0.36377          -0.10742
Line_3304             Line 1623-1622              1623              1622          -0.17742           0.23226           0.17742          -0.23221
Line_3305             Line 1627-1626              1627              1626           0.12163          0.022338          -0.12163         -0.022328
Line_3306             Line 1632-1631              1632              1631          0.098365         -0.028947         -0.098364          0.028954
Line_3307             Line 1638-1637              1638              1637          -0.31135          0.074853           0.31136         -0.074782
Line_3308             Line 1640-1639              1640              1639           0.63932           0.51498          -0.63927          -0.51452
Line_3309             Line 1646-1645              1646              1645         0.0016429          0.023439        -0.0016428         -0.023439
Line_3310             Line 1648-1647              1648              1647          0.027757        -0.0089501         -0.027757         0.0089507
Line_3311             Line 1650-1649              1650              1649         -0.045241           0.03871          0.045241         -0.038708
Line_3312             Line 1652-1651              1652              1651            0.2588         -0.094298          -0.25879          0.094349
Line_3313             Line 1654-1653              1654              1653           0.19464           0.17525          -0.19464           -0.1752
Line_3314             Line 1656-1655              1656              1655           0.25655         -0.062843          -0.25654          0.062894
Line_3315             Line 1665-1664              1665              1664          -0.69878         -0.014218           0.69882          0.014562
Line_3316             Line 1667-1666              1667              1666          -0.77115         -0.012651           0.77119          0.013045
Line_3317             Line 1675-1674              1675              1674         -0.014303         -0.030263          0.014303          0.030264
Line_3318             Line 1677-1676              1677              1676          0.063825         -0.011044         -0.063825          0.011047
Line_3319             Line 1679-1678              1679              1678            0.1178          -0.16231           -0.1178           0.16234
Line_3320             Line 1681-1680              1681              1680          -0.35201          0.038429           0.35202         -0.038341
Line_3321             Line 1683-1682              1683              1682          -0.13768         -0.016352           0.13769          0.016366
Line_3322             Line 1685-1684              1685              1684          -0.18949         -0.015644           0.18949          0.015668
Line_3323             Line 1687-1686              1687              1686          0.089371         -0.028962         -0.089371          0.028968
Line_3324             Line 1689-1688              1689              1688          -0.40922         -0.089255           0.40923          0.089375
Line_3325             Line 1691-1690              1691              1690           0.48565         -0.011023          -0.48563          0.011193
Line_3326             Line 1699-1698              1699              1698          -0.92741          -0.11143           0.92747           0.11201
Line_3327             Line 1701-1700              1701              1700         -0.094003         -0.013114          0.094004           0.01312
Line_3328             Line 1703-1702              1703              1702           0.66184           0.09272          -0.66181         -0.092417
Line_3329             Line 1705-1704              1705              1704          -0.26137         -0.054522           0.26137           0.05457
Line_3330             Line 1709-1708              1709              1708           -0.6153           0.14973           0.61533          -0.14946
Line_3331             Line 1711-1710              1711              1710           0.18418          0.019394          -0.18418          -0.01937
Line_3332             Line 1715-1714              1715              1714         -0.022234         -0.034758          0.022234           0.03476
Line_3333             Line 1717-1716              1717              1716          -0.29695          -0.14064           0.29696           0.14071
Line_3334             Line 1719-1718              1719              1718          0.064407         0.0096711         -0.064407         -0.009668
Line_3335             Line 1721-1720              1721              1720           0.37573          0.013762          -0.37572         -0.013668
Line_3336             Line 1723-1722              1723              1722           0.27894         -0.015992          -0.27893          0.016048
Line_3337             Line 1725-1724              1725              1724          0.024356          0.070799         -0.024355         -0.070795
Line_3338             Line 1729-1728              1729              1728           0.65801          -0.11579          -0.65798            0.1161
Line_3339             Line 1736-1735              1736              1735          0.057409          0.094295         -0.057408         -0.094286
Line_3340             Line 1740-1739              1740              1739          -0.23053          -0.16349           0.23054           0.16355
Line_3341             Line 1742-1741              1742              1741           0.30102          -0.02143          -0.30102          0.021492
Line_3342             Line 1744-1743              1744              1743            0.0339         0.0035009           -0.0339           -0.0035
Line_3343             Line 1746-1745              1746              1745          -0.19435          0.012042           0.19436         -0.012017
Line_3344             Line 1748-1747              1748              1747          0.030098          0.090736         -0.030097         -0.090729
Line_3345             Line 1750-1749              1750              1749           0.15293       -6.3165e-05          -0.15293         7.877e-05
Line_3346             Line 1752-1751              1752              1751         -0.015624         0.0043092          0.015624         -0.004309
Line_3347             Line 1760-1759              1760              1759          -0.13552         0.0094289           0.13552        -0.0094163
Line_3348             Line 1766-1765              1766              1765          -0.83386          -0.27854           0.83391           0.27905
Line_3349             Line 1770-1769              1770              1769          -0.27083            -0.085           0.27084          0.085057
Line_3350             Line 1772-1771              1772              1771          0.025882          -0.05292         -0.025882          0.052922
Line_3351             Line 1778-1777              1778              1777          0.042054          0.048356         -0.042054         -0.048353
Line_3352             Line 1780-1779              1780              1779          -0.48101           0.00308           0.48103        -0.0029221
Line_3353             Line 1782-1781              1782              1781           -0.3261         -0.061773            0.3261          0.061846
Line_3354             Line 1786-1785              1786              1785        -0.0098017          0.010721         0.0098017         -0.010721
Line_3355             Line 1792-1791              1792              1791          0.067174         -0.088163         -0.067173          0.088171
Line_3356             Line 1794-1793              1794              1793          -0.10895          -0.12624           0.10895           0.12626
Line_3357             Line 1796-1795              1796              1795                 0                 0                 0                 0
Line_3358             Line 1802-1801              1802              1801           0.19076        -0.0050574          -0.19076         0.0050824
Line_3359             Line 1804-1803              1804              1803           0.46754         -0.059351          -0.46752          0.059501
Line_3360             Line 1808-1807              1808              1807          -0.52329         -0.012687           0.52331          0.012875
Line_3361             Line 1810-1809              1810              1809           -0.3669          0.073334           0.36691         -0.073237
Line_3362             Line 1812-1811              1812              1811           0.17811             0.135           -0.1781          -0.13496
Line_3363             Line 1814-1813              1814              1813           0.42006         -0.058743          -0.42005          0.058867
Line_3364             Line 1816-1815              1816              1815           -0.5507         -0.014605           0.55072          0.014811
Line_3365             Line 1818-1817              1818              1817          -0.57653           0.12619           0.57655          -0.12596
Line_3366             Line 1820-1819              1820              1819           -0.0187           -0.0056            0.0187         0.0056003
Line_3367             Line 1822-1821              1822              1821           0.42792          0.059993           -0.4279         -0.059862
Line_3368             Line 1826-1825              1826              1825         -0.049957        -0.0058383          0.049957           0.00584
Line_3369             Line 1830-1829              1830              1829           0.24529          -0.10313          -0.24529           0.10318
Line_3370             Line 1832-1831              1832              1831            -0.279          0.043749             0.279         -0.043693
Line_3371             Line 1834-1833              1834              1833          -0.19961           0.10802           0.19962          -0.10798
Line_3372             Line 1836-1835              1836              1835          -0.13913         -0.066566           0.13914          0.066583
Line_3373             Line 1840-1839              1840              1839           0.44878          0.017571          -0.44877         -0.017432
Line_3374             Line 1842-1841              1842              1841          0.014024         -0.017342         -0.014024          0.017343
Line_3375             Line 1846-1845              1846              1845          -0.10242          0.062809           0.10242         -0.062799
Line_3376             Line 1848-1847              1848              1847            1.0202           0.16781           -1.0201          -0.16709
Line_3377             Line 1852-1851              1852              1851          -0.15321         -0.036087           0.15321          0.036104
Line_3378             Line 1854-1853              1854              1853           0.62669           0.22601          -0.62666          -0.22571
Line_3379             Line 1856-1855              1856              1855           0.74188          0.062442          -0.74184         -0.062059
Line_3380             Line 1858-1857              1858              1857          -0.15748          -0.33506           0.15749           0.33516
Line_3381             Line 1861-1860              1861              1860          -0.43795         -0.055911           0.43796          0.056044
Line_3382             Line 1863-1862              1863              1862          0.043896           0.11703         -0.043895          -0.11702
Line_3383             Line 1865-1864              1865              1864          0.094586          0.020374         -0.094585         -0.020368
Line_3384             Line 1873-1872              1873              1872          -0.19369         -0.096245           0.19369          0.096277
Line_3385             Line 1878-1877              1878              1877           0.11474          0.062825          -0.11474         -0.062813
Line_3386             Line 1882-1881              1882              1881           0.11715          0.098042          -0.11715         -0.098026
Line_3387             Line 1888-1887              1888              1887             0.241         -0.025922          -0.24099          0.025962
Line_3388             Line 1891-1890              1891              1890           -0.3691          -0.11162           0.36911           0.11172
Line_3389             Line 1893-1892              1893              1892          -0.13799          0.050025             0.138          -0.05001
Line_3390             Line 1897-1896              1897              1896          0.041094          0.023536         -0.041094         -0.023534
Line_3391             Line 1899-1898              1899              1898           0.40925        -0.0020896          -0.40923         0.0022027
Line_3392             Line 1904-1903              1904              1903           0.28238           0.03867          -0.28238         -0.038614
Line_3393             Line 1906-1905              1906              1905          -0.38476          0.010982           0.38476         -0.010883
Line_3394             Line 1908-1907              1908              1907           -0.3003          0.026388            0.3003         -0.026326
Line_3395             Line 1915-1914              1915              1914           0.42165         -0.095042          -0.42164          0.095172
Line_3396             Line 1921-1920              1921              1920          -0.46691          -0.11549           0.46692           0.11565
Line_3397             Line 1923-1922              1923              1922           0.36362         -0.072123          -0.36361          0.072215
Line_3398             Line 1932-1931              1932              1931          -0.10829          -0.15354           0.10829           0.15357
Line_3399             Line 1934-1933              1934              1933           0.16603          0.056357          -0.16603         -0.056336
Line_3400             Line 1940-1939              1940              1939          -0.37269         0.0059204            0.3727         -0.005827
Line_3401             Line 1942-1941              1942              1941           -0.1122          -0.16991            0.1122           0.16994
Line_3402             Line 1946-1945              1946              1945          -0.21527         -0.025591           0.21528          0.025624
Line_3403             Line 1952-1951              1952              1951          -0.18113         -0.068871           0.18113          0.068898
Line_3404             Line 1954-1953              1954              1953          0.063234         -0.066915         -0.063233           0.06692
Line_3405             Line 1956-1955              1956              1955           0.40832          0.019355          -0.40831         -0.019242
Line_3406             Line 1961-1960              1961              1960           0.02787         -0.005241          -0.02787         0.0052415
Line_3407             Line 1963-1962              1963              1962          -0.60449             0.172           0.60451          -0.17173
Line_3408             Line 1965-1964              1965              1964            0.1704         -0.055518          -0.17039          0.055541
Line_3409             Line 1971-1970              1971              1970          -0.13368        -0.0072185           0.13368         0.0072308
Line_3410             Line 1973-1972              1973              1972          -0.56619           0.16291           0.56622          -0.16267
Line_3411             Line 1975-1974              1975              1974           0.11279          0.043197          -0.11279         -0.043186
Line_3412             Line 1977-1976              1977              1976        -0.0097064          0.022519         0.0097064         -0.022519
Line_3413             Line 1979-1978              1979              1978           0.40467          0.051561          -0.40465          -0.05144
Line_3414             Line 1981-1980              1981              1980          -0.83662         -0.051455           0.83666          0.051926
Line_3415             Line 1983-1982              1983              1982          -0.75644          -0.20302           0.75648           0.20344
Line_3416             Line 1987-1986              1987              1986           0.22849         -0.054042          -0.22849          0.054081
Line_3417             Line 1989-1988              1989              1988          -0.65243          -0.13416           0.65246           0.13447
Line_3418             Line 1993-1992              1993              1992          -0.17705          0.094936           0.17705         -0.094908
Line_3419             Line 1995-1994              1995              1994             0.198          -0.10023            -0.198           0.10026
Line_3420             Line 1997-1996              1997              1996           0.35831          -0.01755           -0.3583          0.017636
Line_3421             Line 1999-1998              1999              1998           0.16722         -0.016662          -0.16722          0.016681
Line_3422             Line 2001-2000              2001              2000           0.17074           0.24613          -0.17074          -0.24606
Line_3423             Line 2003-2002              2003              2002           0.15949           0.11589          -0.15949          -0.11587
Line_3424             Line 2005-2004              2005              2004           0.26899         -0.028001          -0.26899           0.02805
Line_3425             Line 2011-2010              2011              2010          -0.19711         -0.043793           0.19711          0.043822
Line_3426             Line 2013-2012              2013              2012           0.11258          0.040609          -0.11257           -0.0406
Line_3427             Line 2015-2014              2015              2014          -0.17353           -0.6581           0.17356           0.65842
Line_3428             Line 2019-2018              2019              2018           -0.4379          -0.18951           0.43791           0.18966
Line_3429             Line 2023-2022              2023              2022          -0.25632        -0.0011577           0.25633         0.0012025
Line_3430             Line 2028-2027              2028              2027           -0.5394         0.0092503           0.53942        -0.0090486
Line_3431             Line 2030-2029              2030              2029         -0.055411          0.024438          0.055412         -0.024435
Line_3432             Line 2032-2031              2032              2031           0.36342          0.088668          -0.36341          -0.08857
Line_3433             Line 2034-2033              2034              2033           -0.0586            0.0006            0.0586       -0.00059756
Line_3434             Line 2036-2035              2036              2035          -0.56429          -0.14287           0.56431            0.1431
Line_3435             Line 2038-2037              2038              2037          -0.34512          -0.24865           0.34513           0.24878
Line_3436             Line 2046-2045              2046              2045          -0.17824          0.049961           0.17824         -0.049938
Line_3437             Line 2048-2047              2048              2047         -0.045934         -0.078394          0.045935          0.078399
Line_3438             Line 2050-2049              2050              2049          -0.30755          -0.27259           0.30756            0.2727
Line_3439             Line 2052-2051              2052              2051           0.22654         -0.072151          -0.22654          0.072192
Line_3440             Line 2057-2056              2057              2056          -0.01362        -0.0030694           0.01362         0.0030696
Line_3441             Line 2059-2058              2059              2058          -0.71994          0.020458           0.71997         -0.020108
Line_3442             Line 2061-2060              2061              2060          -0.30893           0.01191           0.30894         -0.011845
Line_3443             Line 2070-2069              2070              2069          -0.69764         -0.069993           0.69767          0.070339
Line_3444             Line 2072-2071              2072              2071          -0.29209         -0.063889           0.29209          0.063949
Line_3445             Line 2074-2073              2074              2073          -0.17875          0.015508           0.17875         -0.015486
Line_3446             Line 2076-2075              2076              2075          -0.31661          0.098578           0.31662         -0.098502
Line_3447             Line 2078-2077              2078              2077          -0.49732          0.081721           0.49734          -0.08155
Line_3448             Line 2080-2079              2080              2079           0.36666         -0.046368          -0.36666          0.046461
Line_3449             Line 2087-2086              2087              2086          0.013388         -0.011987         -0.013388          0.011987
Line_3450             Line 2089-2088              2089              2088           0.52113         0.0071239          -0.52111        -0.0069235
Line_3451             Line 2101-2100              2101              2100        -0.0053769          -0.10656         0.0053777           0.10657
Line_3452             Line 2103-2102              2103              2102          -0.68524         -0.057111           0.68527          0.057426
Line_3453             Line 2105-2104              2105              2104           0.35911         -0.016297           -0.3591          0.016386
Line_3454             Line 2107-2106              2107              2106           0.46306          0.030455          -0.46304         -0.030305
Line_3455             Line 2109-2108              2109              2108           0.26844         -0.079889          -0.26844          0.079942
Line_3456             Line 2113-2112              2113              2112          -0.45332          -0.13361           0.45333           0.13376
Line_3457             Line 2115-2114              2115              2114          -0.34267           0.11243           0.34268          -0.11235
Line_3458             Line 2117-2116              2117              2116          -0.27916           0.07593           0.27917         -0.075872
Line_3459             Line 2119-2118              2119              2118           0.13409           0.15052          -0.13409          -0.15049
Line_3460             Line 2121-2120              2121              2120         -0.077884           0.01855          0.077885         -0.018545
Line_3461             Line 2123-2122              2123              2122          -0.25064          -0.09134           0.25064          0.091389
Line_3462             Line 2125-2124              2125              2124           0.30134         -0.015383          -0.30133          0.015446
Line_3463             Line 2127-2126              2127              2126         -0.032368          -0.11772          0.032369           0.11773
Line_3464             Line 2129-2128              2129              2128                 0                 0                 0                 0
Line_3465             Line 2131-2130              2131              2130           0.23008         -0.087854          -0.23007          0.087897
Line_3466             Line 2138-2137              2138              2137         -0.028278          -0.14411          0.028279           0.14412
Line_3467             Line 2140-2139              2140              2139          -0.11345           -0.1095           0.11346           0.10952
Line_3468             Line 2142-2141              2142              2141           0.38952          -0.03726          -0.38951          0.037367
Line_3469             Line 2146-2145              2146              2145           0.53949           0.11682          -0.53947          -0.11661
Line_3470             Line 2148-2147              2148              2147                 0                 0                 0                 0
Line_3471             Line 2153-2152              2153              2152           0.25691         -0.092208           -0.2569          0.092257
Line_3472             Line 2160-2159              2160              2159                 0                 0                 0                 0
Line_3473             Line 2165-2164              2165              2164          -0.36455          0.017915           0.36456         -0.017821
Line_3474             Line 2168-2167              2168              2167          -0.35764          0.015971           0.35765         -0.015883
Line_3475             Line 2171-2170              2171              2170           -0.0655        2.2737e-13            0.0655        3.0688e-06
Line_3476             Line 2188-2187              2188              2187           -0.0374           -0.0212            0.0374          0.021201
Line_3477             Line 2200-2199              2200              2199                 0                 0                 0                 0
Line_3478             Line 2208-2207              2208              2207          -0.72868          0.027601           0.72872         -0.027226
Line_3479             Line 2217-2216              2217              2216                 0                 0                 0                 0
Line_3480             Line 2219-2218              2219              2218                 0                 0                 0                 0
Line_3481             Line 2223-2222              2223              2222                 0                 0                 0                 0
Line_3482             Line 2234-2233              2234              2233          -0.64992          -0.27701           0.64996           0.27737
Line_3483             Line 2237-2236              2237              2236          -0.57033           0.15233           0.57035          -0.15207
Line_3484             Line 2243-2242              2243              2242            0.1376          0.012014           -0.1376            -0.012
Line_3485             Line 2249-2248              2249              2248                 0                 0                 0                 0
Line_3486             Line 2251-2250              2251              2250                 0                 0                 0                 0
Line_3487             Line 2259-2258              2259              2258          -0.56013          0.093511           0.56015         -0.093278
Line_3488             Line 2268-2267              2268              2267                 0                 0                 0                 0
Line_3489             Line 2273-2272              2273              2272          0.008478          -0.02539        -0.0084779           0.02539
Line_3490             Line 2277-2276              2277              2276                 0                 0                 0                 0
Line_3491             Line 2299-2298              2299              2298         -0.065835         -0.040805          0.065836          0.040809
Line_3492             Line 2314-2313              2314              2313         -0.064194         -0.013523          0.064195          0.013527
Line_3493             Line 2331-2330              2331              2330           0.51466          -0.11147          -0.51464           0.11168
Line_3494             Line 2335-2334              2335              2334            0.3379         -0.043004          -0.33789          0.043084
Line_3495             Line 2340-2339              2340              2339            1.0853        0.00095121           -1.0852       -7.9878e-05
Line_3496             Line 2346-2345              2346              2345          -0.40325           0.15075           0.40326          -0.15062
Line_3497             Line 2352-2351              2352              2351          -0.41793           0.22677           0.41795           -0.2266
Line_3498             Line 2360-2359              2360              2359                 0                 0                 0                 0
Line_3499             Line 2367-2366              2367              2366                 0                 0                 0                 0
Line_3500             Line 2376-2375              2376              2375                 0                 0                 0                 0
Line_3501             Line 2378-2377              2378              2377                 0                 0                 0                 0
Line_3502             Line 2432-2431              2432              2431          -0.14032         -0.062079           0.14033          0.062096
Line_3503             Line 2444-2443              2444              2443           -1.4089          -0.31036             1.409           0.31185
Line_3504             Line 2452-2451              2452              2451           0.18434           0.13822          -0.18433          -0.13818
Line_3505             Line 2457-2456              2457              2456           -0.0663            -0.042            0.0663          0.042004
Line_3506             Line 2460-2459              2460              2459          -0.26236         -0.094428           0.26237           0.09448
Line_3507             Line 2465-2464              2465              2464                 0                 0                 0                 0
Line_3508             Line 2471-2470              2471              2470          -0.08804          0.021714           0.08804         -0.021708
Line_3509             Line 2482-2481              2482              2481                 0                 0                 0                 0
Line_3510             Line 2489-2488              2489              2488          -0.33757         -0.057694           0.33758          0.057779
Line_3511             Line 2493-2492              2493              2492          -0.43015          -0.26022           0.43017            0.2604
Line_3512             Line 2498-2497              2498              2497          -0.92027          -0.01769           0.92033          0.018306
Line_3513             Line 2509-2508              2509              2508           -0.1538           -0.0542            0.1538          0.054221
Line_3514             Line 2513-2512              2513              2512         -0.008189        0.00078941          0.008189       -0.00078936
Line_3515             Line 2516-2515              2516              2515           0.46052           0.18587          -0.46051          -0.18569
Line_3516             Line 2524-2523              2524              2523         -0.091837         0.0017056          0.091838        -0.0016996
Line_3517             Line 2526-2525              2526              2525                 0                 0                 0                 0
Line_3518             Line 2550-2549              2550              2549                 0                 0                 0                 0
Line_3519             Line 2579-2578              2579              2578           0.03263          0.012028          -0.03263         -0.012027
Line_3520             Line 2581-2580              2581              2580            0.1375          -0.10169           -0.1375           0.10171
Line_3521             Line 2586-2585              2586              2585          0.026953         0.0077157         -0.026953        -0.0077152
Line_3522             Line 2589-2588              2589              2588           0.64471           0.75242          -0.64464          -0.75174
Line_3523             Line 2597-2596              2597              2596                 0                 0                 0                 0
Line_3524             Line 2605-2604              2605              2604                 0                 0                 0                 0
Line_3525             Line 2609-2608              2609              2608           0.15214           0.14299          -0.15214          -0.14296
Line_3526             Line 2619-2618              2619              2618          -0.39244           0.21014           0.39246          -0.20999
Line_3527             Line 2629-2628              2629              2628          0.065728          0.017102         -0.065728         -0.017099
Line_3528             Line 2667-2666              2667              2666                 0                 0                 0                 0
Line_3529             Line 2669-2668              2669              2668          -0.46939         -0.053373           0.46941          0.053531
Line_3530             Line 2671-2670              2671              2670          -0.37002         -0.016208           0.37003          0.016322
Line_3531             Line 2687-2686              2687              2686          -0.16728         -0.049204           0.16728          0.049226
Line_3532             Line 2701-2700              2701              2700          0.076691         -0.095164          -0.07669          0.095174
Line_3533             Line 2713-2712              2713              2712          -0.38643          -0.24388           0.38645           0.24402
Line_3534             Line 2718-2717              2718              2717           0.14319          -0.21087          -0.14318           0.21091
Line_3535             Line 2738-2737              2738              2737          -0.47799           0.02695             0.478         -0.026788
Line_3536             Line 2740-2739              2740              2739         0.0061963           0.10165        -0.0061956          -0.10164
Line_3537             Line 2755-2754              2755              2754           0.37478         -0.061376          -0.37477          0.061478
Line_3538             Line 2770-2769              2770              2769           0.59499         -0.083284          -0.59497          0.083525
Line_3539             Line 2771-2770              2771              2770         0.0079942           0.13018        -0.0079931          -0.13017
Line_3540             Line 2780-2779              2780              2779          -0.07783         -0.093045          0.077831          0.093055
Line_3541             Line 2787-2786              2787              2786            0.0367          0.011101           -0.0367           -0.0111
Line_3542             Line 2807-2806              2807              2806           0.14154          0.014332          -0.14154         -0.014317
Line_3543             Line 2812-2810              2812              2810           0.62014          0.043121          -0.62012         -0.042849
Line_3544             Line 2810-2811              2810              2811          -0.62003         -0.044609           0.62005          0.044881
Line_3545             Line 2831-2830              2831              2830          0.015431           -0.0145          -0.01543            0.0145
Line_3546             Line 2855-2854              2855              2854          -0.47294         0.0031583           0.47295        -0.0030038
Line_3547             Line 2858-2857              2858              2857          -0.11211           0.03542           0.11211         -0.035411
Line_3548             Line 2873-2872              2873              2872           0.21167         -0.017776          -0.21166          0.017808
Line_3549             Line 2879-2878              2879              2878           0.12048          0.066658          -0.12048         -0.066644
Line_3550             Line 3000-2999              3000              2999          0.046693          0.015159         -0.046693         -0.015157
Line_3551             Line 2928-2927              2928              2927          -0.76224          0.054726           0.76228         -0.054316
Line_3552             Line 2930-2929              2930              2929          0.032797          0.065063         -0.032797          -0.06506
Line_3553             Line 2948-2947              2948              2947           0.55077           0.21236          -0.55075          -0.21212
Line_3554             Line 2969-2968              2969              2968         -0.087879          -0.15333          0.087881           0.15335
Line_3555             Line 2973-2972              2973              2972          -0.22598          -0.12494           0.22598           0.12498
Line_3556             Line 2985-2984              2985              2984           -0.3521           -0.0965           0.35211           0.09659
Line_3557             Line 2990-2989              2990              2989           0.38677         -0.091471          -0.38675          0.091583
Line_3558             Line 2995-2994              2995              2994          -0.50055          0.087922           0.50057         -0.087743
Line_3559             Line 2698-2697              2698              2697         0.0018624          -0.01367        -0.0018624           0.01367
Line_3560             Line 2915-2914              2915              2914            0.2236          0.045352          -0.22359         -0.045312
Line_3561             Line 2912-2911              2912              2911           0.24127          -0.06153          -0.24127          0.061574
Line_3562             Line 2778-2777              2778              2777         -0.099457          0.056449          0.099458          -0.05644
Line_3563             Line 2980-2979              2980              2979          -0.30393         0.0098035           0.30393        -0.0097422
Line_3564             Line 2953-2952              2953              2952           0.34181           0.21697          -0.34179          -0.21686
Line_3565             Line 2992-2991              2992              2991            0.2754          0.038626          -0.27539         -0.038573
Line_3566             Line 2935-2934              2935              2934                 0                 0                 0                 0
Line_3567             Line 2826-2825              2826              2825          -0.19518          -0.09921           0.19519          0.099243
Line_3568             Line 2721-2720              2721              2720           0.27182        9.2077e-05          -0.27182       -4.1398e-05
Line_3569             Line 2888-2887              2888              2887          0.022919          -0.04395         -0.022919          0.043951
Line_3570             Line 2835-2834              2835              2834          -0.36921           -0.0898           0.36922          0.089899
Line_3571               Line 223-222               223               222                 0                 0                 0                 0
Line_3572             Line 2179-2178              2179              2178           -0.1957           -0.0428            0.1957          0.042829

OTHER ALGEBRAIC VARIABLES:
                                    

q PV 1                       0.84051
q PV 2                       -0.1933
q PV 5                       0.17391
q PV 6                       0.17391
q PV 7                       0.97905
q PV 8                        0.6768
q PV 9                        0.6768
q PV 10                       0.6768
q PV 11                     -0.13881
q PV 12                     -0.13881
q PV 13                     -0.13881
q PV 14                       0.4135
q PV 15                       0.4135
q PV 16                      0.86332
q PV 17                            0
q PV 18                      0.86332
q PV 19                      0.32283
q PV 20                       1.8038
q PV 21                      0.37394
q PV 22                    -0.066929
q PV 23                      0.56807
q PV 24                            0
q PV 25                            0
q PV 26                     0.056871
q PV 27                     -0.17405
q PV 28                     -0.18405
q PV 29                      0.60689
q PV 30                      0.96021
q PV 31                      0.96021
q PV 32                      0.72358
q PV 33                      0.72358
q PV 34                      0.72358
q PV 35                      0.38037
q PV 36                      0.23636
q PV 37                     0.001403
q PV 38                     0.001403
q PV 39                            0
q PV 40                      0.61918
q PV 41                      0.68459
q PV 42                      0.14775
q PV 43                            0
q PV 44                      0.80636
q PV 45                      0.31744
q PV 46                      0.43511
q PV 47                      0.42403
q PV 48                      0.44433
q PV 49                     -0.35059
q PV 50                     -0.35059
q PV 51                            0
q PV 52                            0
q PV 53                            0
q PV 54                            0
q PV 55                      0.87729
q PV 56                      0.89501
q PV 57                            0
q PV 58                            0
q PV 59                            0
q PV 60                            0
q PV 61                       1.1941
q PV 62                            0
q PV 63                            0
q PV 64                            0
q PV 65                     -0.18704
q PV 66                      0.65097
q PV 67                      0.59127
q PV 68                      0.99078
q PV 69                      0.99078
q PV 70                        1.041
q PV 71                        1.281
q PV 72                      0.10688
q PV 73                      0.10688
q PV 74                       1.0339
q PV 75                       1.0339
q PV 76                       1.0764
q PV 77                        1.072
q PV 78                            0
q PV 79                            0
q PV 80                       2.9427
q PV 81                       1.0066
q PV 82                     -0.60525
q PV 83                     -0.60525
q PV 84                            0
q PV 85                     -0.20003
q PV 86                      0.10137
q PV 87                      0.20384
q PV 88                      0.20384
q PV 89                      0.20384
q PV 90                      0.20384
q PV 91                     0.010027
q PV 92                     0.010785
q PV 93                            0
q PV 94                            0
q PV 95                     0.038844
q PV 96                     0.038844
q PV 97                     0.038844
q PV 98                     0.038844
q PV 99                       1.9027
q PV 100                           0
q PV 101                           0
q PV 102                    0.053193
q PV 103                    0.011073
q PV 104                    0.011073
q PV 105                    0.011073
q PV 106                    0.071808
q PV 107                    0.071808
q PV 108                    0.061808
q PV 109                     0.15448
q PV 110                     0.15448
q PV 111                    0.064614
q PV 112                    0.064614
q PV 113                     0.20438
q PV 114                     0.20438
q PV 115                     0.40588
q PV 116                    0.033009
q PV 117                    0.010277
q PV 118                    0.087409
q PV 119                    0.085674
q PV 120                     0.15285
q PV 121                     0.17815
q PV 122                    0.087647
q PV 123                    0.087647
q PV 124                     0.73641
q PV 125                    0.063306
q PV 126                     0.12384
q PV 127                    0.023325
q PV 128                    0.011057
q PV 129                    0.046772
q PV 130                    0.032157
q PV 131                    0.047282
q PV 132                    0.047282
q PV 133                    0.047282
q PV 134                    0.021353
q PV 135                           0
q PV 136                    0.008392
q PV 137                           0
q PV 138                    0.041978
q PV 139                     0.16839
q PV 140                     0.12029
q PV 141                     0.35099
q PV 142                     0.35099
q PV 143                     0.12088
q PV 144                     0.12088
q PV 145                     0.12948
q PV 146                     0.36048
q PV 147                     0.36048
q PV 148                     0.01143
q PV 149                    0.012211
q PV 150                     0.18338
q PV 151                     0.30338
q PV 152                     0.18476
q PV 153                     0.18476
q PV 154                     0.18476
q PV 155                     0.65476
q PV 156                     0.18168
q PV 157                     0.18168
q PV 158                     0.14168
q PV 159                    0.040749
q PV 160                    0.020749
q PV 161                    0.004583
q PV 162                    0.002209
q PV 163                    0.001468
q PV 164                     0.14858
q PV 165                     0.14858
q PV 166                           0
q PV 167                    0.000163
q PV 168                    0.000874
q PV 169                     0.38186
q PV 170                     0.77422
q PV 171                    0.000768
q PV 172                    0.002599
q PV 173                     0.30162
q PV 174                     0.30162
q PV 175                    0.002169
q PV 176                    0.001711
q PV 177                           0
q PV 178                     0.00179
q PV 179                    0.002325
q PV 180                           0
q PV 181                           0
q PV 182                     0.28925
q PV 183                     0.15979
q PV 184                           0
q PV 185                     0.25734
q PV 186                           0
q PV 187                     0.19777
q PV 188                           0
q PV 189                    0.001509
q PV 190                    0.000487
q PV 191                    0.097438
q PV 192                           0
q PV 193                           0
q PV 194                           0
q PV 195                           0
q PV 196                     0.41217
q PV 197                     0.55039
q PV 198                           0
q PV 199                     0.00075
q PV 200                    0.005816
q PV 201                           0
q PV 202                    0.001409
q PV 203                    0.001409
q PV 204                    0.001409
q PV 205                     0.31008
q PV 206                           0
q PV 207                     0.15128
q PV 208                     0.35845
q PV 209                     0.51412
q PV 210                     0.66661
q PV 211                    0.000745
q PV 212                      1.5162
q PV 213                       1.349
q PV 214                           0
q PV 215                     0.31055
q PV 216                           0
q PV 217                           0
q PV 218                    0.000681
q PV 219                    0.000681
q PV 220                           0
q PV 221                     0.18123
q PV 222                           0
q PV 223                     0.14239
q PV 224                     0.37702
q PV 225                           0
q PV 226                           0
q PV 227                       0.379
q PV 228                           0
q PV 229                           0
q PV 230                       0.003
q PV 231                       0.003
q PV 232                    0.002485
q PV 233                    0.001758
q PV 234                    0.002452
q PV 235                           0
q PV 236                     0.18611
q PV 237                           0
q PV 238                     0.52932
q PV 239                    0.001621
q PV 240                           0
q PV 241                    0.003291
q PV 242                    0.003457
q PV 243                           0
q PV 244                           0
q PV 245                    0.003054
q PV 246                           0
q PV 247                           0
q PV 248                           0
q PV 249                     0.25633
q PV 250                     0.86939
q PV 251                      1.2047
q PV 252                           0
q PV 253                    0.003699
q PV 254                    0.003699
q PV 255                     0.73615
q PV 256                     0.32147
q PV 257                     0.20127
q PV 258                           0
q PV 259                     0.58031
q PV 260                     0.58031
q PV 261                     0.49965
q PV 262                     0.27526
q PV 263                     0.54772
q PV 264                     0.54772
q PV 265                           0
q PV 266                           0
q PV 267                     0.31529
q PV 268                    0.001513
q PV 269                    0.001513
q PV 270                     0.00095
q PV 271                     0.00095
q PV 272                    0.001592
q PV 273                    0.001366
q PV 274                     0.45802
q PV 275                     0.34809
q PV 276                           0
q PV 277                    0.068165
q PV 278                    0.068165
q PV 279                    0.068165
q PV 280                    0.000365
q PV 281                    0.000365
q PV 282                    0.068365
q PV 283                     0.31785
q PV 284                     0.31495
q PV 285                     0.53452
q PV 286                      0.5468
q PV 287                           0
q PV 288                      0.1522
q PV 289                           0
q PV 290                           0
q PV 291                     0.15442
q PV 292                     0.31442
q PV 293                     0.26503
q PV 294                      0.5992
q PV 295                     0.71373
q PV 296                      1.4017
q PV 297                           0
q PV 298                     0.08384
q PV 299                     0.12084
q PV 300                           0
q PV 301                    0.008991
q PV 302                   -0.004456
q PV 303                    0.003153
q PV 304                           0
q PV 305                     0.57593
q PV 306                     0.35206
q PV 307                    0.001859
q PV 308                    0.000103
q PV 309                    0.000812
q PV 310                     0.29979
q PV 311                     0.30568
q PV 312                      1.0119
q PV 313                           0
q PV 314                    0.081973
q PV 315                    0.081973
q PV 316                     0.49707
q PV 317                     0.91707
q PV 318                     0.89864
q PV 319                    0.001029
q PV 320                           0
q PV 321                           0
q PV 322                    0.001651
q PV 323                     0.15134
q PV 324                    0.021336
q PV 325                     0.02069
q PV 326                     0.10069
q PV 327                    0.002134
q PV 328                    0.007337
q PV 329                    0.002953
q PV 330                           0
q PV 331                    0.001982
q PV 332                           0
q PV 333                    0.000928
q PV 334                    0.001663
q PV 335                           0
q PV 336                           0
q PV 337                    0.024147
q PV 338                           0
q PV 339                    0.005461
q PV 340                    0.001562
q PV 341                    0.002783
q PV 342                           0
q PV 343                     0.25434
q PV 344                           0
q PV 345                    0.093023
q PV 346                     0.23366
q PV 347                    0.006325
q PV 348                    0.003216
q PV 349                    0.005068
q PV 350                    0.000893
q PV 351                    0.000412
q PV 352                    0.000677
q PV 353                    0.000677
q PV 354                    -3.1e-05
q PV 355                    0.001853
q PV 356                    0.003101
q PV 357                           0
q PV 358                     0.00528
q PV 359                     0.87867
q PV 360                     0.83031
q PV 361                    0.004463
q PV 362                    0.003617
q PV 363                    0.001708
q PV 364                     0.16028
q PV 365                     0.14661
q PV 366                    0.004489
q PV 367                    0.001905
q PV 368                    0.001053
q PV 369                    0.001698
q PV 370                   -0.002555
q PV 371                    0.004239
q PV 372                    0.002501
q PV 373                    0.000238
q PV 374                    0.001138
q PV 375                     0.00177
q PV 376                           0
q PV 377                    0.001978
q PV 378                    0.001999
q PV 379                    0.001775
q PV 380                    0.001523
q PV 381                    0.001189
q PV 382                           0
q PV 383                           0
q PV 384                    0.021175
q PV 385                    0.000181
q PV 386                     0.71509
q PV 387                     0.30296
q PV 388                     0.70296
q PV 389                     0.70454
q PV 390                    0.001688
q PV 391                    0.001802
q PV 392                    0.001669
q PV 393                    0.000711
q PV 394                           0
q PV 395                           0
q PV 396                     0.10382
q PV 397                    0.002874
q PV 398                           0
q PV 399                    0.002132
q PV 400                           0
q PV 401                    0.054415
q PV 402                    0.054415
q PV 403                           0
q PV 404                    0.085892
q PV 405                    0.085992
q PV 406                    0.000703
q PV 407                    0.010416
q PV 408                    0.000594
q PV 409                     0.36402
q PV 410                     0.22418
q PV 411                           0
q PV 412                    0.002715
q PV 413                    0.000171
q PV 414                    0.000222
q PV 415                    -1.3e-05
q PV 416                    0.001942
q PV 417                           0
q PV 418                    0.000152
q PV 419                     0.10281
q PV 420                           0
q PV 421                     0.05202
q PV 422                     3.7e-05
q PV 423                           0
q PV 424                     0.17208
q PV 425                     0.15748
q PV 426                     0.20433
q PV 427                     0.18852
q PV 428                           0
q PV 429                    0.000367
q PV 430                     0.00893
q PV 431                    0.018114
q PV 432                           0
q PV 433                           0
q PV 434                           0
q PV 435                     0.12193
q PV 436                     0.15193
q PV 437                    0.086122
q PV 438                           0
q PV 439                     0.01197
q PV 440                    0.000825
q PV 441                    0.000486
q PV 442                    0.000779
q PV 443                    0.000935
q PV 444                           0
q PV 445                       0.193
q PV 446                      0.2647
q PV 447                           0
q PV 448                           0
q PV 449                    0.000475
q PV 450                           0
q PV 451                     0.10207
q PV 452                           0
q PV 453                           0
q PV 454                     0.11184
q PV 455                    0.000452
q PV 456                    0.009367
q PV 457                     0.00125
q PV 458                    0.000149
q PV 459                           0
q PV 460                    0.003676
q PV 461                           0
q PV 462                    0.000467
q PV 463                    0.001204
q PV 464                           0
q PV 465                    0.001435
q PV 466                    0.002026
q PV 467                    0.002341
q PV 468                    -3.7e-05
q PV 469                    0.001105
q PV 470                     0.00104
q PV 471                    0.001605
q PV 472                           0
q PV 473                           0
q PV 474                           0
q PV 475                     0.21468
q PV 476                     0.23418
q PV 477                           0
q PV 478                           0
q PV 479                       6e-06
q PV 480                           0
q PV 481                    0.000458
q PV 482                    0.000179
q PV 483                           0
q PV 484                     0.17537
q PV 485                           0
q PV 486                           0
q PV 487                           0
q PV 488                           0
q PV 489                     0.17516
q PV 490                           0
q PV 491                    0.023854
q PV 492                    0.023854
q PV 493                           0
q PV 494                    0.079779
q PV 495                    0.082436
q PV 496                    0.020271
q PV 497                    -0.16004
q PV 498                     0.28174
q PV 499                     0.15568
q PV 500                     0.29925
q PV 501                     0.74808
q PV 502                     -1.3299
q Slack 3                    0.73518
q Slack 4                    0.73518
p Slack 3                     4.3502
p Slack 4                     4.3502

