ANDES 1.9.3
Copyright (C) 2015-2022 Hantao Cui

ANDES comes with ABSOLUTELY NO WARRANTY
Case file: case2383wp_gc.xlsx
Report time: 09/10/2026 01:11:45 PM

Power flow converged in 7 iterations.
Flat-start: No

Statistics:
Buses                           2383
Generators                       327
Committed Gens                   327
Loads                           1826
Shunts                             0
Lines                           2896
Transformers                     170
Areas                              0

EXTENDED SUMMARY:
                              P (pu)            Q (pu)

Generation                    252.85            88.116
Load                          245.58            81.439

BUS DATA:
                            Bus Name            Vm(pu)          Va(rad.)

1                              Bus 1           0.99642         -0.024787
2                              Bus 2           0.99458         -0.016068
3                              Bus 3            0.9684          -0.53357
4                              Bus 4           0.96713          -0.16916
5                              Bus 5           0.98438          -0.38472
6                              Bus 6           0.97211          -0.27837
7                              Bus 7           0.96929          -0.43885
8                              Bus 8           0.97853          -0.20807
9                              Bus 9           0.96501          -0.33707
10                            Bus 10                 1          -0.41291
11                            Bus 11           0.97428          -0.13893
12                            Bus 12           0.96515          -0.48897
13                            Bus 13           0.97284          -0.43905
14                            Bus 14            0.9696         -0.098754
15                            Bus 15           0.94798          -0.31025
16                            Bus 16                 1         -0.014129
17                            Bus 17                 1         0.0019733
18                            Bus 18                 1        -1.127e-20
19                            Bus 19           0.97478          -0.46553
20                            Bus 20           0.99481         -0.038852
21                            Bus 21            0.9708          -0.44844
22                            Bus 22           0.97306          -0.24876
23                            Bus 23           0.99015          -0.33863
24                            Bus 24           0.99125          -0.24641
25                            Bus 25           0.99352           -0.2182
26                            Bus 26           0.98537          -0.39726
27                            Bus 27           0.98332          -0.20778
28                            Bus 28            0.9833          -0.20768
29                            Bus 29                 1           -0.3085
30                            Bus 30                 1          -0.30851
31                            Bus 31                 1          -0.22227
32                            Bus 32           0.99958          -0.22299
33                            Bus 33           0.97896          -0.22394
34                            Bus 34            1.0051          -0.21057
35                            Bus 35            1.0051          -0.21073
36                            Bus 36            0.9661          -0.28399
37                            Bus 37           0.99077          -0.35936
38                            Bus 38           0.99075          -0.35934
39                            Bus 39           0.98913          -0.19688
40                            Bus 40           0.98908          -0.19669
41                            Bus 41                 1          -0.17697
42                            Bus 42                 1          -0.17722
43                            Bus 43                 1          -0.14857
44                            Bus 44                 1          -0.14881
45                            Bus 45                 1          -0.33039
46                            Bus 46           0.99998          -0.33036
47                            Bus 47           0.98162          -0.22204
48                            Bus 48           0.98919          -0.30888
49                            Bus 49           0.98923          -0.30897
50                            Bus 50           0.99615          -0.17662
51                            Bus 51           0.99619          -0.17698
52                            Bus 52           0.98517          -0.26688
53                            Bus 53           0.98757          -0.26471
54                            Bus 54           0.99383          -0.21683
55                            Bus 55             0.991          -0.33963
56                            Bus 56           0.99788         -0.099696
57                            Bus 57            0.9975          -0.14996
58                            Bus 58           0.99776          -0.14996
59                            Bus 59           0.99577          0.019069
60                            Bus 60            0.9965         -0.074348
61                            Bus 61             0.999          0.053573
62                            Bus 62           0.99898          0.053608
63                            Bus 63                 1          0.026683
64                            Bus 64                 1          0.023104
65                            Bus 65           0.99635         -0.014518
66                            Bus 66            1.0233          -0.17645
67                            Bus 67                 1          -0.13571
68                            Bus 68            1.0072           -0.1405
69                            Bus 69           0.99784        -0.0089966
70                            Bus 70            1.0031         -0.083181
71                            Bus 71           0.99551         -0.030715
72                            Bus 72           0.99551         -0.030715
73                            Bus 73            1.0084         -0.069698
74                            Bus 74            1.0056         -0.087725
75                            Bus 75           0.98537         -0.033425
76                            Bus 76           0.98541         -0.033543
77                            Bus 77            0.9951         -0.040039
78                            Bus 78           0.99436         -0.098088
79                            Bus 79           0.99614         -0.018574
80                            Bus 80           0.99822          -0.14891
81                            Bus 81           0.99822           -0.1489
82                            Bus 82           0.99507          0.030129
83                            Bus 83                 1        -0.0087227
84                            Bus 84                 1        -0.0087496
85                            Bus 85                 1         -0.040537
86                            Bus 86                 1         -0.040501
87                            Bus 87           0.99363         -0.058587
88                            Bus 88           0.99363         -0.058596
89                            Bus 89           0.99296         -0.017791
90                            Bus 90           0.99861         -0.031862
91                            Bus 91            0.9954        -0.0064812
92                            Bus 92           0.98571          -0.11049
93                            Bus 93                 1         0.0023187
94                            Bus 94           0.99997         0.0022872
95                            Bus 95                 1       -0.00059584
96                            Bus 96                 1       -0.00068934
97                            Bus 97                 1         -0.097173
98                            Bus 98           0.98706          -0.15736
99                            Bus 99           0.98718          -0.15717
100                          Bus 100           0.98646          -0.10383
101                          Bus 101           0.98646          -0.10365
102                          Bus 102           0.99453         -0.015767
103                          Bus 103                 1         -0.033877
104                          Bus 104                 1         -0.033748
105                          Bus 105                 1         -0.098403
106                          Bus 106           0.99972         -0.098659
107                          Bus 107            1.0008         -0.088951
108                          Bus 108             1.003         -0.085512
109                          Bus 109                 1          0.069154
110                          Bus 110                 1          0.069186
111                          Bus 111                 1          -0.28816
112                          Bus 112           0.99987          -0.28803
113                          Bus 113           0.95854          -0.54677
114                          Bus 114           0.97095          -0.53502
115                          Bus 115           0.93462           -0.4161
116                          Bus 116           0.93451          -0.41591
117                          Bus 117           0.97676          -0.61984
118                          Bus 118           0.96631          -0.80272
119                          Bus 119           0.96631          -0.80272
120                          Bus 120           0.95225          -0.76854
121                          Bus 121           0.96775          -0.54586
122                          Bus 122           0.96775          -0.54586
123                          Bus 123                 1          -0.39315
124                          Bus 124                 1          -0.39302
125                          Bus 125                 1          -0.73344
126                          Bus 126                 1          -0.73318
127                          Bus 127                 1          -0.57952
128                          Bus 128           0.99986          -0.57968
129                          Bus 129           0.96195          -0.67666
130                          Bus 130            0.9387           -0.7001
131                          Bus 131                 1          -0.48837
132                          Bus 132                 1          -0.48869
133                          Bus 133            0.9862          -0.40875
134                          Bus 134           0.98627          -0.40873
135                          Bus 135           0.96542          -0.80063
136                          Bus 136           0.96542          -0.80063
137                          Bus 137           0.94098          -0.33976
138                          Bus 138           0.94098          -0.33976
139                          Bus 139                 1          -0.39917
140                          Bus 140                 1          -0.39932
141                          Bus 141            0.9769           -0.7339
142                          Bus 142            0.9635          -0.80709
143                          Bus 143             0.984          -0.65253
144                          Bus 144            0.9839          -0.65251
145                          Bus 145           0.91151          -0.64575
146                          Bus 146           0.91151          -0.64575
147                          Bus 147           0.95403          -0.63085
148                          Bus 148           0.95409          -0.63074
149                          Bus 149           0.98037          -0.66681
150                          Bus 150           0.96283          -0.52946
151                          Bus 151           0.96286          -0.52961
152                          Bus 152           0.96056          -0.45631
153                          Bus 153           0.96056          -0.45631
154                          Bus 154           0.93803          -0.66862
155                          Bus 155           0.96955          -0.57162
156                          Bus 156            1.0436          -0.62422
157                          Bus 157           0.97599           -0.5868
158                          Bus 158           0.97598          -0.58665
159                          Bus 159           0.98293          -0.52373
160                          Bus 160           0.98301           -0.5239
161                          Bus 161           0.97745          -0.64024
162                          Bus 162           0.97747          -0.64026
163                          Bus 163            1.0102          -0.58514
164                          Bus 164            1.0102          -0.58518
165                          Bus 165           0.93991          -0.46714
166                          Bus 166           0.97946          -0.55586
167                          Bus 167            0.9795          -0.55582
168                          Bus 168           0.97727          -0.55734
169                          Bus 169           0.97722          -0.55748
170                          Bus 170           0.97132          -0.57485
171                          Bus 171           0.97134          -0.57477
172                          Bus 172           0.98445          -0.59898
173                          Bus 173            0.9844          -0.59895
174                          Bus 174           0.96996          -0.55343
175                          Bus 175           0.96998          -0.55357
176                          Bus 176                 1          -0.50281
177                          Bus 177                 1          -0.50276
178                          Bus 178           0.99829          -0.66519
179                          Bus 179           0.99834          -0.66509
180                          Bus 180                 1           -0.1493
181                          Bus 181                 1          -0.19069
182                          Bus 182                 1          -0.40471
183                          Bus 183             1.011          -0.22814
184                          Bus 184                 1         -0.094819
185                          Bus 185                 1          -0.16329
186                          Bus 186                 1          -0.73599
187                          Bus 187           0.96875          -0.52403
188                          Bus 188           0.93475          -0.66404
189                          Bus 189           0.92343           -0.6046
190                          Bus 190            1.0009           -0.1128
191                          Bus 191            0.9984          -0.13907
192                          Bus 192                 1          -0.43953
193                          Bus 193            1.0029          -0.43817
194                          Bus 194            1.0006           -0.4439
195                          Bus 195           0.99704          -0.55051
196                          Bus 196                 1          -0.69786
197                          Bus 197           0.97652          -0.31722
198                          Bus 198                 1          -0.55502
199                          Bus 199            1.0055          -0.16753
200                          Bus 200            1.0003          -0.52901
201                          Bus 201           0.98203          -0.56604
202                          Bus 202           0.98869          -0.47716
203                          Bus 203           0.99629          -0.55831
204                          Bus 204           0.99956          -0.28487
205                          Bus 205                 1          -0.24154
206                          Bus 206           0.99498          -0.57366
207                          Bus 207           0.99927          -0.13441
208                          Bus 208           0.99622          -0.30411
209                          Bus 209           0.99608          -0.58208
210                          Bus 210            1.0018          -0.21767
211                          Bus 211           0.99395          -0.58392
212                          Bus 212           0.98535          -0.51749
213                          Bus 213                 1           -0.5738
214                          Bus 214            0.9828          -0.63015
215                          Bus 215           0.99753          -0.23126
216                          Bus 216            1.0444          -0.13243
217                          Bus 217           0.99936          -0.42253
218                          Bus 218           0.96471          -0.60099
219                          Bus 219           0.98119          -0.57292
220                          Bus 220           0.96673          -0.60135
221                          Bus 221           0.90672          -0.72017
222                          Bus 222             1.003          -0.50581
223                          Bus 223           0.97912          -0.41887
224                          Bus 224           0.99421           -0.5726
225                          Bus 225           0.97721          -0.67633
226                          Bus 226           0.97592          -0.56231
227                          Bus 227           0.97703          -0.56532
228                          Bus 228            0.9996          -0.14966
229                          Bus 229           0.98538          -0.31027
230                          Bus 230           0.90204          -0.73465
231                          Bus 231           0.99697          -0.49383
232                          Bus 232            0.9756          -0.50441
233                          Bus 233           0.99017          -0.60307
234                          Bus 234           0.99738          -0.12904
235                          Bus 235           0.98945         -0.093535
236                          Bus 236           0.99834          -0.56938
237                          Bus 237           0.99667          -0.59675
238                          Bus 238            1.0055          -0.48832
239                          Bus 239           0.98596          -0.48008
240                          Bus 240           0.91098          -0.70603
241                          Bus 241           0.99131          -0.55149
242                          Bus 242           0.99088          -0.55979
243                          Bus 243            1.0078          -0.45969
244                          Bus 244            1.0094           -0.4817
245                          Bus 245            1.0004          -0.25759
246                          Bus 246             1.002          -0.21677
247                          Bus 247           0.98071          -0.31097
248                          Bus 248           0.99948          -0.46454
249                          Bus 249           0.99959          -0.49478
250                          Bus 250           0.99831          -0.49298
251                          Bus 251           0.98799         -0.098404
252                          Bus 252           0.99162          -0.14628
253                          Bus 253           0.99957          -0.25492
254                          Bus 254            0.9864          -0.29249
255                          Bus 255           0.98409          -0.55451
256                          Bus 256           0.98997          -0.48964
257                          Bus 257           0.99399          -0.55917
258                          Bus 258           0.96246          -0.36999
259                          Bus 259           0.99523          -0.49891
260                          Bus 260           0.99901          -0.48321
261                          Bus 261            1.0054          -0.21625
262                          Bus 262            1.0024          -0.51225
263                          Bus 263           0.97561          -0.53334
264                          Bus 264                 1          -0.61394
265                          Bus 265           0.96434          -0.36646
266                          Bus 266            1.0057          -0.24246
267                          Bus 267           0.99818          -0.28269
268                          Bus 268           0.99867          -0.24399
269                          Bus 269                 1           -0.4633
270                          Bus 270            1.0011          -0.21926
271                          Bus 271           0.99583           -0.1904
272                          Bus 272            1.0055          -0.21597
273                          Bus 273           0.99739          -0.23089
274                          Bus 274            0.9981           -0.2563
275                          Bus 275           0.99823          -0.28443
276                          Bus 276           0.99558          -0.26652
277                          Bus 277                 1          -0.26712
278                          Bus 278                 1          -0.28286
279                          Bus 279                 1          -0.23306
280                          Bus 280            0.9982          -0.28333
281                          Bus 281                 1           -0.2544
282                          Bus 282                 1          -0.21607
283                          Bus 283           0.97633          -0.33495
284                          Bus 284           0.99098           -0.4715
285                          Bus 285           0.99431          -0.57164
286                          Bus 286           0.99426          -0.57743
287                          Bus 287           0.98292          -0.54865
288                          Bus 288           0.99868          -0.25483
289                          Bus 289                 1          -0.26196
290                          Bus 290           0.99695           -0.5006
291                          Bus 291           0.99991          -0.21715
292                          Bus 292           0.99833          -0.26967
293                          Bus 293           0.99868          -0.27232
294                          Bus 294                 1          -0.49562
295                          Bus 295           0.98959          -0.59267
296                          Bus 296           0.99866           -0.2725
297                          Bus 297            1.0001          -0.24992
298                          Bus 298           0.99985          -0.25302
299                          Bus 299           0.99567           -0.2664
300                          Bus 300           0.95616          -0.48397
301                          Bus 301           0.98185          -0.31518
302                          Bus 302           0.98863          -0.59399
303                          Bus 303           0.97619          -0.66003
304                          Bus 304           0.99761          -0.22815
305                          Bus 305            0.9851          -0.52398
306                          Bus 306            1.0056          -0.46037
307                          Bus 307           0.98582          -0.55928
308                          Bus 308           0.99347          -0.46345
309                          Bus 309            1.0186          -0.45538
310                          Bus 310            1.0017          -0.46877
311                          Bus 311           0.97997          -0.48724
312                          Bus 312           0.97999          -0.48724
313                          Bus 313           0.99204          -0.71062
314                          Bus 314                 1          -0.50506
315                          Bus 315           0.98524          -0.62771
316                          Bus 316            1.0019          -0.24822
317                          Bus 317           0.99948          -0.53905
318                          Bus 318           0.97917          -0.54474
319                          Bus 319           0.99339          -0.14099
320                          Bus 320            0.9822          -0.50979
321                          Bus 321           0.99827          -0.49694
322                          Bus 322           0.99545          -0.54131
323                          Bus 323           0.97588          -0.51477
324                          Bus 324           0.99226          -0.56715
325                          Bus 325           0.99848          -0.56089
326                          Bus 326            0.9946          -0.30779
327                          Bus 327           0.99856          -0.42623
328                          Bus 328                 1          -0.48232
329                          Bus 329                 1          -0.56083
330                          Bus 330                 1          -0.45252
331                          Bus 331                 1          -0.52022
332                          Bus 332             1.017          -0.42312
333                          Bus 333           0.99686          -0.58087
334                          Bus 334                 1          -0.57684
335                          Bus 335           0.97861          -0.60326
336                          Bus 336           0.99171           -0.5088
337                          Bus 337           0.99133          -0.58185
338                          Bus 338           0.98485          -0.29727
339                          Bus 339           0.99629          -0.23044
340                          Bus 340           0.93686          -0.65095
341                          Bus 341           0.98709          -0.62184
342                          Bus 342           0.99558          -0.30433
343                          Bus 343            0.9955          -0.57824
344                          Bus 344           0.99878          -0.42768
345                          Bus 345           0.98648          -0.51723
346                          Bus 346                 1          -0.41901
347                          Bus 347                 1          -0.48032
348                          Bus 348           0.97944          -0.52981
349                          Bus 349            1.0024          -0.48428
350                          Bus 350           0.98171          -0.32075
351                          Bus 351           0.99467          -0.54641
352                          Bus 352            1.0031          -0.24623
353                          Bus 353            1.0068          -0.21402
354                          Bus 354            1.0027          -0.12203
355                          Bus 355           0.99433         -0.087332
356                          Bus 356            1.0037          -0.52917
357                          Bus 357           0.98808          -0.47649
358                          Bus 358           0.99339          -0.28773
359                          Bus 359                 1          -0.55507
360                          Bus 360            1.0063          -0.52035
361                          Bus 361            1.0062          -0.48412
362                          Bus 362           0.99828          -0.57074
363                          Bus 363           0.99234          -0.55122
364                          Bus 364           0.99514          -0.30527
365                          Bus 365                 1          -0.48944
366                          Bus 366           0.97879           -0.4996
367                          Bus 367            1.0193          -0.16382
368                          Bus 368            1.0167          -0.13965
369                          Bus 369           0.98078          -0.58624
370                          Bus 370             1.017          -0.16139
371                          Bus 371           0.99873          -0.55956
372                          Bus 372           0.97701          -0.43626
373                          Bus 373           0.99824          -0.57073
374                          Bus 374            1.0199          -0.45689
375                          Bus 375           0.99942          -0.55958
376                          Bus 376             1.011          -0.13704
377                          Bus 377           0.99242           -0.5808
378                          Bus 378           0.99936          -0.55734
379                          Bus 379           0.99058          -0.57727
380                          Bus 380           0.99408          -0.28696
381                          Bus 381           0.99835          -0.43686
382                          Bus 382                 1          -0.55128
383                          Bus 383                 1          -0.54876
384                          Bus 384            0.9967          -0.57174
385                          Bus 385                 1          -0.56702
386                          Bus 386           0.99171          -0.56049
387                          Bus 387           0.99116          -0.54003
388                          Bus 388           0.96901          -0.56003
389                          Bus 389           0.99745          -0.55974
390                          Bus 390                 1          -0.15779
391                          Bus 391            1.0014           -0.2489
392                          Bus 392           0.99971          -0.17644
393                          Bus 393           0.99871          -0.56389
394                          Bus 394           0.96576          -0.33304
395                          Bus 395                 1          -0.52778
396                          Bus 396           0.99884          -0.27924
397                          Bus 397           0.97585          -0.51783
398                          Bus 398           0.95032          -0.58729
399                          Bus 399           0.99437          -0.17734
400                          Bus 400           0.99967          -0.17817
401                          Bus 401           0.91142          -0.70665
402                          Bus 402           0.99399         -0.088353
403                          Bus 403           0.99663          -0.13127
404                          Bus 404                 1          -0.17748
405                          Bus 405           0.99804          -0.18538
406                          Bus 406            1.0011          -0.25911
407                          Bus 407           0.99416          -0.29414
408                          Bus 408            1.0215          -0.19093
409                          Bus 409           0.96587           -0.3529
410                          Bus 410           0.99622          -0.27583
411                          Bus 411           0.97637           -0.5414
412                          Bus 412           0.97406          -0.53772
413                          Bus 413           0.97252          -0.53245
414                          Bus 414           0.90748          -0.71227
415                          Bus 415           0.99587          -0.56362
416                          Bus 416           0.99783           -0.4968
417                          Bus 417            1.0408          -0.14698
418                          Bus 418           0.98601          -0.58376
419                          Bus 419           0.98907          -0.25002
420                          Bus 420            0.9989          -0.47835
421                          Bus 421           0.99708          -0.61601
422                          Bus 422           0.96269          -0.37093
423                          Bus 423           0.96527          -0.54017
424                          Bus 424           0.99349          -0.35215
425                          Bus 425            0.9999          -0.54964
426                          Bus 426                 1          -0.55953
427                          Bus 427           0.98411          -0.30426
428                          Bus 428            1.0035          -0.51622
429                          Bus 429            1.0027          -0.21698
430                          Bus 430           0.96778          -0.42969
431                          Bus 431           0.98829           -0.3049
432                          Bus 432           0.99833          -0.54849
433                          Bus 433            1.0104          -0.15491
434                          Bus 434           0.91475          -0.70301
435                          Bus 435            1.0017          -0.46917
436                          Bus 436            0.9952          -0.49907
437                          Bus 437           0.96064          -0.61327
438                          Bus 438            1.0013          -0.52466
439                          Bus 439           0.99397          -0.30487
440                          Bus 440           0.98978           -0.5236
441                          Bus 441           0.99926          -0.23866
442                          Bus 442           0.97911          -0.64687
443                          Bus 443           0.93543          -0.59951
444                          Bus 444                 1           -0.1825
445                          Bus 445            1.0011          -0.24112
446                          Bus 446           0.99681           -0.1875
447                          Bus 447            1.0484          -0.12812
448                          Bus 448            1.0451          -0.10056
449                          Bus 449            1.0011          -0.24112
450                          Bus 450           0.99681          -0.18751
451                          Bus 451                 1          -0.49771
452                          Bus 452           0.99298          -0.53938
453                          Bus 453           0.99916          -0.44183
454                          Bus 454           0.99554          -0.50059
455                          Bus 455           0.99611          -0.54723
456                          Bus 456            0.9903          -0.53715
457                          Bus 457           0.99605          -0.53646
458                          Bus 458           0.99832          -0.57141
459                          Bus 459           0.98648           -0.5826
460                          Bus 460           0.99178          -0.54972
461                          Bus 461           0.99838          -0.55129
462                          Bus 462           0.98436          -0.55085
463                          Bus 463           0.99405          -0.53457
464                          Bus 464           0.99872          -0.55096
465                          Bus 465           0.98598          -0.54633
466                          Bus 466           0.89746           -0.7481
467                          Bus 467           0.97894          -0.54436
468                          Bus 468           0.98833           -0.5532
469                          Bus 469            1.0437          -0.10337
470                          Bus 470             1.003          -0.17663
471                          Bus 471                 1          -0.21763
472                          Bus 472           0.99991          -0.25833
473                          Bus 473           0.99812          -0.57508
474                          Bus 474           0.99906           -0.4832
475                          Bus 475           0.99266          -0.54579
476                          Bus 476           0.99466          -0.52658
477                          Bus 477           0.98964          -0.52392
478                          Bus 478           0.98746          -0.55446
479                          Bus 479           0.99198          -0.54692
480                          Bus 480            0.9962          -0.49993
481                          Bus 481           0.95324          -0.58377
482                          Bus 482                 1          -0.14194
483                          Bus 483           0.99692          -0.54724
484                          Bus 484           0.98633            -0.511
485                          Bus 485           0.99395          -0.48344
486                          Bus 486           0.99798          -0.51163
487                          Bus 487           0.94963          -0.58776
488                          Bus 488           0.99846          -0.54803
489                          Bus 489           0.99515          -0.47607
490                          Bus 490           0.99088          -0.53852
491                          Bus 491           0.99098          -0.53755
492                          Bus 492                 1          -0.53182
493                          Bus 493                 1          -0.45891
494                          Bus 494                 1          -0.51766
495                          Bus 495            0.9992          -0.51872
496                          Bus 496           0.99915          -0.46008
497                          Bus 497           0.99329          -0.53168
498                          Bus 498           0.99014          -0.53755
499                          Bus 499            0.9957          -0.54676
500                          Bus 500           0.99724          -0.46824
501                          Bus 501           0.99218          -0.54307
502                          Bus 502           0.99596          -0.54597
503                          Bus 503           0.99528          -0.55146
504                          Bus 504           0.98966          -0.53613
505                          Bus 505           0.99624          -0.46942
506                          Bus 506           0.99584          -0.50574
507                          Bus 507           0.99544          -0.52015
508                          Bus 508           0.99011          -0.55878
509                          Bus 509           0.98044           -0.5077
510                          Bus 510           0.97171          -0.65059
511                          Bus 511            0.9893          -0.50368
512                          Bus 512           0.97979          -0.51205
513                          Bus 513           0.92363          -0.60472
514                          Bus 514                 1          -0.53836
515                          Bus 515                 1          -0.54984
516                          Bus 516           0.99885          -0.61107
517                          Bus 517           0.99669          -0.13111
518                          Bus 518           0.97735          -0.54527
519                          Bus 519           0.99859          -0.28147
520                          Bus 520             1.014          -0.46812
521                          Bus 521           0.99418          -0.52766
522                          Bus 522           0.97665          -0.54686
523                          Bus 523           0.99317          -0.45156
524                          Bus 524           0.99045          -0.50779
525                          Bus 525                 1          -0.26792
526                          Bus 526           0.99956          -0.28487
527                          Bus 527           0.99997          -0.24191
528                          Bus 528           0.99246          -0.28491
529                          Bus 529           0.99793          -0.14929
530                          Bus 530           0.99663          -0.49928
531                          Bus 531           0.98816          -0.55341
532                          Bus 532           0.96467          -0.34373
533                          Bus 533           0.98821           -0.5851
534                          Bus 534           0.99963          -0.28325
535                          Bus 535           0.99341          -0.55133
536                          Bus 536                 1          -0.57555
537                          Bus 537                 1          -0.61323
538                          Bus 538           0.99472           -0.5744
539                          Bus 539            1.0026          -0.40525
540                          Bus 540            1.0026          -0.40519
541                          Bus 541            1.0035          -0.33404
542                          Bus 542           0.99761          -0.43002
543                          Bus 543            1.0183          -0.26121
544                          Bus 544           0.99686          -0.41634
545                          Bus 545            1.0062          -0.28092
546                          Bus 546            1.0061          -0.28096
547                          Bus 547            0.9954          -0.42959
548                          Bus 548           0.97619           -0.3581
549                          Bus 549           0.98867          -0.37034
550                          Bus 550             0.988          -0.37313
551                          Bus 551           0.99818          -0.34869
552                          Bus 552           0.94262          -0.55582
553                          Bus 553           0.94092          -0.55442
554                          Bus 554            0.9838          -0.29684
555                          Bus 555            0.9837          -0.40433
556                          Bus 556                 1          -0.40825
557                          Bus 557           0.97602          -0.23601
558                          Bus 558           0.97744          -0.23749
559                          Bus 559           0.99965          -0.41139
560                          Bus 560            1.0243           -0.2641
561                          Bus 561           0.99274          -0.44944
562                          Bus 562           0.99214          -0.44969
563                          Bus 563           0.99473          -0.44959
564                          Bus 564            1.0117          -0.26698
565                          Bus 565           0.99999          -0.27983
566                          Bus 566           0.99473          -0.45013
567                          Bus 567           0.99681          -0.35033
568                          Bus 568           0.99611          -0.44581
569                          Bus 569           0.99611          -0.44587
570                          Bus 570           0.98295          -0.25989
571                          Bus 571           0.99432          -0.45093
572                          Bus 572            0.9792          -0.40015
573                          Bus 573           0.98279          -0.35305
574                          Bus 574           0.99406           -0.3183
575                          Bus 575            1.0018          -0.27382
576                          Bus 576                 1          -0.34604
577                          Bus 577           0.99661          -0.33133
578                          Bus 578           0.97414          -0.45487
579                          Bus 579           0.98769          -0.23917
580                          Bus 580                 1          -0.39622
581                          Bus 581           0.99533          -0.32949
582                          Bus 582           0.99051          -0.23884
583                          Bus 583            1.0027          -0.29178
584                          Bus 584                 1          -0.42834
585                          Bus 585                 1          -0.42686
586                          Bus 586           0.99542          -0.32193
587                          Bus 587            1.0076          -0.30312
588                          Bus 588            0.9446          -0.55896
589                          Bus 589           0.99583          -0.35744
590                          Bus 590           0.99472           -0.3623
591                          Bus 591           0.97412          -0.38649
592                          Bus 592            0.9845          -0.25439
593                          Bus 593           0.98528           -0.2603
594                          Bus 594           0.97621          -0.36795
595                          Bus 595           0.94559          -0.55588
596                          Bus 596           0.97776          -0.38062
597                          Bus 597           0.99674          -0.39942
598                          Bus 598            1.0077           -0.2726
599                          Bus 599           0.98144          -0.41205
600                          Bus 600             1.033          -0.26155
601                          Bus 601           0.97424          -0.46004
602                          Bus 602           0.99782          -0.30217
603                          Bus 603           0.99349           -0.2999
604                          Bus 604           0.99495          -0.30303
605                          Bus 605           0.99616          -0.30506
606                          Bus 606           0.99805          -0.28749
607                          Bus 607                 1          -0.29053
608                          Bus 608           0.97682          -0.21744
609                          Bus 609            1.0048          -0.29071
610                          Bus 610           0.98384          -0.41379
611                          Bus 611            1.0079          -0.33785
612                          Bus 612                 1          -0.32796
613                          Bus 613                 1          -0.32793
614                          Bus 614           0.99482          -0.29935
615                          Bus 615                 1          -0.30109
616                          Bus 616            1.0134          -0.28353
617                          Bus 617            1.0323          -0.26088
618                          Bus 618             1.014          -0.28281
619                          Bus 619            1.0124          -0.28426
620                          Bus 620            1.0255          -0.26947
621                          Bus 621           0.98885          -0.33353
622                          Bus 622           0.98888          -0.33182
623                          Bus 623                 1          -0.43813
624                          Bus 624           0.98888          -0.33107
625                          Bus 625           0.97527          -0.15126
626                          Bus 626            0.9944          -0.30609
627                          Bus 627           0.99827          -0.34062
628                          Bus 628             1.008          -0.31002
629                          Bus 629           0.97435          -0.40962
630                          Bus 630           0.98963          -0.42972
631                          Bus 631           0.99821          -0.42172
632                          Bus 632            1.0005          -0.41332
633                          Bus 633            1.0024          -0.40622
634                          Bus 634            1.0024          -0.40623
635                          Bus 635           0.99835          -0.34601
636                          Bus 636           0.99893          -0.23176
637                          Bus 637           0.99937          -0.34343
638                          Bus 638            1.0007          -0.39909
639                          Bus 639                 1          -0.39889
640                          Bus 640            1.0038          -0.39811
641                          Bus 641            1.0062          -0.40127
642                          Bus 642            1.0066          -0.35434
643                          Bus 643           0.94845          -0.55383
644                          Bus 644              1.01          -0.39402
645                          Bus 645              1.01          -0.39402
646                          Bus 646           0.96953          -0.49529
647                          Bus 647            1.0041          -0.40654
648                          Bus 648           0.99972          -0.41221
649                          Bus 649            1.0009          -0.41336
650                          Bus 650            1.0029          -0.39922
651                          Bus 651                 1          -0.41331
652                          Bus 652            1.0007          -0.40946
653                          Bus 653            1.0015          -0.39933
654                          Bus 654                 1            -0.277
655                          Bus 655             1.003          -0.27455
656                          Bus 656           0.98181           -0.4709
657                          Bus 657           0.97841         -0.073764
658                          Bus 658            0.9441          -0.52664
659                          Bus 659           0.97646           -0.3635
660                          Bus 660           0.97053          -0.35953
661                          Bus 661           0.98213          -0.42676
662                          Bus 662           0.99864          -0.39142
663                          Bus 663           0.99863           -0.3914
664                          Bus 664                 1           -0.2713
665                          Bus 665           0.99229          -0.29878
666                          Bus 666            0.9919          -0.27258
667                          Bus 667           0.97318          -0.38713
668                          Bus 668           0.98713          -0.41592
669                          Bus 669            1.0184          -0.26662
670                          Bus 670                 1           -0.2896
671                          Bus 671           0.99687          -0.29789
672                          Bus 672           0.99543          -0.43114
673                          Bus 673           0.99352          -0.35785
674                          Bus 674                 1          -0.42013
675                          Bus 675            1.0037           -0.2798
676                          Bus 676           0.99336            -0.303
677                          Bus 677            1.0096           -0.3075
678                          Bus 678            1.0204          -0.31911
679                          Bus 679            1.0204          -0.31902
680                          Bus 680            1.0014          -0.26741
681                          Bus 681            1.0211          -0.24688
682                          Bus 682            1.0215          -0.24656
683                          Bus 683            1.0122          -0.33257
684                          Bus 684            1.0164          -0.32698
685                          Bus 685            1.0039          -0.33235
686                          Bus 686           0.97845          -0.47278
687                          Bus 687            0.9987          -0.35485
688                          Bus 688                 1           -0.2352
689                          Bus 689                 1          -0.23518
690                          Bus 690           0.97704          -0.21627
691                          Bus 691           0.99897          -0.34964
692                          Bus 692                 1          -0.35801
693                          Bus 693           0.98265          -0.40802
694                          Bus 694            0.9822          -0.40975
695                          Bus 695           0.99649          -0.41976
696                          Bus 696           0.99491          -0.41932
697                          Bus 697           0.99971           -0.4236
698                          Bus 698           0.97369          -0.36755
699                          Bus 699                 1          -0.33996
700                          Bus 700           0.99374          -0.33782
701                          Bus 701            1.0024          -0.27276
702                          Bus 702           0.97355          -0.36845
703                          Bus 703            0.9766          -0.36316
704                          Bus 704            0.9739          -0.36706
705                          Bus 705           0.98632          -0.36657
706                          Bus 706           0.99646          -0.27363
707                          Bus 707           0.99643           -0.2736
708                          Bus 708           0.96438          -0.47825
709                          Bus 709           0.98477          -0.36839
710                          Bus 710           0.99426          -0.31808
711                          Bus 711             1.023          -0.27226
712                          Bus 712                 1          -0.44581
713                          Bus 713           0.97198          -0.37995
714                          Bus 714            1.0069          -0.28302
715                          Bus 715            0.9917          -0.28115
716                          Bus 716           0.99864          -0.35331
717                          Bus 717           0.99865          -0.35333
718                          Bus 718           0.99233          -0.36249
719                          Bus 719           0.99322          -0.36085
720                          Bus 720           0.97262          -0.37987
721                          Bus 721            0.9992          -0.34208
722                          Bus 722           0.98209          -0.38452
723                          Bus 723            1.0165          -0.27654
724                          Bus 724            1.0045          -0.28356
725                          Bus 725             1.009          -0.28096
726                          Bus 726            1.0389          -0.25559
727                          Bus 727            1.0389           -0.2556
728                          Bus 728           0.98835          -0.36442
729                          Bus 729            1.0235          -0.27217
730                          Bus 730                 1          -0.28151
731                          Bus 731            1.0079          -0.30633
732                          Bus 732                 1          -0.34606
733                          Bus 733           0.98014          -0.24953
734                          Bus 734            1.0015          -0.40766
735                          Bus 735                 1          -0.40971
736                          Bus 736           0.99789          -0.35565
737                          Bus 737            0.9996          -0.41216
738                          Bus 738           0.98429          -0.23207
739                          Bus 739           0.99367          -0.28344
740                          Bus 740                 1          -0.24571
741                          Bus 741           0.99933          -0.25396
742                          Bus 742           0.99027          -0.36132
743                          Bus 743             1.021          -0.29268
744                          Bus 744                 1          -0.20912
745                          Bus 745           0.99921          -0.35388
746                          Bus 746           0.99111          -0.34204
747                          Bus 747           0.99836          -0.35542
748                          Bus 748            1.0133          -0.27929
749                          Bus 749           0.99269          -0.23872
750                          Bus 750           0.99732          -0.35109
751                          Bus 751           0.99576          -0.42967
752                          Bus 752            0.9996          -0.24839
753                          Bus 753           0.99677          -0.35262
754                          Bus 754                 1          -0.28622
755                          Bus 755                 1          -0.33534
756                          Bus 756            1.0076          -0.28679
757                          Bus 757            0.9981          -0.34188
758                          Bus 758            0.9994          -0.28786
759                          Bus 759           0.99957          -0.28691
760                          Bus 760                 1          -0.39299
761                          Bus 761           0.98715          -0.37655
762                          Bus 762           0.99603          -0.30539
763                          Bus 763           0.97937          -0.41726
764                          Bus 764           0.98199           -0.4142
765                          Bus 765           0.99511          -0.32582
766                          Bus 766                 1          -0.41794
767                          Bus 767           0.97904          -0.41982
768                          Bus 768           0.99683          -0.22076
769                          Bus 769           0.98451          -0.39989
770                          Bus 770             0.965           -0.5066
771                          Bus 771           0.94837          -0.54726
772                          Bus 772            0.9918          -0.27148
773                          Bus 773           0.97291          -0.48625
774                          Bus 774           0.99847          -0.32013
775                          Bus 775            0.9882          -0.20725
776                          Bus 776            1.0004          -0.41059
777                          Bus 777           0.99821          -0.35557
778                          Bus 778           0.99738          -0.39391
779                          Bus 779            1.0001          -0.24197
780                          Bus 780           0.99773           -0.3843
781                          Bus 781           0.99881          -0.37785
782                          Bus 782           0.99702          -0.39535
783                          Bus 783           0.99705          -0.39487
784                          Bus 784                 1          -0.35215
785                          Bus 785            0.9935          -0.37506
786                          Bus 786            1.0001         -0.064987
787                          Bus 787           0.99705          -0.10238
788                          Bus 788            1.0073          -0.21435
789                          Bus 789            1.0004          -0.21108
790                          Bus 790                 1          -0.21087
791                          Bus 791            1.0004          -0.21108
792                          Bus 792           0.99702         -0.043225
793                          Bus 793           0.99967          0.029956
794                          Bus 794           0.99062           -0.1059
795                          Bus 795                 1         -0.069151
796                          Bus 796            1.0057          -0.16951
797                          Bus 797            1.0057          -0.16955
798                          Bus 798                 1         -0.023581
799                          Bus 799                 1         -0.023568
800                          Bus 800                 1         -0.054779
801                          Bus 801                 1         -0.054779
802                          Bus 802           0.99645           -0.1404
803                          Bus 803            1.0002           -0.2118
804                          Bus 804           0.99273         -0.033811
805                          Bus 805           0.98732         -0.042705
806                          Bus 806           0.99605         -0.038906
807                          Bus 807           0.99605         -0.038906
808                          Bus 808           0.99651          -0.15918
809                          Bus 809           0.99667         -0.049602
810                          Bus 810            1.0102          -0.22137
811                          Bus 811           0.98489          -0.16715
812                          Bus 812           0.98493          -0.16712
813                          Bus 813           0.99353         -0.072851
814                          Bus 814                 1         -0.061677
815                          Bus 815           0.99767         -0.066285
816                          Bus 816           0.97217          -0.13745
817                          Bus 817           0.97225           -0.1373
818                          Bus 818           0.99819          -0.20948
819                          Bus 819           0.99907          -0.20859
820                          Bus 820            0.9775          -0.26124
821                          Bus 821           0.99642         -0.030824
822                          Bus 822           0.99638         -0.030828
823                          Bus 823           0.99973           -0.1218
824                          Bus 824           0.99551          -0.10917
825                          Bus 825           0.99978          -0.12175
826                          Bus 826           0.99555          -0.10912
827                          Bus 827           0.99905         -0.066807
828                          Bus 828           0.99231          -0.17755
829                          Bus 829            0.9932          -0.17589
830                          Bus 830           0.98985          -0.10713
831                          Bus 831           0.99544          -0.16511
832                          Bus 832           0.98242           -0.1834
833                          Bus 833           0.99746          -0.16323
834                          Bus 834                 1          -0.13187
835                          Bus 835           0.99791          -0.17176
836                          Bus 836            1.0032           -0.1643
837                          Bus 837            1.0047          -0.17271
838                          Bus 838           0.97714          -0.26002
839                          Bus 839           0.99341           -0.2636
840                          Bus 840           0.99395          -0.25015
841                          Bus 841           0.99042          -0.09694
842                          Bus 842           0.99859         -0.063892
843                          Bus 843           0.99529         -0.032063
844                          Bus 844           0.99644         -0.030846
845                          Bus 845           0.99486         -0.086266
846                          Bus 846           0.99436         -0.078316
847                          Bus 847           0.99438         -0.078247
848                          Bus 848           0.99506         -0.086071
849                          Bus 849           0.99634         -0.024439
850                          Bus 850           0.99547          -0.14108
851                          Bus 851           0.99137         -0.046493
852                          Bus 852           0.98645         -0.047571
853                          Bus 853           0.99967          -0.20552
854                          Bus 854           0.99969           -0.2052
855                          Bus 855           0.99978          -0.20541
856                          Bus 856           0.99969           -0.2052
857                          Bus 857           0.97396          -0.15616
858                          Bus 858           0.98352          -0.10086
859                          Bus 859            0.9873         -0.097794
860                          Bus 860            0.9847          -0.14795
861                          Bus 861           0.99294          -0.06808
862                          Bus 862           0.99907         -0.045204
863                          Bus 863           0.99861          -0.20686
864                          Bus 864           0.99861          -0.20686
865                          Bus 865           0.99343          -0.10929
866                          Bus 866            0.9913          -0.09316
867                          Bus 867           0.99853         -0.024242
868                          Bus 868           0.99666         -0.013972
869                          Bus 869           0.99921         -0.023059
870                          Bus 870           0.99506         -0.086071
871                          Bus 871           0.99456         -0.078113
872                          Bus 872            1.0046          -0.20195
873                          Bus 873            1.0012          -0.17744
874                          Bus 874            1.0029          -0.17432
875                          Bus 875           0.98794          -0.18783
876                          Bus 876           0.98824          -0.18761
877                          Bus 877           0.99128          -0.07728
878                          Bus 878                 1         -0.044558
879                          Bus 879           0.99997         -0.044486
880                          Bus 880            1.0058          -0.16952
881                          Bus 881            1.0057          -0.16955
882                          Bus 882            1.0032          -0.25147
883                          Bus 883           0.99056          -0.10541
884                          Bus 884                 1           -0.1988
885                          Bus 885           0.99945          -0.19822
886                          Bus 886           0.99277          -0.13614
887                          Bus 887           0.99384           -0.1933
888                          Bus 888           0.99918         -0.022872
889                          Bus 889           0.99654         -0.036453
890                          Bus 890            1.0021           -0.1735
891                          Bus 891            0.9952         -0.072333
892                          Bus 892                 1          -0.14616
893                          Bus 893           0.99999          -0.14615
894                          Bus 894           0.99834          0.012371
895                          Bus 895                 1         -0.021307
896                          Bus 896           0.99481         -0.074637
897                          Bus 897           0.99948          -0.24658
898                          Bus 898           0.99949          -0.24657
899                          Bus 899            1.0037          -0.17483
900                          Bus 900           0.99624          -0.16371
901                          Bus 901                 1         -0.045908
902                          Bus 902           0.99554         -0.094766
903                          Bus 903           0.99584         -0.094423
904                          Bus 904           0.99751         -0.045668
905                          Bus 905           0.98568           -0.1019
906                          Bus 906            0.9857          -0.10184
907                          Bus 907           0.99858          -0.04333
908                          Bus 908           0.99849         -0.049429
909                          Bus 909           0.99077          -0.04255
910                          Bus 910                 1         -0.062044
911                          Bus 911                 1         -0.060099
912                          Bus 912                 1         -0.087616
913                          Bus 913           0.97311          -0.16094
914                          Bus 914                 1         -0.029682
915                          Bus 915           0.99264         -0.096192
916                          Bus 916           0.99275          -0.09596
917                          Bus 917                 1         -0.049272
918                          Bus 918           0.99928          -0.19724
919                          Bus 919                 1         -0.032593
920                          Bus 920                 1         -0.056724
921                          Bus 921           0.99852         -0.036975
922                          Bus 922             1.003          -0.17665
923                          Bus 923             1.003          -0.17661
924                          Bus 924            0.9939         -0.017122
925                          Bus 925            0.9923          -0.28062
926                          Bus 926           0.99237          -0.28055
927                          Bus 927           0.99759         -0.066287
928                          Bus 928           0.99759         -0.066287
929                          Bus 929                 1         -0.040344
930                          Bus 930            0.9998         -0.037446
931                          Bus 931           0.98881          -0.19938
932                          Bus 932           0.98881          -0.19938
933                          Bus 933           0.99264         -0.096192
934                          Bus 934           0.99275          -0.09596
935                          Bus 935            1.0029          -0.20364
936                          Bus 936             1.003          -0.20361
937                          Bus 937           0.99061          -0.09631
938                          Bus 938           0.99061          -0.09631
939                          Bus 939           0.99754          0.010779
940                          Bus 940           0.99909         -0.015795
941                          Bus 941           0.99909         -0.015795
942                          Bus 942           0.99787         -0.064956
943                          Bus 943           0.99424         -0.084794
944                          Bus 944           0.99909         -0.015795
945                          Bus 945           0.98269          -0.10284
946                          Bus 946           0.98731         -0.097796
947                          Bus 947           0.99942         -0.044295
948                          Bus 948           0.99428         -0.025498
949                          Bus 949           0.99567          -0.13902
950                          Bus 950            1.0026          -0.12109
951                          Bus 951            1.0007            -0.124
952                          Bus 952           0.99627          -0.10179
953                          Bus 953           0.99693          -0.10136
954                          Bus 954           0.99843          -0.19039
955                          Bus 955           0.99754          -0.20752
956                          Bus 956                 1          -0.20485
957                          Bus 957           0.99539         -0.068951
958                          Bus 958           0.99981          -0.26747
959                          Bus 959                 1          -0.24865
960                          Bus 960           0.99846         -0.040063
961                          Bus 961           0.99851         -0.040014
962                          Bus 962           0.99854          -0.13432
963                          Bus 963           0.99583         -0.068363
964                          Bus 964           0.99441         -0.047579
965                          Bus 965                 1          -0.10879
966                          Bus 966           0.97778          -0.25769
967                          Bus 967            0.9778          -0.25768
968                          Bus 968                 1          -0.17159
969                          Bus 969            1.0019          -0.15113
970                          Bus 970            1.0136          -0.19387
971                          Bus 971            1.0019          -0.15113
972                          Bus 972            1.0137          -0.19381
973                          Bus 973                 1           -0.1176
974                          Bus 974            0.9978         -0.061199
975                          Bus 975            1.0042          -0.21195
976                          Bus 976           0.99488          -0.16948
977                          Bus 977           0.99489          -0.16943
978                          Bus 978            1.0008          -0.12399
979                          Bus 979            1.0026          -0.12109
980                          Bus 980           0.99527          -0.21974
981                          Bus 981           0.99558          -0.21952
982                          Bus 982           0.98596          -0.26707
983                          Bus 983           0.99397          -0.03687
984                          Bus 984           0.99992         -0.019978
985                          Bus 985           0.99448         -0.036356
986                          Bus 986           0.99991         -0.019978
987                          Bus 987           0.99933         -0.018454
988                          Bus 988           0.99593           -0.2111
989                          Bus 989           0.99933         -0.018453
990                          Bus 990           0.99667          -0.21003
991                          Bus 991            1.0012          -0.12672
992                          Bus 992           0.99734         -0.068884
993                          Bus 993                 1          -0.22021
994                          Bus 994                 1          -0.22023
995                          Bus 995                 1         -0.075496
996                          Bus 996                 1         -0.017162
997                          Bus 997                 1          -0.20485
998                          Bus 998            0.9998          -0.10667
999                          Bus 999           0.98808         -0.067713
1000                        Bus 1000           0.98984          -0.12225
1001                        Bus 1001           0.98986           -0.1222
1002                        Bus 1002           0.99371          -0.10809
1003                        Bus 1003           0.99388          -0.10784
1004                        Bus 1004                 1          -0.16799
1005                        Bus 1005            1.0021          -0.15632
1006                        Bus 1006            1.0034          -0.16946
1007                        Bus 1007            1.0022          -0.15622
1008                        Bus 1008            1.0034          -0.16946
1009                        Bus 1009            1.0036          -0.17323
1010                        Bus 1010            1.0018          -0.15651
1011                        Bus 1011            1.0044           -0.1715
1012                        Bus 1012           0.98948          -0.17098
1013                        Bus 1013                 1          -0.14616
1014                        Bus 1014           0.99969         -0.053189
1015                        Bus 1015           0.99918         -0.051528
1016                        Bus 1016           0.99825         -0.011415
1017                        Bus 1017           0.99989         -0.052917
1018                        Bus 1018           0.99908          -0.01052
1019                        Bus 1019           0.99958         -0.050977
1020                        Bus 1020            1.0031          -0.20259
1021                        Bus 1021           0.98422          -0.20796
1022                        Bus 1022           0.99624          -0.16368
1023                        Bus 1023           0.99857          -0.16251
1024                        Bus 1024                 1          -0.14183
1025                        Bus 1025                 1          -0.14182
1026                        Bus 1026           0.99334         -0.092631
1027                        Bus 1027                 1         -0.051311
1028                        Bus 1028                 1         -0.050892
1029                        Bus 1029                 1         -0.062957
1030                        Bus 1030           0.99913         -0.050654
1031                        Bus 1031           0.99913         -0.050651
1032                        Bus 1032            0.9996         -0.047969
1033                        Bus 1033           0.99854          -0.05136
1034                        Bus 1034            0.9986          -0.06201
1035                        Bus 1035            0.9994         -0.050728
1036                        Bus 1036           0.99857         -0.062029
1037                        Bus 1037            0.9987         -0.051074
1038                        Bus 1038            0.9997         -0.047747
1039                        Bus 1039           0.99942         -0.049448
1040                        Bus 1040           0.99942         -0.049411
1041                        Bus 1041            0.9985         -0.056664
1042                        Bus 1042           0.99893         -0.057876
1043                        Bus 1043            0.9985         -0.056654
1044                        Bus 1044           0.99893         -0.057866
1045                        Bus 1045           0.99676         -0.032754
1046                        Bus 1046           0.98646          -0.08855
1047                        Bus 1047           0.98669         -0.088145
1048                        Bus 1048           0.99919         -0.051437
1049                        Bus 1049           0.99919         -0.051437
1050                        Bus 1050           0.98668         -0.088142
1051                        Bus 1051           0.99103          0.004294
1052                        Bus 1052           0.99854         -0.047325
1053                        Bus 1053                 1          -0.06372
1054                        Bus 1054                 1         -0.062081
1055                        Bus 1055           0.97741          -0.15818
1056                        Bus 1056           0.99541         -0.072464
1057                        Bus 1057           0.99542         -0.072406
1058                        Bus 1058           0.99195         -0.040402
1059                        Bus 1059           0.99511         -0.068154
1060                        Bus 1060           0.93985         -0.058048
1061                        Bus 1061           0.99491         -0.070048
1062                        Bus 1062           0.99054         -0.096798
1063                        Bus 1063           0.99492          -0.06998
1064                        Bus 1064           0.98551          -0.04965
1065                        Bus 1065           0.98576         -0.049314
1066                        Bus 1066           0.98814         -0.049199
1067                        Bus 1067           0.99707         -0.053987
1068                        Bus 1068            0.9992         -0.055839
1069                        Bus 1069           0.99715          -0.05391
1070                        Bus 1070           0.99921         -0.055815
1071                        Bus 1071           0.99245        -0.0085258
1072                        Bus 1072           0.99258         -0.096301
1073                        Bus 1073           0.99266         -0.096047
1074                        Bus 1074             0.996          -0.18945
1075                        Bus 1075           0.99526          -0.11598
1076                        Bus 1076           0.99648         -0.034066
1077                        Bus 1077           0.99793         -0.011444
1078                        Bus 1078            1.0029          -0.15541
1079                        Bus 1079           0.96988          -0.14517
1080                        Bus 1080           0.99445         -0.099822
1081                        Bus 1081           0.99448         -0.099741
1082                        Bus 1082           0.99673         -0.066302
1083                        Bus 1083           0.99597         -0.071804
1084                        Bus 1084            1.0002         -0.046782
1085                        Bus 1085                 1          -0.15525
1086                        Bus 1086           0.99733         -0.053138
1087                        Bus 1087           0.99588          -0.13989
1088                        Bus 1088           0.99737          -0.13656
1089                        Bus 1089           0.99125           -0.1112
1090                        Bus 1090           0.98465          -0.17225
1091                        Bus 1091           0.99352          -0.18058
1092                        Bus 1092           0.98538          -0.17167
1093                        Bus 1093           0.99438           -0.1798
1094                        Bus 1094           0.99206         -0.099676
1095                        Bus 1095           0.99053         -0.096795
1096                        Bus 1096           0.99869         -0.063796
1097                        Bus 1097            1.0029          -0.17436
1098                        Bus 1098            1.0029          -0.17435
1099                        Bus 1099           0.99604         -0.067172
1100                        Bus 1100           0.99915          -0.12461
1101                        Bus 1101           0.99916          -0.12459
1102                        Bus 1102           0.99806         -0.059669
1103                        Bus 1103            1.0059           -0.1692
1104                        Bus 1104           0.99109          -0.27077
1105                        Bus 1105                 1          -0.16783
1106                        Bus 1106                 1          -0.16165
1107                        Bus 1107                 1         -0.064216
1108                        Bus 1108                 1         -0.064189
1109                        Bus 1109           0.99999          -0.20501
1110                        Bus 1110           0.99842         -0.078776
1111                        Bus 1111                 1          -0.20498
1112                        Bus 1112           0.99859         -0.078664
1113                        Bus 1113           0.98947         -0.097579
1114                        Bus 1114            1.0004          -0.20437
1115                        Bus 1115            1.0054          -0.21144
1116                        Bus 1116           0.99144         -0.088242
1117                        Bus 1117           0.99907         -0.015723
1118                        Bus 1118           0.99629         -0.066611
1119                        Bus 1119           0.99674         -0.066181
1120                        Bus 1120            1.0096          -0.16263
1121                        Bus 1121            1.0002           -0.1604
1122                        Bus 1122           0.95967          -0.18032
1123                        Bus 1123           0.98124          -0.15425
1124                        Bus 1124           0.99335          -0.20083
1125                        Bus 1125           0.99932         -0.018502
1126                        Bus 1126           0.99666          -0.21009
1127                        Bus 1127           0.99368          -0.20031
1128                        Bus 1128           0.99646           -0.1718
1129                        Bus 1129           0.99692          -0.17086
1130                        Bus 1130           0.99969          -0.12673
1131                        Bus 1131            0.9997           -0.1267
1132                        Bus 1132           0.98305          -0.10694
1133                        Bus 1133           0.99132          -0.19914
1134                        Bus 1134           0.99999         -0.023606
1135                        Bus 1135                 1         -0.023568
1136                        Bus 1136           0.98419          -0.20795
1137                        Bus 1137           0.98757         -0.043961
1138                        Bus 1138                 1         -0.036776
1139                        Bus 1139            1.0025         -0.038558
1140                        Bus 1140                 1            0.0067
1141                        Bus 1141                 1         -0.050418
1142                        Bus 1142           0.99758        -0.0083205
1143                        Bus 1143           0.95144          -0.18778
1144                        Bus 1144           0.99474          -0.15836
1145                        Bus 1145           0.99515         -0.081903
1146                        Bus 1146           0.99868          -0.14604
1147                        Bus 1147           0.98413         -0.094217
1148                        Bus 1148           0.99384          -0.16577
1149                        Bus 1149           0.97701          -0.26736
1150                        Bus 1150           0.99745         -0.033988
1151                        Bus 1151           0.99758         -0.033808
1152                        Bus 1152           0.99099          -0.10402
1153                        Bus 1153           0.99098          -0.10401
1154                        Bus 1154           0.98294          -0.18236
1155                        Bus 1155           0.99372         -0.030631
1156                        Bus 1156           0.99861         -0.064579
1157                        Bus 1157           0.99709          -0.18532
1158                        Bus 1158           0.99709          -0.18532
1159                        Bus 1159           0.99201         -0.082991
1160                        Bus 1160           0.98105          -0.10142
1161                        Bus 1161           0.99201         -0.082989
1162                        Bus 1162           0.98214          -0.10062
1163                        Bus 1163           0.99893         -0.025926
1164                        Bus 1164           0.99685          -0.17331
1165                        Bus 1165           0.99893          -0.17419
1166                        Bus 1166           0.99685          -0.17331
1167                        Bus 1167           0.99895          -0.17416
1168                        Bus 1168           0.99065          -0.22566
1169                        Bus 1169           0.96211          -0.17611
1170                        Bus 1170           0.99573          -0.16395
1171                        Bus 1171           0.98827          -0.11818
1172                        Bus 1172           0.99428         -0.085401
1173                        Bus 1173           0.98341          -0.10098
1174                        Bus 1174           0.98723         -0.097938
1175                        Bus 1175                 1          -0.14807
1176                        Bus 1176           0.99738          -0.15537
1177                        Bus 1177            0.9976          -0.15179
1178                        Bus 1178           0.99749          -0.15527
1179                        Bus 1179            1.0047          -0.20193
1180                        Bus 1180           0.99338          -0.17661
1181                        Bus 1181           0.99638          -0.24138
1182                        Bus 1182                 1          -0.12387
1183                        Bus 1183                 1         -0.064953
1184                        Bus 1184                 1          -0.09132
1185                        Bus 1185           0.98849          -0.16537
1186                        Bus 1186           0.99845          0.002661
1187                        Bus 1187           0.99693          -0.05754
1188                        Bus 1188           0.99882         0.0030242
1189                        Bus 1189           0.99783         -0.056685
1190                        Bus 1190            0.9889          -0.27228
1191                        Bus 1191                 1         -0.050422
1192                        Bus 1192                 1        -0.0086829
1193                        Bus 1193           0.98452          -0.17893
1194                        Bus 1194           0.99986         -0.068915
1195                        Bus 1195           0.98232          -0.10791
1196                        Bus 1196           0.99318         -0.088094
1197                        Bus 1197           0.99518         -0.029464
1198                        Bus 1198           0.98845         -0.036136
1199                        Bus 1199           0.99549         -0.029074
1200                        Bus 1200           0.98961         -0.034761
1201                        Bus 1201                 1         -0.039862
1202                        Bus 1202                 1         -0.039861
1203                        Bus 1203                 1          -0.04409
1204                        Bus 1204           0.99952         -0.029132
1205                        Bus 1205           0.98664         -0.093111
1206                        Bus 1206           0.99922          -0.15095
1207                        Bus 1207            0.9971         -0.036858
1208                        Bus 1208           0.99646         -0.029861
1209                        Bus 1209           0.99646         -0.029861
1210                        Bus 1210           0.99456         -0.045767
1211                        Bus 1211           0.99414         -0.037995
1212                        Bus 1212           0.99737          -0.13988
1213                        Bus 1213           0.99737           -0.1398
1214                        Bus 1214           0.99701         -0.094147
1215                        Bus 1215           0.97043           -0.2086
1216                        Bus 1216           0.99945         -0.050588
1217                        Bus 1217           0.99869         -0.061852
1218                        Bus 1218           0.99797           -0.1347
1219                        Bus 1219           0.99813          -0.13453
1220                        Bus 1220           0.99731           -0.0663
1221                        Bus 1221           0.99765           -0.1926
1222                        Bus 1222           0.99778          -0.19249
1223                        Bus 1223           0.99861         -0.063502
1224                        Bus 1224           0.99639          -0.15975
1225                        Bus 1225           0.99536          -0.16133
1226                        Bus 1226           0.99661           -0.1595
1227                        Bus 1227           0.99536          -0.16133
1228                        Bus 1228           0.99431          -0.03279
1229                        Bus 1229            1.0004         -0.042413
1230                        Bus 1230           0.99632           -0.1636
1231                        Bus 1231           0.99857          -0.16251
1232                        Bus 1232                 1          -0.12521
1233                        Bus 1233                 1          -0.15525
1234                        Bus 1234           0.98764          -0.16226
1235                        Bus 1235            1.0067          -0.20023
1236                        Bus 1236           0.99419         -0.095503
1237                        Bus 1237           0.99534         -0.067827
1238                        Bus 1238            1.0011          -0.20514
1239                        Bus 1239            1.0012           -0.2051
1240                        Bus 1240           0.99796         -0.042651
1241                        Bus 1241           0.98669         -0.069164
1242                        Bus 1242            0.9997         -0.061368
1243                        Bus 1243           0.99972         -0.061306
1244                        Bus 1244                 1         -0.054893
1245                        Bus 1245           0.98867         -0.049883
1246                        Bus 1246           0.99931          -0.03733
1247                        Bus 1247                 1          -0.03499
1248                        Bus 1248           0.99929         -0.037258
1249                        Bus 1249           0.97913          -0.15331
1250                        Bus 1250                 1         -0.060276
1251                        Bus 1251                 1         -0.060349
1252                        Bus 1252                 1          0.030379
1253                        Bus 1253           0.99983          0.030712
1254                        Bus 1254           0.99388         -0.014545
1255                        Bus 1255           0.98882         -0.017373
1256                        Bus 1256           0.99514         -0.013938
1257                        Bus 1257           0.98966         -0.016901
1258                        Bus 1258           0.97577          -0.26953
1259                        Bus 1259           0.99089          -0.15776
1260                        Bus 1260           0.99402          -0.16356
1261                        Bus 1261           0.99403           -0.1635
1262                        Bus 1262           0.97906          -0.12328
1263                        Bus 1263           0.97472          -0.26269
1264                        Bus 1264           0.99543          -0.24586
1265                        Bus 1265           0.99543          -0.24586
1266                        Bus 1266             0.999         -0.064668
1267                        Bus 1267           0.99766          -0.21117
1268                        Bus 1268                 1          -0.20046
1269                        Bus 1269           0.99463         -0.089999
1270                        Bus 1270            0.9986         -0.062234
1271                        Bus 1271           0.99866         -0.062182
1272                        Bus 1272           0.99478         -0.082903
1273                        Bus 1273           0.99428         -0.091271
1274                        Bus 1274           0.99479         -0.082875
1275                        Bus 1275           0.99429         -0.091243
1276                        Bus 1276           0.99821         -0.029898
1277                        Bus 1277            1.0065          -0.21641
1278                        Bus 1278           0.98241          -0.10729
1279                        Bus 1279           0.99975         -0.029398
1280                        Bus 1280           0.99687          -0.14053
1281                        Bus 1281           0.99739          -0.13981
1282                        Bus 1282           0.99817         -0.038171
1283                        Bus 1283           0.96317          -0.17599
1284                        Bus 1284           0.98767         -0.043839
1285                        Bus 1285            0.9924         -0.086915
1286                        Bus 1286           0.99729         -0.012922
1287                        Bus 1287            0.9989         -0.052345
1288                        Bus 1288           0.99732          -0.01283
1289                        Bus 1289           0.99838          -0.23099
1290                        Bus 1290           0.99917         -0.061878
1291                        Bus 1291           0.98749         -0.064385
1292                        Bus 1292           0.99576          -0.21864
1293                        Bus 1293           0.98561          -0.13745
1294                        Bus 1294           0.98933          -0.13149
1295                        Bus 1295           0.99592         -0.054514
1296                        Bus 1296           0.98655         -0.044599
1297                        Bus 1297           0.99372         -0.084815
1298                        Bus 1298           0.99428         -0.083846
1299                        Bus 1299                 1         -0.023581
1300                        Bus 1300                 1         -0.023568
1301                        Bus 1301            1.0023          -0.16561
1302                        Bus 1302            0.9994         -0.051511
1303                        Bus 1303           0.98883         -0.019057
1304                        Bus 1304           0.99603         -0.034541
1305                        Bus 1305                 1         -0.018245
1306                        Bus 1306           0.99603         -0.034399
1307                        Bus 1307                 1         -0.018245
1308                        Bus 1308             0.998          -0.13685
1309                        Bus 1309           0.99313          -0.26122
1310                        Bus 1310           0.99903         -0.062376
1311                        Bus 1311           0.99292         -0.061148
1312                        Bus 1312           0.99899          -0.15024
1313                        Bus 1313           0.98353          -0.26106
1314                        Bus 1314            0.9982          -0.06619
1315                        Bus 1315           0.99828         -0.066075
1316                        Bus 1316                 1          -0.14461
1317                        Bus 1317           0.99985          -0.13585
1318                        Bus 1318           0.99961          -0.14411
1319                        Bus 1319            1.0001          -0.13572
1320                        Bus 1320           0.99814         -0.037464
1321                        Bus 1321           0.98837          -0.19835
1322                        Bus 1322           0.98651          -0.20726
1323                        Bus 1323           0.98837          -0.19835
1324                        Bus 1324           0.97328          -0.26216
1325                        Bus 1325                 1         -0.045065
1326                        Bus 1326           0.99788          -0.05731
1327                        Bus 1327           0.98805         -0.050627
1328                        Bus 1328           0.99485         -0.050403
1329                        Bus 1329           0.99741         -0.051312
1330                        Bus 1330           0.99974         -0.052977
1331                        Bus 1331           0.99529         -0.068256
1332                        Bus 1332           0.98945          -0.10767
1333                        Bus 1333            0.9948          -0.12042
1334                        Bus 1334           0.98989          -0.10708
1335                        Bus 1335           0.99547          -0.11946
1336                        Bus 1336            0.9915          -0.15644
1337                        Bus 1337           0.98909         -0.093171
1338                        Bus 1338           0.99825         -0.042417
1339                        Bus 1339            1.0085          -0.21708
1340                        Bus 1340           0.99262          -0.16513
1341                        Bus 1341           0.98423          -0.20796
1342                        Bus 1342            0.9873          -0.16419
1343                        Bus 1343            1.0008         -0.051406
1344                        Bus 1344            1.0007         -0.051377
1345                        Bus 1345           0.99496          -0.04501
1346                        Bus 1346           0.99476         -0.036774
1347                        Bus 1347           0.99728           -0.1591
1348                        Bus 1348           0.98955          -0.10658
1349                        Bus 1349                 1          -0.27569
1350                        Bus 1350            1.0004          -0.24887
1351                        Bus 1351           0.99074          -0.19236
1352                        Bus 1352           0.99399         -0.085798
1353                        Bus 1353           0.99412         -0.085564
1354                        Bus 1354            1.0017          -0.20738
1355                        Bus 1355           0.99279         -0.033436
1356                        Bus 1356                 1         -0.054779
1357                        Bus 1357           0.99456         -0.025262
1358                        Bus 1358           0.98852         -0.092017
1359                        Bus 1359                 1          -0.26423
1360                        Bus 1360           0.98818          -0.19912
1361                        Bus 1361           0.98665         -0.099297
1362                        Bus 1362           0.98672         -0.099211
1363                        Bus 1363           0.99759           -0.1626
1364                        Bus 1364           0.99332          -0.17673
1365                        Bus 1365           0.99336          -0.17661
1366                        Bus 1366            1.0076           -0.2167
1367                        Bus 1367           0.98703          -0.16079
1368                        Bus 1368           0.99595         -0.035872
1369                        Bus 1369           0.99225          -0.06941
1370                        Bus 1370            1.0036          -0.17302
1371                        Bus 1371            1.0036          -0.17302
1372                        Bus 1372             0.985            -0.102
1373                        Bus 1373                 1         -0.041654
1374                        Bus 1374           0.99662          -0.12179
1375                        Bus 1375           0.99922          -0.03504
1376                        Bus 1376            0.9992         -0.034996
1377                        Bus 1377           0.99834         -0.078232
1378                        Bus 1378           0.99837         -0.078143
1379                        Bus 1379            1.0039          -0.17296
1380                        Bus 1380           0.99024         -0.079968
1381                        Bus 1381           0.98798          -0.20096
1382                        Bus 1382            1.0024          -0.15036
1383                        Bus 1383            1.0024          -0.15035
1384                        Bus 1384            1.0143          -0.19331
1385                        Bus 1385           0.99305          -0.10231
1386                        Bus 1386           0.99694         0.0009518
1387                        Bus 1387           0.99776         -0.050565
1388                        Bus 1388            1.0036          -0.17353
1389                        Bus 1389           0.99527          -0.15995
1390                        Bus 1390           0.99877         -0.049136
1391                        Bus 1391           0.99878         -0.034897
1392                        Bus 1392           0.99895         -0.034613
1393                        Bus 1393                 1          -0.24343
1394                        Bus 1394                 1          -0.24341
1395                        Bus 1395           0.99976         -0.052149
1396                        Bus 1396                 1         0.0066995
1397                        Bus 1397           0.99977         -0.052141
1398                        Bus 1398           0.99938          0.046657
1399                        Bus 1399           0.97891         -0.043875
1400                        Bus 1400           0.99939         -0.012607
1401                        Bus 1401           0.99939         -0.012606
1402                        Bus 1402            0.9957          -0.22653
1403                        Bus 1403                 1         -0.063043
1404                        Bus 1404           0.99384         -0.085944
1405                        Bus 1405           0.99619         -0.082301
1406                        Bus 1406           0.99813           -0.2056
1407                        Bus 1407           0.99825          -0.20549
1408                        Bus 1408           0.99208         -0.087573
1409                        Bus 1409           0.99878           -0.2076
1410                        Bus 1410           0.99517         -0.050356
1411                        Bus 1411           0.99264          -0.08768
1412                        Bus 1412            0.9937         -0.091217
1413                        Bus 1413           0.99369         -0.091216
1414                        Bus 1414           0.98925          -0.20512
1415                        Bus 1415           0.99489          -0.16943
1416                        Bus 1416                 1          0.052108
1417                        Bus 1417                 1          -0.01689
1418                        Bus 1418                 1         -0.073463
1419                        Bus 1419            1.0043          -0.17233
1420                        Bus 1420           0.99874          -0.10401
1421                        Bus 1421           0.99583          -0.13604
1422                        Bus 1422           0.99583          -0.13605
1423                        Bus 1423           0.99787          -0.12986
1424                        Bus 1424           0.99906           -0.0282
1425                        Bus 1425           0.98833          -0.04949
1426                        Bus 1426                 1         0.0061288
1427                        Bus 1427           0.99487          -0.11149
1428                        Bus 1428           0.98476          -0.17275
1429                        Bus 1429                 1           -0.1841
1430                        Bus 1430           0.99071          -0.20203
1431                        Bus 1431           0.99427          -0.11113
1432                        Bus 1432           0.99428          -0.11114
1433                        Bus 1433           0.98956           -0.1727
1434                        Bus 1434           0.98042          -0.14662
1435                        Bus 1435           0.98877         -0.063782
1436                        Bus 1436           0.99857         -0.050745
1437                        Bus 1437           0.99792         -0.040059
1438                        Bus 1438           0.99144          0.011127
1439                        Bus 1439           0.99829         -0.039887
1440                        Bus 1440           0.99246          0.011738
1441                        Bus 1441           0.99757          -0.07401
1442                        Bus 1442           0.99426         -0.085406
1443                        Bus 1443           0.99784          -0.07356
1444                        Bus 1444           0.98442         -0.072055
1445                        Bus 1445           0.99903         -0.031361
1446                        Bus 1446           0.99941          -0.13974
1447                        Bus 1447           0.99913          -0.13986
1448                        Bus 1448           0.99973          -0.13931
1449                        Bus 1449           0.99959          -0.13938
1450                        Bus 1450           0.99881         -0.059236
1451                        Bus 1451            1.0005         -0.059509
1452                        Bus 1452           0.99036          -0.19665
1453                        Bus 1453           0.99691          -0.18497
1454                        Bus 1454           0.96613          -0.17236
1455                        Bus 1455                 1         -0.097319
1456                        Bus 1456                 1         -0.097319
1457                        Bus 1457           0.99696         -0.069322
1458                        Bus 1458           0.99776         -0.067133
1459                        Bus 1459           0.99698         -0.069276
1460                        Bus 1460           0.99799         -0.066803
1461                        Bus 1461           0.99672         -0.075259
1462                        Bus 1462           0.99902         -0.062586
1463                        Bus 1463           0.99904          -0.12648
1464                        Bus 1464           0.99473         -0.070186
1465                        Bus 1465           0.97894         -0.043883
1466                        Bus 1466            0.9979          -0.16136
1467                        Bus 1467           0.98759          -0.13969
1468                        Bus 1468           0.98422          -0.20796
1469                        Bus 1469                 1          -0.26725
1470                        Bus 1470           0.99998          -0.26723
1471                        Bus 1471            1.0025          -0.17497
1472                        Bus 1472            1.0011          -0.17581
1473                        Bus 1473           0.98833          -0.27281
1474                        Bus 1474           0.98869          -0.27259
1475                        Bus 1475                 1         -0.063275
1476                        Bus 1476           0.98798          -0.20537
1477                        Bus 1477           0.97563          -0.13006
1478                        Bus 1478           0.99963         -0.098643
1479                        Bus 1479           0.99617          -0.03065
1480                        Bus 1480           0.99989          -0.11786
1481                        Bus 1481           0.99957          -0.11878
1482                        Bus 1482           0.99789          -0.16135
1483                        Bus 1483            1.0004          -0.21108
1484                        Bus 1484            1.0074          -0.21433
1485                        Bus 1485           0.98273         -0.098735
1486                        Bus 1486           0.97761          -0.06774
1487                        Bus 1487            0.9992         -0.062133
1488                        Bus 1488           0.99952         -0.064333
1489                        Bus 1489           0.99152          -0.16625
1490                        Bus 1490           0.99103          -0.10441
1491                        Bus 1491           0.99105          -0.10439
1492                        Bus 1492           0.99873          -0.06346
1493                        Bus 1493           0.99527          -0.15488
1494                        Bus 1494           0.99548          -0.15442
1495                        Bus 1495           0.99863         -0.063277
1496                        Bus 1496           0.99598          -0.16309
1497                        Bus 1497           0.99714          -0.16401
1498                        Bus 1498           0.99671          -0.16231
1499                        Bus 1499           0.99756          -0.16354
1500                        Bus 1500            1.0055          -0.21431
1501                        Bus 1501            1.0015          -0.12392
1502                        Bus 1502            1.0124          -0.21783
1503                        Bus 1503            1.0123          -0.21784
1504                        Bus 1504                 1         -0.097317
1505                        Bus 1505                 1          -0.13036
1506                        Bus 1506           0.98444         -0.033243
1507                        Bus 1507           0.98601         -0.027638
1508                        Bus 1508           0.98484         -0.029662
1509                        Bus 1509           0.98959         -0.097601
1510                        Bus 1510           0.99844         -0.064166
1511                        Bus 1511            0.9897          -0.09749
1512                        Bus 1512           0.98643          -0.20353
1513                        Bus 1513           0.99754        -0.0015375
1514                        Bus 1514                 1           0.03038
1515                        Bus 1515            1.0089          -0.23167
1516                        Bus 1516           0.99849          -0.17496
1517                        Bus 1517           0.98483         -0.034794
1518                        Bus 1518           0.98586         -0.069191
1519                        Bus 1519           0.99974         -0.066683
1520                        Bus 1520            1.0005         -0.065745
1521                        Bus 1521             1.004          -0.20219
1522                        Bus 1522            1.0041          -0.20218
1523                        Bus 1523           0.99894         -0.050847
1524                        Bus 1524           0.99985          -0.04755
1525                        Bus 1525           0.99704         -0.042473
1526                        Bus 1526           0.99939          -0.15654
1527                        Bus 1527           0.99705         -0.039278
1528                        Bus 1528           0.97698          -0.14627
1529                        Bus 1529           0.99057         -0.095712
1530                        Bus 1530           0.98826         -0.099713
1531                        Bus 1531           0.99065         -0.095645
1532                        Bus 1532           0.98836         -0.099557
1533                        Bus 1533           0.99249         -0.075026
1534                        Bus 1534                 1         -0.085374
1535                        Bus 1535            1.0003          -0.20526
1536                        Bus 1536                 1          -0.02488
1537                        Bus 1537                 1          -0.13091
1538                        Bus 1538                 1          -0.01283
1539                        Bus 1539           0.99437         -0.085135
1540                        Bus 1540           0.99635         -0.082079
1541                        Bus 1541           0.98381         -0.073092
1542                        Bus 1542                 1          -0.13053
1543                        Bus 1543                 1         -0.070761
1544                        Bus 1544           0.99905           0.03817
1545                        Bus 1545           0.99388         -0.093013
1546                        Bus 1546           0.99668          -0.05602
1547                        Bus 1547           0.99502         -0.028856
1548                        Bus 1548            0.9952         -0.028573
1549                        Bus 1549           0.97749         -0.067245
1550                        Bus 1550                 1         -0.075452
1551                        Bus 1551           0.99951          0.051447
1552                        Bus 1552            1.0059           -0.1707
1553                        Bus 1553             1.003          -0.15551
1554                        Bus 1554           0.99974          -0.26759
1555                        Bus 1555           0.99977          -0.26741
1556                        Bus 1556           0.98987          -0.12219
1557                        Bus 1557           0.99808          -0.13508
1558                        Bus 1558           0.99641         -0.030893
1559                        Bus 1559           0.99637         -0.030897
1560                        Bus 1560           0.98734         -0.042395
1561                        Bus 1561           0.99983         -0.045783
1562                        Bus 1562           0.99357          -0.25251
1563                        Bus 1563           0.98945          -0.15938
1564                        Bus 1564           0.98927          -0.15974
1565                        Bus 1565            1.0017          -0.20486
1566                        Bus 1566                 1          -0.11219
1567                        Bus 1567           0.98457           -0.1039
1568                        Bus 1568           0.98593          -0.10109
1569                        Bus 1569           0.98459          -0.10382
1570                        Bus 1570           0.98594          -0.10106
1571                        Bus 1571            1.0089          -0.16429
1572                        Bus 1572           0.99983          -0.10227
1573                        Bus 1573           0.99942          -0.20651
1574                        Bus 1574           0.99038          -0.10498
1575                        Bus 1575           0.99577         -0.080575
1576                        Bus 1576           0.98986          -0.17237
1577                        Bus 1577           0.98062          -0.14627
1578                        Bus 1578           0.98929         -0.033412
1579                        Bus 1579           0.99311         -0.036038
1580                        Bus 1580           0.99941          -0.14855
1581                        Bus 1581           0.99941          -0.14855
1582                        Bus 1582           0.99708          -0.14018
1583                        Bus 1583            0.9943         -0.088681
1584                        Bus 1584           0.98112          -0.04086
1585                        Bus 1585           0.99338         -0.066037
1586                        Bus 1586           0.99665          -0.14036
1587                        Bus 1587                 1         -0.052034
1588                        Bus 1588           0.98668         -0.049136
1589                        Bus 1589           0.98716         -0.048686
1590                        Bus 1590           0.98668         -0.043903
1591                        Bus 1591            0.9991         -0.015798
1592                        Bus 1592           0.98732         -0.042591
1593                        Bus 1593           0.99716           -0.1395
1594                        Bus 1594           0.99656          -0.14058
1595                        Bus 1595           0.99155          -0.18873
1596                        Bus 1596            1.0049          -0.17046
1597                        Bus 1597            1.0054             -0.17
1598                        Bus 1598           0.99091         -0.013197
1599                        Bus 1599           0.99933          -0.15163
1600                        Bus 1600                 1         -0.073341
1601                        Bus 1601           0.99353         -0.055603
1602                        Bus 1602                 1          -0.28834
1603                        Bus 1603                 1          -0.31012
1604                        Bus 1604           0.99507          -0.31352
1605                        Bus 1605           0.99537          -0.31333
1606                        Bus 1606           0.99912          -0.74598
1607                        Bus 1607           0.99054          -0.50665
1608                        Bus 1608           0.99106           -0.8245
1609                        Bus 1609                 1          -0.81754
1610                        Bus 1610            1.0068          -0.59893
1611                        Bus 1611            1.0068          -0.59894
1612                        Bus 1612           0.99308          -0.83183
1613                        Bus 1613           0.99909          -0.88705
1614                        Bus 1614           0.99756          -0.75227
1615                        Bus 1615           0.96232          -0.84513
1616                        Bus 1616           0.97911          -0.84764
1617                        Bus 1617                 1          -0.53686
1618                        Bus 1618                 1          -0.53687
1619                        Bus 1619            1.0004           -0.5401
1620                        Bus 1620                 1           -0.5838
1621                        Bus 1621                 1           -0.5838
1622                        Bus 1622           0.99794          -0.75846
1623                        Bus 1623            1.0076           -0.5977
1624                        Bus 1624            1.0065          -0.59392
1625                        Bus 1625            1.0023          -0.77654
1626                        Bus 1626           0.99081          -0.73734
1627                        Bus 1627                 1           -0.8474
1628                        Bus 1628            1.0011          -0.71531
1629                        Bus 1629            1.0063          -0.78442
1630                        Bus 1630                 1          -0.50244
1631                        Bus 1631            1.0016          -0.59247
1632                        Bus 1632           0.99999            -0.758
1633                        Bus 1633            1.0017          -0.77969
1634                        Bus 1634           0.98241          -0.76092
1635                        Bus 1635                 1          -0.60398
1636                        Bus 1636                 1          -0.60398
1637                        Bus 1637           0.99404           -0.5815
1638                        Bus 1638                 1          -0.55055
1639                        Bus 1639           0.99731          -0.36899
1640                        Bus 1640           0.99288          -0.80017
1641                        Bus 1641           0.99594          -0.80513
1642                        Bus 1642            1.0328          -0.58119
1643                        Bus 1643            0.9983          -0.88907
1644                        Bus 1644           0.98118          -0.62892
1645                        Bus 1645            1.0067          -0.55688
1646                        Bus 1646            1.0004          -0.73224
1647                        Bus 1647            1.0011           -0.5923
1648                        Bus 1648            1.0011           -0.5923
1649                        Bus 1649            1.0341          -0.57846
1650                        Bus 1650            1.0142          -0.57579
1651                        Bus 1651                 1          -0.53451
1652                        Bus 1652           0.97512          -0.89462
1653                        Bus 1653           0.99959           -0.7468
1654                        Bus 1654           0.99201          -0.79975
1655                        Bus 1655            1.0037          -0.72176
1656                        Bus 1656           0.99873          -0.75007
1657                        Bus 1657           0.99824          -0.83398
1658                        Bus 1658           0.99195          -0.86264
1659                        Bus 1659            1.0037          -0.79421
1660                        Bus 1660            0.9911          -0.44757
1661                        Bus 1661           0.97118          -0.87691
1662                        Bus 1662           0.99287          -0.83324
1663                        Bus 1663           0.98065          -0.89335
1664                        Bus 1664                 1          -0.75712
1665                        Bus 1665                 1          -0.75712
1666                        Bus 1666           0.97867          -0.85039
1667                        Bus 1667           0.97837          -0.85559
1668                        Bus 1668           0.99434          -0.62528
1669                        Bus 1669                 1          -0.76647
1670                        Bus 1670                 1          -0.76647
1671                        Bus 1671            1.0032          -0.60519
1672                        Bus 1672            1.0007          -0.58222
1673                        Bus 1673                 1          -0.74687
1674                        Bus 1674                 1          -0.73384
1675                        Bus 1675           0.99743          -0.75774
1676                        Bus 1676           0.98908          -0.94322
1677                        Bus 1677            1.0066          -0.74347
1678                        Bus 1678           0.99341          -0.75439
1679                        Bus 1679                 1           -1.0457
1680                        Bus 1680            1.0003          -0.88178
1681                        Bus 1681            1.0003          -0.88185
1682                        Bus 1682           0.99589          -0.73523
1683                        Bus 1683                 1           -0.7545
1684                        Bus 1684           0.99999          -0.75455
1685                        Bus 1685                 1           -0.7636
1686                        Bus 1686                 1          -0.81151
1687                        Bus 1687           0.99208          -0.81795
1688                        Bus 1688           0.96773          -0.91391
1689                        Bus 1689           0.98947          -0.82034
1690                        Bus 1690           0.97618          -0.72938
1691                        Bus 1691           0.99372          -0.80837
1692                        Bus 1692            1.0327          -0.58177
1693                        Bus 1693           0.99605          -0.78186
1694                        Bus 1694            1.0019          -0.60737
1695                        Bus 1695            1.0019          -0.60737
1696                        Bus 1696           0.99418          -0.82151
1697                        Bus 1697           0.99497          -0.82053
1698                        Bus 1698                 1          -0.77953
1699                        Bus 1699           0.98403          -0.76194
1700                        Bus 1700                 1           -0.8004
1701                        Bus 1701           0.99427          -0.89217
1702                        Bus 1702           0.99072          -0.81912
1703                        Bus 1703           0.99439          -0.84544
1704                        Bus 1704            1.0137           -0.6498
1705                        Bus 1705           0.99982          -0.80301
1706                        Bus 1706                 1          -0.71836
1707                        Bus 1707           0.98997          -0.73767
1708                        Bus 1708           0.98797           -0.7409
1709                        Bus 1709            1.0006          -0.72197
1710                        Bus 1710                 1          -0.61512
1711                        Bus 1711            1.0017          -0.60557
1712                        Bus 1712                 1          -0.40415
1713                        Bus 1713                 1          -0.40415
1714                        Bus 1714           0.99787          -0.54491
1715                        Bus 1715           0.99873          -0.55656
1716                        Bus 1716           0.99854          -0.74883
1717                        Bus 1717                 1          -0.60105
1718                        Bus 1718                 1          -0.60105
1719                        Bus 1719                 1          -0.83473
1720                        Bus 1720            0.9992          -0.81336
1721                        Bus 1721           0.99932          -0.60646
1722                        Bus 1722           0.99981          -0.56397
1723                        Bus 1723            0.9988          -0.59796
1724                        Bus 1724            1.0022          -0.75372
1725                        Bus 1725            0.9982          -0.39208
1726                        Bus 1726                 1          -0.71928
1727                        Bus 1727           0.99782          -0.71396
1728                        Bus 1728                 1          -0.83519
1729                        Bus 1729            0.9919          -0.30188
1730                        Bus 1730                 1          -0.62136
1731                        Bus 1731           0.99931          -0.59634
1732                        Bus 1732                 1          -0.59288
1733                        Bus 1733           0.99672          -0.43089
1734                        Bus 1734                 1          -0.59975
1735                        Bus 1735                 1          -0.42403
1736                        Bus 1736            1.0002          -0.68943
1737                        Bus 1737           0.99178          -0.44654
1738                        Bus 1738           0.99913          -0.53829
1739                        Bus 1739                 1          -0.75842
1740                        Bus 1740           0.99505          -0.59463
1741                        Bus 1741            0.9955          -0.39465
1742                        Bus 1742                 1          -0.61831
1743                        Bus 1743           0.99999          -0.61832
1744                        Bus 1744           0.99948          -0.76075
1745                        Bus 1745           0.94711          -0.18972
1746                        Bus 1746           0.98204          -0.80893
1747                        Bus 1747           0.99618          -0.54686
1748                        Bus 1748           0.99685          -0.56851
1749                        Bus 1749                 1          -0.66697
1750                        Bus 1750           0.99807          -0.69222
1751                        Bus 1751           0.98669          -0.61822
1752                        Bus 1752            1.0152          -0.63353
1753                        Bus 1753           0.96068          -0.37228
1754                        Bus 1754           0.97715           -0.6369
1755                        Bus 1755           0.99639          -0.66285
1756                        Bus 1756           0.99558          -0.72089
1757                        Bus 1757           0.98608          -0.99593
1758                        Bus 1758                 1          -0.76622
1759                        Bus 1759           0.97253          -0.34912
1760                        Bus 1760                 1          -0.40457
1761                        Bus 1761                 1           -0.5439
1762                        Bus 1762            1.0017          -0.40372
1763                        Bus 1763                 1          -0.38109
1764                        Bus 1764                 1          -0.37725
1765                        Bus 1765           0.99887           -0.5388
1766                        Bus 1766           0.99223          -0.72276
1767                        Bus 1767           0.99825          -0.59883
1768                        Bus 1768                 1          -0.68946
1769                        Bus 1769            1.0007          -0.68968
1770                        Bus 1770           0.97768          -0.63645
1771                        Bus 1771           0.97821          -0.63727
1772                        Bus 1772           0.96203          -0.36928
1773                        Bus 1773           0.98108          -0.64328
1774                        Bus 1774           0.99117           -0.7379
1775                        Bus 1775            1.0014          -0.75554
1776                        Bus 1776            1.0014          -0.54671
1777                        Bus 1777            1.0014          -0.54669
1778                        Bus 1778            1.0031          -0.68289
1779                        Bus 1779           0.97556           -0.6396
1780                        Bus 1780            1.0003          -0.69776
1781                        Bus 1781           0.98541          -0.62326
1782                        Bus 1782            1.0064          -0.66561
1783                        Bus 1783            1.0064           -0.6655
1784                        Bus 1784            1.0011          -0.69221
1785                        Bus 1785           0.97779          -0.63674
1786                        Bus 1786           0.99153          -0.73685
1787                        Bus 1787           0.98195          -0.32146
1788                        Bus 1788                 1          -0.84989
1789                        Bus 1789           0.99635          -0.70672
1790                        Bus 1790           0.99635          -0.70679
1791                        Bus 1791           0.99115          -0.73789
1792                        Bus 1792            1.0009          -0.69068
1793                        Bus 1793                 1          -0.72668
1794                        Bus 1794            0.9929          -0.71872
1795                        Bus 1795            1.0002          -0.75856
1796                        Bus 1796           0.99304          -0.71815
1797                        Bus 1797           0.99231          -0.62747
1798                        Bus 1798            0.9923          -0.62747
1799                        Bus 1799                 1          -0.62018
1800                        Bus 1800           0.99473           -0.5495
1801                        Bus 1801           0.96976           -0.3543
1802                        Bus 1802           0.99405          -0.26124
1803                        Bus 1803           0.99405          -0.26125
1804                        Bus 1804           0.97087          -0.89083
1805                        Bus 1805           0.99036          -0.44884
1806                        Bus 1806           0.99946          -0.68854
1807                        Bus 1807                 1          -0.53447
1808                        Bus 1808            0.9995          -0.60106
1809                        Bus 1809           0.99582          -0.46135
1810                        Bus 1810           0.99907          -0.59102
1811                        Bus 1811           0.99907          -0.59102
1812                        Bus 1812             1.002          -0.59575
1813                        Bus 1813             1.002          -0.59575
1814                        Bus 1814            1.0053          -0.75556
1815                        Bus 1815            1.0053          -0.75559
1816                        Bus 1816            1.0047          -0.59983
1817                        Bus 1817           0.99759          -0.61023
1818                        Bus 1818            1.0039          -0.60207
1819                        Bus 1819            1.0022          -0.60423
1820                        Bus 1820             1.004          -0.76047
1821                        Bus 1821            0.9977           -0.8623
1822                        Bus 1822            1.0094          -0.75785
1823                        Bus 1823            1.0104           -0.7702
1824                        Bus 1824           0.99955          -0.74916
1825                        Bus 1825           0.99572           -0.6857
1826                        Bus 1826           0.99047            -0.827
1827                        Bus 1827           0.99954          -0.81064
1828                        Bus 1828            1.0003           -0.7754
1829                        Bus 1829           0.99934          -0.54425
1830                        Bus 1830            1.0003          -0.60043
1831                        Bus 1831            1.0004          -0.90801
1832                        Bus 1832            1.0043          -0.60288
1833                        Bus 1833            0.9863          -0.77978
1834                        Bus 1834           0.99961          -0.88345
1835                        Bus 1835           0.96538          -0.94096
1836                        Bus 1836           0.98085          -0.83806
1837                        Bus 1837           0.98913          -0.84175
1838                        Bus 1838           0.99981           -0.5997
1839                        Bus 1839            1.0067          -0.51156
1840                        Bus 1840            1.0067          -0.49809
1841                        Bus 1841           0.97348          -0.82996
1842                        Bus 1842           0.99218          -0.67361
1843                        Bus 1843           0.99301          -0.64717
1844                        Bus 1844                 1          -0.56373
1845                        Bus 1845                 1          -0.85857
1846                        Bus 1846            1.0093          -0.87227
1847                        Bus 1847            0.9997          -0.74102
1848                        Bus 1848            0.9796          -0.85075
1849                        Bus 1849           0.97962          -0.84626
1850                        Bus 1850           0.97296          -0.97355
1851                        Bus 1851                 1          -0.74687
1852                        Bus 1852           0.99985          -0.74507
1853                        Bus 1853           0.99217          -0.75348
1854                        Bus 1854           0.99931          -0.73609
1855                        Bus 1855           0.99826          -0.56714
1856                        Bus 1856           0.98033          -0.74804
1857                        Bus 1857            1.0075          -0.76131
1858                        Bus 1858           0.99841           -1.0562
1859                        Bus 1859           0.99884          -0.88585
1860                        Bus 1860           0.97526          -0.78614
1861                        Bus 1861           0.98394          -0.81684
1862                        Bus 1862           0.97451          -0.79408
1863                        Bus 1863           0.99623          -0.39055
1864                        Bus 1864           0.99463          -0.92181
1865                        Bus 1865             1.002          -0.59574
1866                        Bus 1866             1.002          -0.59575
1867                        Bus 1867           0.96332          -0.84361
1868                        Bus 1868           0.99614          -0.54905
1869                        Bus 1869           0.99597          -0.66217
1870                        Bus 1870                 1          -0.83775
1871                        Bus 1871                 1           -0.6047
1872                        Bus 1872            1.0003          -0.14196
1873                        Bus 1873           0.99592          -0.57272
1874                        Bus 1874                 1          -0.79956
1875                        Bus 1875                 1          -0.68638
1876                        Bus 1876           0.98976          -0.70426
1877                        Bus 1877            1.0016          -0.67989
1878                        Bus 1878           0.98798          -0.71114
1879                        Bus 1879           0.97166           -0.7365
1880                        Bus 1880            1.0065          -0.53118
1881                        Bus 1881            1.0123          -0.52609
1882                        Bus 1882                 1          -0.38998
1883                        Bus 1883                 1          -0.53746
1884                        Bus 1884            1.0013          -0.61424
1885                        Bus 1885             1.002          -0.60515
1886                        Bus 1886           0.99979          -0.59485
1887                        Bus 1887            1.0012          -0.59231
1888                        Bus 1888           0.99767          -0.41778
1889                        Bus 1889            1.0055            -0.598
1890                        Bus 1890            1.0055            -0.598
1891                        Bus 1891           0.99759          -0.54427
1892                        Bus 1892           0.99759          -0.54429
1893                        Bus 1893           0.99888          -0.73796
1894                        Bus 1894                 1          -0.75927
1895                        Bus 1895                 1          -0.80031
1896                        Bus 1896            1.0037          -0.60442
1897                        Bus 1897            1.0008           -0.5844
1898                        Bus 1898            1.0058          -0.59781
1899                        Bus 1899            1.0058          -0.59781
1900                        Bus 1900           0.99978          -0.79702
1901                        Bus 1901           0.99984           -0.7371
1902                        Bus 1902            1.0035          -0.78553
1903                        Bus 1903            1.0013          -0.78837
1904                        Bus 1904                 1          -0.87986
1905                        Bus 1905           0.89378          -0.82087
1906                        Bus 1906             1.007          -0.74315
1907                        Bus 1907             1.007          -0.74308
1908                        Bus 1908           0.97821          -0.63595
1909                        Bus 1909            1.0016          -0.68903
1910                        Bus 1910            1.0028          -0.77837
1911                        Bus 1911           0.99925          -0.76165
1912                        Bus 1912            0.9888          -0.89707
1913                        Bus 1913            0.9859          -0.87366
1914                        Bus 1914           0.98317          -0.81837
1915                        Bus 1915           0.98317          -0.81838
1916                        Bus 1916           0.99999          -0.53192
1917                        Bus 1917           0.99735          -0.75651
1918                        Bus 1918                 1          -0.74471
1919                        Bus 1919            1.0016          -0.68902
1920                        Bus 1920           0.97823          -0.63594
1921                        Bus 1921                 1          -0.88597
1922                        Bus 1922           0.99997          -0.88602
1923                        Bus 1923           0.99739            -0.751
1924                        Bus 1924           0.99932          -0.73733
1925                        Bus 1925            1.0071           -0.7245
1926                        Bus 1926           0.99659          -0.75144
1927                        Bus 1927           0.99932          -0.79984
1928                        Bus 1928             1.005          -0.74623
1929                        Bus 1929            1.0015          -0.74723
1930                        Bus 1930            1.0075          -0.58861
1931                        Bus 1931            1.0067          -0.58112
1932                        Bus 1932                 1          -0.55178
1933                        Bus 1933            1.0001          -0.73597
1934                        Bus 1934            1.0035          -0.59666
1935                        Bus 1935           0.98568          -0.72467
1936                        Bus 1936           0.99832          -0.55176
1937                        Bus 1937           0.99143          -0.58487
1938                        Bus 1938              1.01          -0.56446
1939                        Bus 1939           0.98408          -0.86014
1940                        Bus 1940                 1          -0.78571
1941                        Bus 1941           0.97653          -0.57429
1942                        Bus 1942            1.0007          -0.54636
1943                        Bus 1943           0.99762          -0.43048
1944                        Bus 1944           0.96375          -0.95617
1945                        Bus 1945           0.98484          -0.96609
1946                        Bus 1946           0.96662          -0.83424
1947                        Bus 1947                 1          -0.58312
1948                        Bus 1948                 1          -0.58311
1949                        Bus 1949           0.99992          -0.58579
1950                        Bus 1950           0.99009          -0.81926
1951                        Bus 1951           0.99163          -0.83806
1952                        Bus 1952           0.98902          -0.79824
1953                        Bus 1953           0.98731          -0.80241
1954                        Bus 1954           0.99816          -0.60576
1955                        Bus 1955            1.0232          -0.59166
1956                        Bus 1956            1.0232          -0.59167
1957                        Bus 1957            1.0049          -0.60244
1958                        Bus 1958            1.0049          -0.60244
1959                        Bus 1959            1.0029          -0.75013
1960                        Bus 1960                 1          -0.88316
1961                        Bus 1961                 1          -0.59544
1962                        Bus 1962                 1          -0.83238
1963                        Bus 1963            1.0001          -0.60975
1964                        Bus 1964                 1          -0.43677
1965                        Bus 1965           0.98975          -0.78823
1966                        Bus 1966                 1          -0.58301
1967                        Bus 1967            1.0026          -0.60044
1968                        Bus 1968           0.98492            -0.762
1969                        Bus 1969            1.0003          -0.75897
1970                        Bus 1970                 1          -0.81956
1971                        Bus 1971           0.97532          -0.67152
1972                        Bus 1972            1.0119          -0.56283
1973                        Bus 1973            0.9987          -0.61195
1974                        Bus 1974                 1          -0.80651
1975                        Bus 1975           0.98033          -0.83149
1976                        Bus 1976                 1          -0.80913
1977                        Bus 1977                 1          -0.58135
1978                        Bus 1978           0.99436          -0.64361
1979                        Bus 1979           0.99055          -0.61396
1980                        Bus 1980            1.0034          -0.59263
1981                        Bus 1981           0.99903          -0.60969
1982                        Bus 1982           0.99903          -0.60969
1983                        Bus 1983           0.98335          -0.83845
1984                        Bus 1984            1.0001          -0.53726
1985                        Bus 1985            1.0007          -0.80491
1986                        Bus 1986           0.99082           -0.7538
1987                        Bus 1987            1.0082          -0.59618
1988                        Bus 1988            1.0074          -0.58152
1989                        Bus 1989           0.96603          -0.97558
1990                        Bus 1990            1.0042          -0.54278
1991                        Bus 1991            0.9686          -0.97504
1992                        Bus 1992            0.9948          -0.88492
1993                        Bus 1993                 1          -0.44501
1994                        Bus 1994           0.98825          -0.58352
1995                        Bus 1995                 1          -0.88063
1996                        Bus 1996                 1           -0.7902
1997                        Bus 1997           0.99928          -0.88299
1998                        Bus 1998                 1           -1.0536
1999                        Bus 1999           0.99676          -0.79206
2000                        Bus 2000            1.0098          -0.56274
2001                        Bus 2001           0.99832          -0.29924
2002                        Bus 2002           0.99791          -0.81912
2003                        Bus 2003           0.99939          -0.48948
2004                        Bus 2004           0.99486           -0.4942
2005                        Bus 2005           0.99917          -0.48993
2006                        Bus 2006           0.99545          -0.49341
2007                        Bus 2007           0.99935          -0.48978
2008                        Bus 2008            0.9905          -0.49881
2009                        Bus 2009           0.99944           -0.4898
2010                        Bus 2010                 1          -0.48887
2011                        Bus 2011           0.99998          -0.48891
2012                        Bus 2012           0.99799          -0.88764
2013                        Bus 2013           0.99319          -0.61572
2014                        Bus 2014            1.0071          -0.59699
2015                        Bus 2015            0.9811          -0.81164
2016                        Bus 2016           0.99933          -0.39087
2017                        Bus 2017                 1          -0.40415
2018                        Bus 2018           0.99969          -0.74791
2019                        Bus 2019           0.99969          -0.74791
2020                        Bus 2020           0.99785          -0.77574
2021                        Bus 2021                 1          -0.54063
2022                        Bus 2022                 1          -0.54672
2023                        Bus 2023           0.99632          -0.33606
2024                        Bus 2024           0.99664          -0.89201
2025                        Bus 2025                 1          -0.58169
2026                        Bus 2026                 1          -0.58167
2027                        Bus 2027                 1          -0.59288
2028                        Bus 2028            1.0007          -0.59305
2029                        Bus 2029           0.99283          -0.68759
2030                        Bus 2030            1.0002          -0.54067
2031                        Bus 2031                 1          -0.53687
2032                        Bus 2032           0.97951          -0.82174
2033                        Bus 2033                 1          -0.56633
2034                        Bus 2034                 1          -0.53987
2035                        Bus 2035            1.0056          -0.53773
2036                        Bus 2036                 1          -0.56719
2037                        Bus 2037           0.99998          -0.56717
2038                        Bus 2038            0.9888           -0.8326
2039                        Bus 2039           0.99902          -0.56974
2040                        Bus 2040           0.99847          -0.54388
2041                        Bus 2041           0.99628          -0.54656
2042                        Bus 2042           0.99581          -0.56962
2043                        Bus 2043            0.9563          -0.17948
2044                        Bus 2044           0.99864           -0.5511
2045                        Bus 2045            0.9917          -0.58429
2046                        Bus 2046                 1          -0.75297
2047                        Bus 2047           0.97691          -0.74105
2048                        Bus 2048           0.98075          -0.78194
2049                        Bus 2049           0.96527          -0.97289
2050                        Bus 2050            1.0007           -0.5392
2051                        Bus 2051            1.0047          -0.54217
2052                        Bus 2052            0.9845          -0.59459
2053                        Bus 2053           0.99349          -0.57256
2054                        Bus 2054           0.99288          -0.67167
2055                        Bus 2055           0.99656          -0.56992
2056                        Bus 2056           0.99794          -0.54478
2057                        Bus 2057           0.98435           -0.5949
2058                        Bus 2058           0.99866          -0.54226
2059                        Bus 2059             1.001          -0.58155
2060                        Bus 2060            1.0037          -0.60442
2061                        Bus 2061           0.99893           -0.6067
2062                        Bus 2062           0.98948          -0.82035
2063                        Bus 2063            1.0002           -0.5373
2064                        Bus 2064           0.99498          -0.59459
2065                        Bus 2065           0.99991          -0.68809
2066                        Bus 2066           0.97847          -0.63702
2067                        Bus 2067            1.0003          -0.69776
2068                        Bus 2068            1.0051          -0.59878
2069                        Bus 2069            1.0003          -0.75357
2070                        Bus 2070           0.99936          -0.55987
2071                        Bus 2071           0.98253          -0.84109
2072                        Bus 2072           0.98684          -0.61813
2073                        Bus 2073           0.99985          -0.79714
2074                        Bus 2074           0.99119          -0.61299
2075                        Bus 2075           0.99822          -0.79359
2076                        Bus 2076           0.99769          -0.75374
2077                        Bus 2077            1.0035          -0.59266
2078                        Bus 2078           0.99341          -0.86788
2079                        Bus 2079            1.0061          -0.53902
2080                        Bus 2080                 1          -0.88393
2081                        Bus 2081           0.99769          -0.75374
2082                        Bus 2082           0.99399          -0.54978
2083                        Bus 2083           0.99895          -0.14816
2084                        Bus 2084             1.001          -0.77865
2085                        Bus 2085                 1          -0.82353
2086                        Bus 2086            0.9798          -0.88577
2087                        Bus 2087            0.9956          -0.83809
2088                        Bus 2088                 1          -0.25488
2089                        Bus 2089           0.99998          -0.25486
2090                        Bus 2090            1.0114          -0.56265
2091                        Bus 2091            1.0114           -0.5627
2092                        Bus 2092            0.9966          -0.25872
2093                        Bus 2093           0.98302          -0.81488
2094                        Bus 2094           0.99281           -0.8684
2095                        Bus 2095           0.99819            -0.743
2096                        Bus 2096           0.98812          -0.89548
2097                        Bus 2097             1.001          -0.78024
2098                        Bus 2098           0.99851          -0.77986
2099                        Bus 2099                 1          -0.78091
2100                        Bus 2100            1.0017          -0.52538
2101                        Bus 2101           0.99433          -0.62814
2102                        Bus 2102           0.98363          -0.84122
2103                        Bus 2103           0.99977           -0.3132
2104                        Bus 2104           0.99448          -0.82789
2105                        Bus 2105           0.98471          -0.56361
2106                        Bus 2106                 1          -0.83796
2107                        Bus 2107                 1          -0.71153
2108                        Bus 2108                 1          -0.58805
2109                        Bus 2109                 1          -0.58805
2110                        Bus 2110           0.99716          -0.62106
2111                        Bus 2111            1.0022          -0.60523
2112                        Bus 2112            1.0019           -0.7161
2113                        Bus 2113           0.99205          -0.73559
2114                        Bus 2114           0.99569          -0.58167
2115                        Bus 2115                 1          -0.88394
2116                        Bus 2116            1.0016          -0.64216
2117                        Bus 2117           0.99218          -0.69424
2118                        Bus 2118           0.99854           -0.6299
2119                        Bus 2119                 1           -0.6167
2120                        Bus 2120           0.99583          -0.67317
2121                        Bus 2121                 1          -0.71277
2122                        Bus 2122                 1          -0.71279
2123                        Bus 2123            0.9983          -0.62083
2124                        Bus 2124           0.96875          -0.67153
2125                        Bus 2125            1.0483          -0.61947
2126                        Bus 2126           0.99908          -0.62314
2127                        Bus 2127                 1          -0.69862
2128                        Bus 2128           0.99992          -0.64872
2129                        Bus 2129           0.97114          -0.67093
2130                        Bus 2130           0.93491          -0.72758
2131                        Bus 2131           0.99594          -0.62863
2132                        Bus 2132           0.99959          -0.61981
2133                        Bus 2133            1.0089          -0.62441
2134                        Bus 2134            1.0089          -0.62436
2135                        Bus 2135           0.99804          -0.72769
2136                        Bus 2136           0.99757          -0.66945
2137                        Bus 2137           0.93841          -0.72119
2138                        Bus 2138                 1          -0.63117
2139                        Bus 2139                 1          -0.63116
2140                        Bus 2140                 1          -0.65687
2141                        Bus 2141           0.97976          -0.64081
2142                        Bus 2142           0.93925          -0.72006
2143                        Bus 2143            1.0019          -0.60175
2144                        Bus 2144           0.98908          -0.75391
2145                        Bus 2145           0.99092          -0.75081
2146                        Bus 2146           0.93042          -0.73182
2147                        Bus 2147           0.99962           -0.6432
2148                        Bus 2148           0.98664          -0.85009
2149                        Bus 2149           0.96088          -0.78613
2150                        Bus 2150            1.0207          -0.68119
2151                        Bus 2151           0.99997          -0.72438
2152                        Bus 2152            1.0003          -0.66042
2153                        Bus 2153                 1          -0.85699
2154                        Bus 2154           0.99404          -0.64757
2155                        Bus 2155           0.99772          -0.60467
2156                        Bus 2156           0.99987          -0.72772
2157                        Bus 2157            1.0146          -0.69315
2158                        Bus 2158            1.0145          -0.69322
2159                        Bus 2159                 1          -0.70796
2160                        Bus 2160           0.99509          -0.71014
2161                        Bus 2161           0.99887          -0.71096
2162                        Bus 2162           0.99974          -0.61749
2163                        Bus 2163            1.0016          -0.61498
2164                        Bus 2164                 1          -0.72398
2165                        Bus 2165            1.0023           -0.6379
2166                        Bus 2166            1.0056          -0.63808
2167                        Bus 2167                 1          -0.64377
2168                        Bus 2168                 1          -0.64638
2169                        Bus 2169            1.0001          -0.64462
2170                        Bus 2170           0.99343           -0.6639
2171                        Bus 2171                 1          -0.64364
2172                        Bus 2172           0.99104          -0.64616
2173                        Bus 2173           0.99104          -0.64612
2174                        Bus 2174           0.99795           -0.6518
2175                        Bus 2175            1.0002          -0.64186
2176                        Bus 2176           0.99197          -0.58624
2177                        Bus 2177           0.98511           -0.6297
2178                        Bus 2178           0.99603          -0.73018
2179                        Bus 2179           0.98967          -0.64978
2180                        Bus 2180           0.99078          -0.64663
2181                        Bus 2181                 1          -0.64738
2182                        Bus 2182           0.99977          -0.64738
2183                        Bus 2183           0.99559          -0.68024
2184                        Bus 2184           0.99966             -0.64
2185                        Bus 2185           0.99978          -0.64258
2186                        Bus 2186            1.0031          -0.63664
2187                        Bus 2187            1.0128          -0.56942
2188                        Bus 2188            1.0032          -0.63663
2189                        Bus 2189           0.92996          -0.73286
2190                        Bus 2190           0.99045          -0.70438
2191                        Bus 2191           0.97788          -0.66883
2192                        Bus 2192           0.99814          -0.57065
2193                        Bus 2193           0.98187          -0.65991
2194                        Bus 2194                 1          -0.62449
2195                        Bus 2195            1.0016          -0.61496
2196                        Bus 2196            1.0016          -0.61497
2197                        Bus 2197                 1          -0.54585
2198                        Bus 2198            1.0015          -0.63815
2199                        Bus 2199           0.99647          -0.72192
2200                        Bus 2200           0.99282          -0.64127
2201                        Bus 2201           0.99721          -0.59986
2202                        Bus 2202           0.99721          -0.59985
2203                        Bus 2203           0.97063          -0.73469
2204                        Bus 2204                 1           -0.6393
2205                        Bus 2205           0.97753           -0.7001
2206                        Bus 2206           0.98983          -0.66261
2207                        Bus 2207           0.99667          -0.73501
2208                        Bus 2208           0.99209          -0.64446
2209                        Bus 2209           0.99739          -0.73303
2210                        Bus 2210           0.99691          -0.64503
2211                        Bus 2211            1.0053           -0.7055
2212                        Bus 2212           0.99558          -0.64092
2213                        Bus 2213                 1          -0.69822
2214                        Bus 2214            1.0062          -0.70443
2215                        Bus 2215           0.99956          -0.57554
2216                        Bus 2216            0.9963          -0.70671
2217                        Bus 2217                 1           -0.5764
2218                        Bus 2218                 1          -0.70943
2219                        Bus 2219           0.99212          -0.69623
2220                        Bus 2220            1.0003          -0.61658
2221                        Bus 2221                 1          -0.67101
2222                        Bus 2222           0.99363          -0.63643
2223                        Bus 2223           0.99713          -0.67366
2224                        Bus 2224            1.0019          -0.70787
2225                        Bus 2225                 1          -0.60475
2226                        Bus 2226           0.98964          -0.56204
2227                        Bus 2227           0.99803          -0.64391
2228                        Bus 2228           0.97803          -0.66943
2229                        Bus 2229            1.0383            -0.648
2230                        Bus 2230            1.0388          -0.64581
2231                        Bus 2231            0.9807          -0.68085
2232                        Bus 2232           0.98227           -0.6326
2233                        Bus 2233            1.0016          -0.63971
2234                        Bus 2234                 1          -0.58927
2235                        Bus 2235           0.99718          -0.67831
2236                        Bus 2236           0.98012          -0.67957
2237                        Bus 2237                 1           -0.5743
2238                        Bus 2238           0.99894          -0.71109
2239                        Bus 2239           0.99676          -0.70663
2240                        Bus 2240            0.9873          -0.67951
2241                        Bus 2241           0.98494           -0.6775
2242                        Bus 2242           0.99168          -0.69098
2243                        Bus 2243           0.99904          -0.64593
2244                        Bus 2244           0.98836          -0.57177
2245                        Bus 2245            0.9937          -0.70577
2246                        Bus 2246           0.99451          -0.67431
2247                        Bus 2247           0.99565          -0.58106
2248                        Bus 2248                 1          -0.65796
2249                        Bus 2249           0.98465          -0.63621
2250                        Bus 2250           0.96792          -0.67664
2251                        Bus 2251           0.99494          -0.69267
2252                        Bus 2252             0.996          -0.62406
2253                        Bus 2253           0.99748          -0.56625
2254                        Bus 2254           0.99931          -0.70955
2255                        Bus 2255           0.99397          -0.64133
2256                        Bus 2256           0.99186          -0.66058
2257                        Bus 2257            1.0066          -0.63287
2258                        Bus 2258            1.0066          -0.63279
2259                        Bus 2259            1.0015           -0.6399
2260                        Bus 2260            1.0039          -0.63283
2261                        Bus 2261            1.0038          -0.63282
2262                        Bus 2262            0.9924          -0.63921
2263                        Bus 2263           0.99995          -0.64569
2264                        Bus 2264           0.99818          -0.64277
2265                        Bus 2265            1.0619          -0.58709
2266                        Bus 2266             1.003          -0.63392
2267                        Bus 2267           0.98673          -0.66435
2268                        Bus 2268                 1          -0.72189
2269                        Bus 2269            1.0044          -0.63649
2270                        Bus 2270           0.99876          -0.64086
2271                        Bus 2271                 1           -0.6414
2272                        Bus 2272                 1           -0.6381
2273                        Bus 2273                 1          -0.56198
2274                        Bus 2274           0.99997          -0.56196
2275                        Bus 2275           0.99647          -0.65378
2276                        Bus 2276           0.98271          -0.65351
2277                        Bus 2277           0.99599          -0.73425
2278                        Bus 2278                 1          -0.56567
2279                        Bus 2279           0.99105          -0.70451
2280                        Bus 2280           0.99104          -0.70449
2281                        Bus 2281           0.98311          -0.67891
2282                        Bus 2282            1.0023          -0.64899
2283                        Bus 2283           0.99062          -0.66335
2284                        Bus 2284           0.99963          -0.70371
2285                        Bus 2285           0.98673          -0.71251
2286                        Bus 2286           0.99949           -0.6431
2287                        Bus 2287           0.99462          -0.65462
2288                        Bus 2288           0.98265          -0.66163
2289                        Bus 2289            0.9906          -0.57488
2290                        Bus 2290                 1          -0.68126
2291                        Bus 2291           0.95865          -0.69908
2292                        Bus 2292           0.96829          -0.66015
2293                        Bus 2293                 1          -0.66054
2294                        Bus 2294                 1          -0.61435
2295                        Bus 2295           0.99551          -0.65209
2296                        Bus 2296                 1          -0.63746
2297                        Bus 2297            1.0055          -0.63827
2298                        Bus 2298                 1          -0.71397
2299                        Bus 2299           0.98962          -0.65098
2300                        Bus 2300            1.0164          -0.62314
2301                        Bus 2301           0.99842          -0.71228
2302                        Bus 2302            1.0016            -0.615
2303                        Bus 2303           0.99484          -0.65123
2304                        Bus 2304            1.0051          -0.62912
2305                        Bus 2305           0.95957          -0.69584
2306                        Bus 2306           0.99611          -0.62701
2307                        Bus 2307                 1           -0.6451
2308                        Bus 2308           0.96497          -0.67062
2309                        Bus 2309            1.0005          -0.64282
2310                        Bus 2310           0.99315          -0.57016
2311                        Bus 2311           0.99757          -0.62146
2312                        Bus 2312           0.96011          -0.78746
2313                        Bus 2313           0.96156           -0.7839
2314                        Bus 2314           0.98712           -0.7126
2315                        Bus 2315           0.99316          -0.72425
2316                        Bus 2316           0.96047          -0.69224
2317                        Bus 2317           0.99406          -0.73372
2318                        Bus 2318           0.99856          -0.71748
2319                        Bus 2319           0.97032          -0.81252
2320                        Bus 2320           0.96318          -0.74345
2321                        Bus 2321           0.99756           -0.7236
2322                        Bus 2322            1.0039          -0.71232
2323                        Bus 2323                 1          -0.72392
2324                        Bus 2324           0.99838          -0.64774
2325                        Bus 2325           0.99979          -0.64258
2326                        Bus 2326           0.98964          -0.66604
2327                        Bus 2327           0.99765          -0.66187
2328                        Bus 2328                 1          -0.73289
2329                        Bus 2329           0.99789          -0.72715
2330                        Bus 2330                 1          -0.65488
2331                        Bus 2331           0.97429          -0.62942
2332                        Bus 2332           0.99086          -0.64647
2333                        Bus 2333           0.99708          -0.47003
2334                        Bus 2334           0.98145          -0.68064
2335                        Bus 2335           0.98042          -0.67641
2336                        Bus 2336                 1          -0.61539
2337                        Bus 2337            1.0061          -0.62833
2338                        Bus 2338           0.98496          -0.67673
2339                        Bus 2339                 1          -0.64737
2340                        Bus 2340                 1          -0.64733
2341                        Bus 2341           0.99133           -0.6457
2342                        Bus 2342           0.99534          -0.65248
2343                        Bus 2343           0.99623          -0.65093
2344                        Bus 2344           0.98446          -0.66153
2345                        Bus 2345           0.97827          -0.65769
2346                        Bus 2346            0.9839          -0.57651
2347                        Bus 2347           0.99436          -0.65345
2348                        Bus 2348           0.95888          -0.70604
2349                        Bus 2349           0.99843           -0.6588
2350                        Bus 2350           0.99346          -0.73714
2351                        Bus 2351            1.0036          -0.71983
2352                        Bus 2352           0.99149          -0.62266
2353                        Bus 2353            1.0376          -0.61238
2354                        Bus 2354            1.0322          -0.61177
2355                        Bus 2355            1.0479          -0.63006
2356                        Bus 2356            0.9887          -0.65805
2357                        Bus 2357            1.0019          -0.60048
2358                        Bus 2358            1.0019          -0.60049
2359                        Bus 2359           0.98885          -0.66276
2360                        Bus 2360           0.99457          -0.60822
2361                        Bus 2361                 1          -0.60205
2362                        Bus 2362           0.99997          -0.60209
2363                        Bus 2363           0.99495           -0.6086
2364                        Bus 2364           0.99032          -0.66633
2365                        Bus 2365            1.0002          -0.64826
2366                        Bus 2366             0.996          -0.73423
2367                        Bus 2367           0.99034          -0.66629
2368                        Bus 2368           0.99979          -0.61723
2369                        Bus 2369           0.99989          -0.61682
2370                        Bus 2370           0.99908          -0.64797
2371                        Bus 2371           0.99892          -0.64556
2372                        Bus 2372                 1          -0.60208
2373                        Bus 2373           0.99999          -0.60212
2374                        Bus 2374           0.98675          -0.84992
2375                        Bus 2375           0.99933          -0.70929
2376                        Bus 2376                 1          -0.59681
2377                        Bus 2377            1.0627          -0.58511
2378                        Bus 2378            1.0627          -0.58508
2379                        Bus 2379                 1          -0.67622
2380                        Bus 2380                 1          -0.68533
2381                        Bus 2381                 1          -0.68533
2382                        Bus 2382           0.99702          -0.69213
2383                        Bus 2383           0.98225          -0.61584

LINE DATA:
                           Line Name     Fr. Bus (idx)      To Bus (idx)       P From (pu)       Q From (pu)         P To (pu)         Q To (pu)

Line_1                     Line 16-1                16                 1           0.93322           0.17783          -0.93181          -0.18537
Line_2                    Line 355-1               355                 1          -0.93039          -0.12526           0.93181           0.18537
Line_3                     Line 17-2                17                 2            1.5706           0.26029           -1.5666           -0.2487
Line_4                    Line 354-2               354                 2           -1.5626         -0.080516            1.5666            0.2487
Line_5                     Line 10-3                10                 3             1.515           0.22318           -1.4896          -0.15438
Line_6                    Line 219-3               219                 3          -0.54424          -0.16047           0.54482           0.18423
Line_7                    Line 220-3               220                 3          -0.94321          0.094028           0.94478          -0.02985
Line_8                      Line 7-4                 7                 4           -2.4357           0.72267            2.5526          -0.18009
Line_9                     Line 11-4                11                 4             1.805           0.12019           -1.7949         -0.088366
Line_10                    Line 14-4                14                 4            2.0286          -0.15512           -2.0092           0.25005
Line_11                    Line 16-4                16                 4            2.2888           0.31783           -2.2411         -0.046009
Line_12                    Line 22-4                22                 4           -1.6486           0.48031            1.6732          -0.39205
Line_13                   Line 245-4               245                 4           -1.1744          -0.23193             1.177           0.34283
Line_14                   Line 246-4               246                 4          -0.64168         -0.082231           0.64243           0.11364
Line_15                     Line 5-6                 5                 6           -3.5171           -0.6112            3.5263             1.048
Line_16                     Line 7-5                 7                 5           -1.3154          -0.18752            1.3252           0.20291
Line_17                    Line 10-5                10                 5          -0.22492           0.08924           0.22609          -0.24321
Line_18                   Line 309-5               309                 5          -0.97728          -0.32634           0.97919           0.40589
Line_19                   Line 309-5               309                 5          -0.98491          -0.17243           0.98667           0.24562
Line_20                     Line 6-8                 6                 8           -5.0166         -0.030834            5.0465          0.060388
Line_21                     Line 6-9                 6                 9            1.5064          -0.32479           -1.4992          -0.44808
Line_22                    Line 15-6                15                 6          -0.90978          -0.99664           0.91363           0.17879
Line_23                    Line 31-6                31                 6            3.7763            1.3756           -3.7512           -1.5154
Line_24                   Line 310-6               310                 6           -2.8083         -0.095796            2.8216           0.64429
Line_25                    Line 12-7                12                 7          -0.53039         -0.024092           0.53407          -0.08048
Line_26                    Line 13-7                13                 7          0.025761           0.24546         -0.025618          -0.26568
Line_27                    Line 19-7                19                 7          -0.58816           0.19338           0.59053          -0.23334
Line_28                    Line 21-7                21                 7           -1.3255           0.41615            1.3275          -0.41326
Line_29                    Line 29-7                29                 7             1.719           0.16321           -1.6808         -0.064006
Line_30                   Line 321-7               321                 7           -1.6157         0.0017061            1.6168          0.092311
Line_31                   Line 322-7               322                 7           -1.3849          -0.27697            1.3886           0.42931
Line_32                    Line 8-18                 8                18           -5.0465         -0.060388            5.1365           0.12586
Line_33                   Line 332-9               332                 9           -1.4969          -0.29118            1.4992           0.44808
Line_34                  Line 171-10               171                10           -1.4956         -0.018407            1.5291           0.11044
Line_35                  Line 346-10               346                10         -0.090166         -0.076207          0.090184          0.077171
Line_36                  Line 347-10               347                10          -0.96704           -0.2847           0.96836           0.35758
Line_37                   Line 16-11                16                11            3.1252           0.35407           -3.0687         -0.035615
Line_38                   Line 17-11                17                11            3.5181           0.34999           -3.4467          0.071491
Line_39                  Line 111-11               111                11           -2.1716           0.91672            2.2319          -0.65948
Line_40                  Line 352-11               352                11           -1.4576         -0.038122            1.4613           0.19617
Line_41                  Line 353-11               353                11           -1.0152          -0.22515            1.0172           0.30723
Line_42                  Line 140-12               140                12            0.8503           0.16265           -0.8388          -0.24457
Line_43                  Line 359-12               359                12          -0.92744         0.0065922           0.92888          0.054865
Line_44                  Line 360-12               360                12          -0.43991          -0.19679           0.44032            0.2138
Line_45                   Line 29-13                29                13            1.5895           0.10276           -1.5551         -0.032675
Line_46                  Line 365-13               365                13          -0.68881        -0.0096227           0.68965          0.044447
Line_47                  Line 366-13               366                13          -0.83835           0.31347           0.83969          -0.25723
Line_48                   Line 17-14                17                14            3.5203           0.74104           -3.4705          -0.41534
Line_49                  Line 367-14               367                14          -0.88976          -0.14372           0.89116           0.20416
Line_50                  Line 368-14               368                14          -0.54992          -0.33418           0.55069           0.36629
Line_51                   Line 18-15                18                15            6.9334            1.1529           -6.7509         -0.019841
Line_52                  Line 15-165                15               165            5.6508         -0.019587           -5.5771           0.30914
Line_53                  Line 374-15               374                15           -2.0014          -0.68398            2.0099            1.0361
Line_54                   Line 16-18                16                18          -0.55925           -2.1238            0.5612            2.2604
Line_55                   Line 16-73                16                73           0.86318          -0.29192           -0.8559           0.22953
Line_56                   Line 17-18                17                18          0.043235           -2.1423         -0.041376            2.2725
Line_57                   Line 17-74                17                74            1.3778          -0.25979           -1.3609            0.2867
Line_58                   Line 20-18                20                18           -5.1718          -0.34786            5.1889           0.16025
Line_59                   Line 75-18                75                18           -1.4319          -0.74222             1.437           0.21006
Line_60                   Line 18-76                18                76            2.0973           0.54909           -2.0905          -0.87422
Line_61                  Line 18-101                18               101            3.7167          0.019529           -3.6845          -0.32523
Line_62                  Line 124-19               124                19           0.59075          0.045178          -0.58448          -0.19155
Line_63                  Line 425-19               425                19           -1.1703            0.1005            1.1726        -0.0018266
Line_64                   Line 67-20                67                20           -2.7554           0.12445            2.7815          -0.70835
Line_65                  Line 447-20               447                20           -1.4139          -0.27407            1.4169           0.42343
Line_66                  Line 448-20               448                20          -0.97155          -0.53569            0.9734           0.63278
Line_67                  Line 502-21               502                21           -1.3222           0.56171            1.3255          -0.41615
Line_68                  Line 112-22               112                22           -1.2332             1.257            1.2478           -1.2036
Line_69                  Line 526-22               526                22          -0.48787          -0.48913           0.48877           0.52676
Line_70                  Line 527-22               527                22          0.088073          -0.19316         -0.087992           0.19654
Line_71                   Line 37-23                37                23          -0.27965         0.0060601           0.28062          -0.10401
Line_72                   Line 46-23                46                23           0.19731            0.1321          -0.19674          -0.20158
Line_73                   Line 53-23                53                23            1.0702          -0.22906           -1.0566           0.21211
Line_74                  Line 540-23               540                23          -0.97139          -0.02841           0.97276          0.093479
Line_75                   Line 54-24                54                24           0.50668         -0.059279          -0.50468         -0.012404
Line_76                  Line 545-24               545                24          -0.50429         0.0050128           0.50468          0.012404
Line_77                   Line 41-25                41                25           0.99384          0.011517          -0.98834         -0.033687
Line_78                   Line 53-25                53                25           -1.3493          0.012926            1.3577       -0.00072668
Line_79                   Line 54-25                54                25           0.98267           0.08189          -0.98249         -0.082615
Line_80                  Line 564-25               564                25          -0.61251         -0.086209           0.61313           0.11703
Line_81                   Line 38-26                38                26           0.71505         -0.019009          -0.71141         -0.031684
Line_82                  Line 568-26               568                26          -0.71064         0.0028698           0.71141          0.031684
Line_83                   Line 28-27                28                27           0.94992          -0.24399          -0.94992           0.24409
Line_84                   Line 33-27                33                27           -1.0584          -0.11795            1.0612            0.1139
Line_85                   Line 48-27                48                27           -1.4891           0.41814            1.5193          -0.35477
Line_86                   Line 27-74                27                74           -1.6306        -0.0032216            1.6613          0.099678
Line_87                   Line 47-28                47                28          -0.76811         0.0067337           0.76963         -0.022348
Line_88                   Line 28-88                28                88           -1.7195           0.26634            1.7666          -0.12019
Line_89                   Line 30-29                30                29           -0.1399        1.4968e-05            0.1399        -1.301e-05
Line_90                   Line 29-32                29                32           -3.8722           -2.3722            3.8801            2.8598
Line_91                   Line 45-29                45                29          -0.53374          0.044806           0.53533          -0.10009
Line_92                   Line 48-29                48                29         -0.041584          -0.27621          0.041944           0.21387
Line_93                  Line 613-29               613                29          -0.28667         -0.014115            0.2868          0.019715
Line_94                   Line 46-30                46                30          -0.53264          0.044193           0.53422         -0.099531
Line_95                   Line 49-30                49                30         -0.045499          -0.26155          0.045889           0.19549
Line_96                   Line 32-31                32                31           -7.1347           -4.1673            7.1347            4.1741
Line_97                   Line 39-31                39                31            1.1237           -0.8596           -1.1208           0.32738
Line_98                   Line 36-32                36                32           -3.2327           -1.5835            3.2545            1.3075
Line_99                  Line 615-33               615                33           -1.0565         -0.035756            1.0584           0.11795
Line_100                  Line 35-34                35                34           -1.5679           0.03524            1.5679         -0.034996
Line_101                  Line 34-51                34                51           -2.3225           0.67387            2.3294          -0.96379
Line_102                 Line 183-34               183                34          -0.75341        0.00041767           0.75466          -0.63888
Line_103                 Line 183-35               183                35          -0.74659       -0.00041767           0.74781          -0.63829
Line_104                 Line 617-35               617                35          -0.81869          -0.54097           0.82007           0.60305
Line_105                 Line 644-36               644                36           -1.6225          -0.60621            1.6273           0.82169
Line_106                 Line 645-36               645                36           -1.6002          -0.55352            1.6054           0.76179
Line_107                  Line 38-37                38                37           0.19643          -0.10195          -0.19643           0.10195
Line_108                 Line 663-37               663                37           -0.4757           0.12407           0.47608          -0.10801
Line_109                  Line 55-38                55                38           0.91422          -0.13388          -0.91148           0.12096
Line_110                  Line 40-39                40                39            1.9243          -0.43373           -1.9243           0.43413
Line_111                 Line 682-39               682                39          -0.79945           -0.3752           0.80062           0.42547
Line_112                  Line 44-40                44                40            3.7598           0.45197           -3.7439          -0.60455
Line_113                 Line 679-40               679                40           -1.8133          -0.75855            1.8196            1.0383
Line_114                  Line 42-41                42                41           -2.4597        0.00054847            2.4597        5.6586e-05
Line_115                  Line 41-43                41                43          -0.94267           -1.1286           0.94455            1.1985
Line_116                  Line 80-41                80                41           0.63226          -0.13563          -0.63074          0.052744
Line_117                  Line 47-42                47                42          -0.69251          -0.21527           0.69715             0.151
Line_118                  Line 54-42                54                42           -1.4894         -0.022611            1.4973          0.041658
Line_119                 Line 689-42               689                42          -0.84425         -0.011346           0.84529          0.060461
Line_120                  Line 44-43                44                43           -2.4388        0.00054128            2.4388        5.3563e-05
Line_121                  Line 99-43                99                43          -0.47583          -0.83925           0.47683           0.35128
Line_122                  Line 50-44                50                44           -2.5331          -0.24296            2.5392          0.021371
Line_123                  Line 46-45                46                45           0.33533           -0.1763          -0.33533           0.17631
Line_124                  Line 49-45                49                45           0.30889          -0.26923          -0.30733           0.18725
Line_125                 Line 706-47               706                47          -0.72864         -0.098918           0.72953           0.13767
Line_126                 Line 707-47               707                47          -0.73016         -0.032928           0.73108          0.070861
Line_127                  Line 49-48                49                48          -0.89364           0.33032           0.89364          -0.33023
Line_128                 Line 717-48               717                48          -0.63632          -0.15771           0.63706            0.1883
Line_129                 Line 716-49               716                49          -0.62961          -0.16993           0.63025           0.20047
Line_130                  Line 51-50                51                50           -3.5477           0.36927            3.5477          -0.36798
Line_131                  Line 98-50                98                50            1.0106          -0.79613           -1.0085            0.3773
Line_132                 Line 100-50               100                50            1.2693          -0.91638           -1.2613          -0.36925
Line_133                 Line 726-50               726                50           -1.2526          -0.48409            1.2553           0.60291
Line_134                 Line 727-51               727                51           -1.2157          -0.47907            1.2183           0.59453
Line_135                  Line 53-52                53                52           0.27907           0.21614          -0.27888          -0.22779
Line_136                 Line 754-52               754                52          -0.27866          -0.21877           0.27888           0.22779
Line_137                 Line 181-55               181                55              1.75          -0.12431            -1.706           0.25553
Line_138                 Line 778-55               778                55          -0.79076           0.16584           0.79181          -0.12165
Line_139                  Line 74-56                74                56            1.0104           0.43915           -1.0079          -0.44425
Line_140                 Line 796-56               796                56           -1.0054          -0.35887            1.0079           0.44425
Line_141                  Line 81-57                81                57           0.22985           0.10269           -0.2298           -0.1096
Line_142                  Line 80-58                80                58           0.21984          0.050925           -0.2198           -0.0579
Line_143                  Line 63-59                63                59           0.57184           0.20735          -0.57107          -0.22464
Line_144                  Line 82-59                82                59           0.15036         -0.090305          -0.15009         -0.023009
Line_145                 Line 821-59               821                59          -0.72019          -0.20473           0.72115           0.24765
Line_146                  Line 60-85                60                85          -0.55811          0.011981           0.56157         -0.077322
Line_147                 Line 104-60               104                60           0.98305         -0.074437          -0.97725          0.042165
Line_148                 Line 834-60               834                60          -0.82913           0.18855           0.83017          -0.13389
Line_149                 Line 836-60               836                60          -0.70331          -0.01356            0.7052           0.07974
Line_150                  Line 62-61                62                61           0.34474          -0.23233          -0.34474           0.23235
Line_151                  Line 64-61                64                61          -0.77283            0.1126           0.77602          -0.14757
Line_152                 Line 109-61               109                61              2.49          -0.15778           -2.4848            0.1868
Line_153                 Line 184-61               184                61           -2.0015           0.45607            2.0536          -0.27158
Line_154                  Line 82-62                82                62           -2.1325         -0.018384            2.1401          0.049242
Line_155                 Line 110-62               110                62              2.49          -0.15399           -2.4848           0.18309
Line_156                  Line 71-63                71                63           -1.8255           0.16539            1.8417          -0.10931
Line_157                  Line 91-63                91                63           -1.1839          0.026236            1.1904         -0.032867
Line_158                  Line 94-63                94                63           -1.8915           0.28952            1.8983          -0.26566
Line_159                  Line 96-63                96                63          -0.62077          0.099294           0.62409          -0.14344
Line_160                  Line 64-69                64                69            1.0669         -0.091931            -1.062          0.073379
Line_161                  Line 79-64                79                64           -1.6851           0.10057            1.6952         -0.070273
Line_162                  Line 93-64                93                64           -1.6119           0.24391            1.6168          -0.23271
Line_163                  Line 95-64                95                64           -0.5377          0.080888           0.54019          -0.12929
Line_164                  Line 90-65                90                65          -0.39237           0.10108           0.39372          -0.15754
Line_165                  Line 65-91                65                91          -0.52762           0.13734           0.52831          -0.15859
Line_166                  Line 66-67                66                67           -1.8983           -1.5963            1.9003            1.7349
Line_167                  Line 66-68                66                68           -1.4803           0.85476            1.4873          -0.83717
Line_168                 Line 152-66               152                66           -3.2594          0.076702            3.3785           0.74152
Line_169                 Line 138-67               138                67           -9.3562           -1.0972            9.5497            2.6611
Line_170                 Line 911-67               911                67            1.1082          -0.90199           -1.1046            1.0572
Line_171                 Line 912-67               912                67           0.69635          -0.92213          -0.69397            1.0271
Line_172                  Line 68-78                68                78          -0.95732            0.4342           0.96379          -0.45405
Line_173                 Line 978-68               978                68           0.24105          -0.22077          -0.24087           0.23117
Line_174                 Line 979-68               979                68           0.28927          -0.16121          -0.28911           0.17179
Line_175                  Line 83-69                83                69          0.058209           0.20091          -0.05814          -0.21802
Line_176                 Line 995-69               995                69           -1.0032         -0.070462            1.0047           0.14063
Line_177                 Line 996-69               996                69           -0.1154        -0.0005585           0.11542         0.0040099
Line_178                  Line 70-73                70                73           -1.4538          -0.33833             1.457           0.34333
Line_179                 Line 107-70               107                70           -1.4524          -0.33617            1.4538           0.33833
Line_180                  Line 72-71                72                71                 0                 0                 0                 0
Line_181                  Line 86-71                86                71          -0.89792            0.6132           0.89988           -0.6158
Line_182                Line 1059-71              1059                71           -0.5261          -0.24723           0.52662           0.27428
Line_183                Line 1060-71              1060                71           -0.3987           -0.1604           0.39902           0.17613
Line_184                  Line 73-75                73                75          -0.28905           -1.1194           0.29016            1.1631
Line_185                  Line 87-73                87                73           0.31365          -0.57978          -0.31202           0.54649
Line_186                  Line 74-76                74                76          -0.96969           -1.3862           0.97209            1.4726
Line_187                 Line 74-108                74               108          -0.34106           0.56068           0.34142          -0.56724
Line_188                  Line 76-75                76                75           -1.1418           0.42107            1.1418          -0.42092
Line_189                 Line 76-105                76               105            2.2602           -1.0194           -2.2463           0.41938
Line_190                  Line 84-77                84                77            1.1725         0.0063306           -1.1671         -0.015616
Line_191                  Line 85-77                85                77          0.011613           0.34141         -0.011381          -0.36242
Line_192                Line 1095-77              1095                77          -0.82818           -0.2513           0.82949           0.30693
Line_193                Line 1096-77              1096                77          -0.34878         -0.056021           0.34897          0.071102
Line_194                 Line 78-103                78               103           -1.8695           0.14012            1.8872         -0.079383
Line_195                Line 1106-78              1106                78          -0.90434          -0.24736           0.90568           0.31393
Line_196                  Line 88-79                88                79           -1.6762           0.13172            1.6851          -0.10057
Line_197                  Line 81-80                81                80          0.073494          0.038906         -0.073494         -0.038905
Line_198                  Line 80-96                80                96           -1.6107           0.33896            1.6546          -0.21365
Line_199                Line 1114-80              1114                80          -0.83082           0.26735           0.83205          -0.21534
Line_200                  Line 93-81                93                81            1.2757          -0.16318           -1.2467           0.19064
Line_201                Line 1115-81              1115                81          -0.94169           0.40276           0.94334          -0.33224
Line_202                Line 1138-82              1138                82          -0.97936          0.079575           0.98096         -0.010743
Line_203                Line 1139-82              1139                82          -0.99971         -0.047891            1.0012           0.11943
Line_204                  Line 84-83                84                83          -0.26856         3.046e-05           0.26856       -2.3247e-05
Line_205                 Line 103-83               103                83           -1.1343           0.15749            1.1384          -0.16734
Line_206                Line 1141-83              1141                83          -0.62434         -0.052261           0.62492          0.081554
Line_207                 Line 184-84               184                84           -1.1719           0.18861            1.1888          -0.20379
Line_208                Line 1192-84              1192                84         0.0006201         -0.013116       -0.00061975          0.016028
Line_209                  Line 86-85                86                85           0.36059       -2.9554e-05          -0.36059        4.2558e-05
Line_210                Line 1182-85              1182                85          -0.88587          0.023202            0.8875           0.05416
Line_211                 Line 86-108                86               108            1.0887          -0.22325           -1.0821           0.21257
Line_212                Line 1184-86              1184                86          -0.54816           0.06227           0.54872         -0.031229
Line_213                  Line 88-87                88                87          -0.09044         -0.011527           0.09044          0.011528
Line_214                  Line 94-87                94                87            1.7111         -0.085024           -1.6936           0.13595
Line_215                Line 1213-87              1213                87           -1.1764          -0.16854            1.1786           0.27011
Line_216                  Line 89-94                89                94          -0.49324          -0.12797           0.49477          0.065433
Line_217                 Line 102-89               102                89           0.16286              0.08          -0.16279          -0.10132
Line_218                Line 1217-89              1217                89          -0.65532          -0.19211           0.65603            0.2293
Line_219                 Line 104-90               104                90         -0.052468          0.024326          0.052492         -0.078969
Line_220                Line 1244-90              1244                90          -0.33971          0.033453           0.33988         -0.022113
Line_221                Line 1343-91              1343                91          -0.65494         -0.099034           0.65559           0.13236
Line_222                 Line 100-92               100                92             0.625          -0.12444          -0.62462           -0.1533
Line_223                 Line 92-106                92               106           -1.2176           -1.3416            1.2205            1.0846
Line_224                Line 1382-92              1382                92          -0.60502          -0.68256            0.6065            0.7502
Line_225                Line 1384-92              1384                92           -1.2324          -0.60221            1.2358           0.74466
Line_226                  Line 94-93                94                93          -0.31438          -0.26993           0.31438           0.26995
Line_227                Line 1418-93              1418                93             -1.12          0.021957            1.1219          0.065321
Line_228                  Line 96-95                96                95           -0.9349        -0.0029587            0.9349         0.0030461
Line_229                 Line 102-95               102                95          -0.63201          -0.11765            0.6339          0.091831
Line_230                Line 1426-96              1426                96          0.098954          -0.10927         -0.098921           0.11732
Line_231                Line 1427-97              1427                97          -0.78882          -0.23585            0.7891           0.24829
Line_232                  Line 99-98                99                98            1.9219            1.1359           -1.9219           -1.1354
Line_233                Line 1502-98              1502                98          -0.90496           -1.6399           0.91133            1.9315
Line_234                 Line 101-99               101                99            1.4529          -0.59074           -1.4461          -0.29664
Line_235                Line 101-100               101               100            1.8189         -0.060489           -1.8189          0.060829
Line_236               Line 1504-100              1504               100          0.076802          -0.91076         -0.075455           0.97999
Line_237               Line 1505-101              1505               101          -0.41088           -0.8956           0.41267           0.97646
Line_238               Line 1524-102              1524               102          -0.46878         -0.019711           0.46915          0.037655
Line_239                Line 104-103               104               103            1.2865       -4.5875e-05           -1.2865         0.0002114
Line_240                Line 103-106               103               106             2.082           -1.9205           -2.0774            2.1976
Line_241               Line 1536-103              1536               103           0.12923         -0.063141           -0.1292          0.066892
Line_242               Line 1538-104              1538               104           0.30404         -0.060925          -0.30388          0.070435
Line_243                Line 106-105               106               105           -2.5592           -2.7997            2.5592            2.8011
Line_244                Line 105-185               105               185            3.6493          -0.50933           -3.6243           0.26218
Line_245                Line 106-180               106               180            3.4161          -0.48246           -3.3985           0.25141
Line_246                Line 108-107               108               107           0.74072           0.35467          -0.74031          -0.35891
Line_247               Line 1552-107              1552               107           -1.1845           -0.3176            1.1868           0.42857
Line_248               Line 1553-107              1553               107           -1.0044          -0.19288            1.0059           0.26651
Line_249                Line 112-111               112               111            1.2332            -1.257           -1.2332            1.2573
Line_250                Line 123-111               123               111            -3.203           0.58743            3.2496          -0.29911
Line_251                Line 124-111               124               111           -3.0772           0.72369            3.1388          -0.44993
Line_252               Line 1603-111              1603               111           -0.3513         -0.040911           0.35151          0.048782
Line_253                Line 113-114               113               114          -0.33775          -0.30629            0.3388           0.25469
Line_254                Line 151-113               151               113           0.97408            0.1182          -0.97178          -0.12384
Line_255               Line 1623-113              1623               113          -0.67695          -0.24103            0.6778           0.28098
Line_256               Line 1624-113              1624               113          -0.63098          -0.11788           0.63174           0.14914
Line_257                Line 114-131               114               131           -1.1369          -0.51838            1.1464           0.51832
Line_258               Line 1647-114              1647               114          -0.79701          -0.21357           0.79814            0.2637
Line_259                Line 116-115               116               115             1.724           -1.0143            -1.724            1.0148
Line_260                Line 133-115               133               115            0.4387            1.4997          -0.42859           -2.0518
Line_261               Line 1649-115              1649               115           -2.1426          -0.63143            2.1526             1.037
Line_262                Line 138-116               138               116            3.8717         -0.083528           -3.8428         -0.024095
Line_263               Line 1650-116              1650               116           -2.1092          -0.64274            2.1189            1.0384
Line_264                Line 140-117               140               117            2.6811           0.15291           -2.6013            0.3087
Line_265                Line 143-117               143               117           -1.1497           0.43192            1.1553          -0.43069
Line_266               Line 1655-117              1655               117           -1.4426          0.025622             1.446           0.12199
Line_267                Line 119-118               119               118                 0                 0                 0                 0
Line_268                Line 126-118               126               118            1.7203           0.56881           -1.6988          -0.49848
Line_269                Line 142-118               142               118          -0.60613          -0.29138           0.60664            0.2853
Line_270               Line 1680-118              1680               118           -1.0901           -0.1245            1.0921           0.21319
Line_271                Line 125-120               125               120           0.50304            0.4922          -0.49721          -0.56502
Line_272                Line 130-120               130               120           0.76206          -0.29669          -0.75441            0.2431
Line_273               Line 1686-120              1686               120           -0.5815          -0.14744           0.58215           0.17454
Line_274               Line 1687-120              1687               120          -0.66863          -0.11291           0.66946           0.14738
Line_275                Line 122-121               122               121                 0                 0                 0                 0
Line_276                Line 151-121               151               121           0.32369          -0.18091          -0.32287            0.1219
Line_277               Line 1747-121              1747               121         -0.011871          0.091827          0.011885         -0.091211
Line_278               Line 1748-121              1748               121          -0.31083          0.037799           0.31098          -0.03069
Line_279                Line 124-123               124               123            1.2305       -4.7323e-05           -1.2305        0.00019875
Line_280                Line 140-123               140               123           -1.8272           0.26788            1.8288           -0.2623
Line_281                Line 144-123               144               123           -2.4912           0.58961            2.6188         -0.067329
Line_282               Line 1760-123              1760               123         -0.050347          0.096417          0.050386         -0.093861
Line_283               Line 1762-123              1762               123          -0.15972          -0.41242           0.16006           0.42665
Line_284               Line 1764-123              1764               123          0.079942           0.28797         -0.079498          -0.26966
Line_285                Line 139-124               139               124           -1.8169           0.26632            1.8185          -0.26087
Line_286               Line 1761-124              1761               124          -0.66095           0.15267           0.66246         -0.050532
Line_287               Line 1763-124              1763               124          0.063379           0.29496         -0.062926          -0.27674
Line_288                Line 126-125               126               125            2.6573           0.29627           -2.6573          -0.29555
Line_289                Line 135-125               135               125           -1.9566          -0.66097            1.9779           0.76634
Line_290                Line 186-125               186               125          -0.15829        -0.0068551           0.15833         -0.039692
Line_291               Line 1775-125              1775               125          -0.36071          -0.24374           0.36102            0.2516
Line_292                Line 126-127               126               127           -4.8054          -0.98456            4.8224            1.7918
Line_293                Line 186-126               186               126          -0.17501        -0.0069384           0.17506         -0.039521
Line_294                Line 128-127               128               127           -1.5585           -1.3612            1.5585            1.3617
Line_295                Line 157-127               157               127          -0.26046           -1.0927           0.26199           0.21092
Line_296                Line 145-128               145               128           -1.5354           -2.1772            1.5585            1.3612
Line_297                Line 143-129               143               129           0.49645           0.28923          -0.49301          -0.35302
Line_298                Line 129-148               129               148          -0.73362           0.26644           0.74086          -0.31142
Line_299               Line 1814-129              1814               129           -1.2239          0.010323            1.2266          0.086579
Line_300                Line 130-132               130               132           -2.1702          -0.16775            2.2373           0.52046
Line_301                Line 130-154               130               154          -0.47526          0.044024            0.4773           -0.1068
Line_302               Line 1822-130              1822               130          -0.85106          -0.12301           0.85248           0.17395
Line_303               Line 1823-130              1823               130           -1.0289          -0.17085             1.031           0.24647
Line_304                Line 132-131               132               131           -3.1807        0.00082393            3.1807        0.00018786
Line_305                Line 131-133               131               133           -1.2974           -2.8377            1.3075            3.1711
Line_306                Line 147-131               147               131           -1.8625          -0.13143            1.9215           0.29051
Line_307                Line 151-131               151               131          -0.56072          -0.40148           0.56744           0.30321
Line_308               Line 1839-131              1839               131          -0.24816          -0.27255            0.2484           0.28586
Line_309                Line 132-134               132               134           -1.3084           -2.8393            1.3186             3.174
Line_310                Line 148-132               148               132           -1.8573          -0.13255            1.9159           0.29003
Line_311                Line 150-132               150               132          -0.55526          -0.40301           0.56191           0.30431
Line_312               Line 1840-132              1840               132          -0.14382          -0.22353           0.14395           0.22841
Line_313                Line 134-133               134               133           0.20976             0.738          -0.20976          -0.73794
Line_314                Line 182-133               182               133             1.542            3.8956           -1.5365           -3.9328
Line_315                Line 182-134               182               134            1.5339            3.8742           -1.5284            -3.912
Line_316                Line 136-135               136               135                 0                 0                 0                 0
Line_317                Line 142-135               142               135          -0.13697         -0.055035            0.1371         -0.010032
Line_318               Line 1845-135              1845               135          -0.85691          -0.38298           0.85719           0.44047
Line_319               Line 1846-135              1846               135          -0.96057          -0.15847            0.9623           0.23054
Line_320                Line 138-137               138               137                 0                 0                 0                 0
Line_321               Line 1880-138              1880               138           -2.7592         -0.096198            2.7718            0.6381
Line_322               Line 1881-138              1881               138           -2.7008         -0.029998            2.7128           0.54266
Line_323                Line 140-139               140               139           -1.5792        0.00028261            1.5792       -3.3197e-05
Line_324                Line 166-139               166               139           -1.7275           0.11706            1.7711          0.024337
Line_325                Line 174-139               174               139           -2.1627          0.066092            2.2213           0.17459
Line_326                Line 167-140               167               140           -1.6636           0.16688            1.7141         -0.030511
Line_327               Line 1882-140              1882               140           0.13146         -0.044829          -0.13143          0.046194
Line_328                Line 144-141               144               141            1.0177         -0.099597           -1.0037          0.069183
Line_329                Line 178-141               178               141           0.70991          0.046932          -0.70118           -0.1414
Line_330               Line 1902-141              1902               141          -0.82866          0.015555           0.82985          0.027283
Line_331               Line 1903-141              1903               141          -0.87368          0.002768             0.875          0.044932
Line_332               Line 1904-142              1904               142          -0.62067          -0.26845           0.62216           0.32469
Line_333               Line 1905-142              1905               142           -0.1209             -0.02           0.12095          0.021724
Line_334                Line 144-143               144               143           0.15651          -0.98321          -0.15651           0.98331
Line_335                Line 143-145               143               145           -0.2506           -1.7761           0.25211            1.8788
Line_336                Line 149-143               149               143           -1.0575         -0.076799            1.0604          0.071649
Line_337                Line 144-147               144               147          -0.14724           0.26115           0.14984          -0.39717
Line_338               Line 1907-144              1907               144           -1.4605         -0.097415            1.4642           0.23204
Line_339                Line 146-145               146               145                 0                 0                 0                 0
Line_340               Line 1906-145              1906               145             -1.28          -0.16868            1.2832           0.29833
Line_341                Line 148-147               148               147            1.0496           0.59915           -1.0496          -0.59899
Line_342                Line 154-147               154               147           -1.9725          -0.55367            1.9839           0.61357
Line_343               Line 1919-147              1919               147          -0.77677          -0.45042           0.77835           0.51401
Line_344               Line 1920-148              1920               148         -0.066816           0.15731          0.066868          -0.15518
Line_345               Line 1925-149              1925               149           -1.0556         -0.015632            1.0575          0.076799
Line_346                Line 151-150               151               150           -1.4365           0.24532            1.4365          -0.24509
Line_347                Line 152-150               152               150             1.794          -0.27006           -1.7756           0.34688
Line_348               Line 1987-150              1987               150          -0.89275          -0.23572           0.89434           0.30122
Line_349               Line 1988-151              1988               151           -0.6985          -0.17936           0.69946           0.21886
Line_350                Line 153-152               153               152                 0                 0                 0                 0
Line_351               Line 2090-152              2090               152           -1.4615         -0.036313            1.4654           0.19335
Line_352               Line 2112-154              2112               154          -0.62298          -0.22093           0.62383           0.25517
Line_353               Line 2113-154              2113               154          -0.86962          -0.33569           0.87135           0.40529
Line_354                Line 166-155               166               155           0.74208           0.37664          -0.74075          -0.40986
Line_355               Line 2134-155              2134               155          -0.73956          -0.35966           0.74075           0.40986
Line_356                Line 156-158               156               158           -1.1371          -0.91239            1.1385           0.98605
Line_357                Line 179-156               179               156           -1.1253          -0.95979            1.1371           0.91239
Line_358                Line 158-157               158               157            1.3624          -0.17423           -1.3624           0.17443
Line_359               Line 2157-157              2157               157           -1.6178          -0.70036            1.6228           0.91823
Line_360                Line 176-158               176               158            2.5198           0.17459           -2.5009          -0.81182
Line_361                Line 160-159               160               159           -1.5768           0.81292            1.5768          -0.81259
Line_362                Line 159-165               159               165            -1.862            1.5063             1.878           -1.9906
Line_363                Line 159-176               159               176           -1.3898           -1.1399            1.3937           0.77444
Line_364               Line 2165-159              2165               159            -1.671          -0.24604             1.675           0.44624
Line_365                Line 168-160               168               160           -1.3059          -0.40859            1.3097          -0.17904
Line_366                Line 160-177               160               177           -1.4033           -1.1334            1.4072           0.76832
Line_367               Line 2166-160              2166               160           -1.6664          -0.29704            1.6704           0.49954
Line_368                Line 162-161               162               161          -0.20654           0.10637           0.20654          -0.10637
Line_369                Line 161-166               161               166          -0.54407          0.018895           0.55293           -0.1647
Line_370               Line 2170-161              2170               161          -0.33734         -0.078955           0.33754          0.087474
Line_371                Line 162-179               162               179           0.18138           -0.2918          -0.17983           0.13702
Line_372               Line 2169-162              2169               162         -0.025023          -0.17859          0.025158           0.18543
Line_373                Line 164-163               164               163          -0.37853          -0.40772           0.37853           0.40775
Line_374                Line 163-165               163               165           -1.5595            -1.351            1.5616            1.5113
Line_375                Line 163-172               163               172            0.4045           0.53603          -0.40181          -0.58004
Line_376               Line 2188-163              2188               163           -0.7752          -0.35694           0.77643           0.40718
Line_377                Line 164-167               164               167          -0.41197           0.54029           0.41597          -0.60037
Line_378               Line 2186-164              2186               164          -0.78948           0.17457            0.7905          -0.13257
Line_379               Line 2187-165              2187               165           -2.1344          0.048753            2.1375           0.17015
Line_380                Line 167-166               167               166           0.40714           0.38238          -0.40714          -0.38235
Line_381               Line 2195-166              2195               166          -0.83844        -0.0036457           0.83961          0.053344
Line_382               Line 2196-167              2196               167          -0.83936        -0.0013295           0.84054          0.051116
Line_383                Line 169-168               169               168           -1.3059          -0.40839            1.3059           0.40859
Line_384               Line 2258-169              2258               169           -1.3042          -0.30231            1.3059           0.40839
Line_385                Line 171-170               171               170            0.6809           0.14322           -0.6809          -0.14317
Line_386                Line 170-174               170               174          -0.12079         -0.084191           0.12124          -0.14199
Line_387               Line 2260-170              2260               170           -0.8005          -0.17764           0.80169           0.22736
Line_388               Line 2261-171              2261               171          -0.81358           0.17346           0.81474          -0.12482
Line_389                Line 173-172               173               172           0.29076          -0.49917          -0.29076            0.4992
Line_390               Line 2339-172              2339               172          -0.69178         -0.046972           0.69257          0.080834
Line_391                Line 173-175               173               175          -0.72819           0.32701           0.73321          -0.36858
Line_392               Line 2340-173              2340               173           -0.4368          -0.14794           0.43743           0.17215
Line_393                Line 175-174               175               174           -1.3897           0.15147            1.3897          -0.15126
Line_394               Line 2357-174              2357               174          -0.65091          -0.19306           0.65172           0.22716
Line_395               Line 2357-175              2357               175          -0.65565          -0.18321           0.65648           0.21711
Line_396                Line 177-176               177               176           0.59276         -4.17e-05          -0.59276         7.684e-05
Line_397               Line 2377-176              2377               176           -1.3371          -0.52539            1.3401           0.65847
Line_398               Line 2378-176              2378               176           -1.3361          -0.53182            1.3391           0.66528
Line_399                Line 179-178               179               178            1.0061            0.4417           -1.0061          -0.44158
Line_400               Line 2380-178              2380               178          -0.29578          -0.37804           0.29616           0.39465
Line_401               Line 2381-179              2381               179          -0.29868          -0.36511           0.29905           0.38106
Line_402                Line 202-187               202               187           0.24184         -0.027948          -0.23579           0.02268
Line_403                Line 423-187               423               187          -0.16343          0.033326           0.16459          -0.03768
Line_404                Line 434-188               434               188          -0.30076         -0.053568           0.30521          0.054177
Line_405                Line 437-188               437               188           0.38857          0.072219          -0.38151         -0.064177
Line_406                Line 443-189               443               189          0.098566          0.076202           -0.0977         -0.081465
Line_407                Line 513-189               513               189        8.8818e-16       -1.7764e-15        3.5115e-07        -0.0055348
Line_408                Line 355-190               355               190           0.33533          -0.20394           -0.3323           0.20723
Line_409                Line 376-190               376               190           -0.2684           0.22341            0.2711          -0.22223
Line_410                Line 207-191               207               191           0.20265         -0.024374          -0.20236          0.023012
Line_411                Line 529-191               529               191          -0.14073           0.03355           0.14116         -0.039012
Line_412                Line 193-192               193               192          0.090742           0.09781         -0.090617         -0.099722
Line_413                Line 194-192               194               192          -0.44762           0.21339           0.44827          -0.21218
Line_414                Line 308-192               308               192          -0.19358         0.0049025           0.19508         -0.014355
Line_415                Line 453-192               453               192           -0.0916            -0.005          0.091669         0.0023267
Line_416                Line 193-332               193               332          -0.24354          -0.12781           0.24506           0.12529
Line_417                Line 248-194               248               194          -0.21646          0.055813           0.21792         -0.061899
Line_418                Line 256-194               256               194          -0.51676          0.053852           0.52449         -0.040606
Line_419                Line 332-194               332               194            0.2973           0.11136          -0.29479          -0.11088
Line_420                Line 285-195               285               195          -0.31203          0.053592           0.31403         -0.053659
Line_421                Line 514-195               514               195             0.397         -0.032093          -0.39543          0.033659
Line_422               Line 1736-196              1736               196          0.060496         -0.038692           -0.0602          0.029053
Line_423                Line 197-247               197               247           -0.0692            -0.015          0.069428         0.0070915
Line_424                Line 351-198               351               198          0.057196         -0.072783         -0.056918          0.062695
Line_425                Line 425-198               425               198          0.058387         -0.025393         -0.058282          0.015761
Line_426                Line 433-199               433               199           0.41003          0.028777           -0.4084         -0.026834
Line_427                Line 444-199               444               199          -0.39225         -0.019874            0.3941          0.021834
Line_428                Line 200-428               200               428          -0.54439           0.04254           0.54666         -0.038419
Line_429                Line 533-200               533               200          -0.52403          0.064672           0.53359          -0.04754
Line_430                Line 219-201               219               201         -0.073181         0.0098554          0.073342         -0.019057
Line_431                Line 201-255               201               255          -0.12944          0.014057           0.12992         -0.022003
Line_432                Line 239-202               239               202         -0.036699         -0.013015          0.036775         0.0044804
Line_433                Line 202-332               202               332          -0.46201         0.0034674            0.4751          0.008879
Line_434                Line 425-203               425               203           0.32224           0.03209          -0.32136         -0.031963
Line_435                Line 203-459               203               459           0.21036          0.015963          -0.20875         -0.022319
Line_436                Line 204-526               204               526                 0       -2.8422e-14        6.6748e-11       -0.00044961
Line_437                Line 205-527               205               527            0.0808         -0.017442         -0.080791          0.017021
Line_438                Line 224-206               224               206          0.024877         -0.034795         -0.024861           0.03181
Line_439                Line 384-206               384               206          0.087212          0.039449         -0.087139          -0.04181
Line_440                Line 354-207               354               207            0.2769        -0.0095994          -0.27585         0.0083736
Line_441                Line 208-326               208               326          0.040151        1.1094e-06         -0.040103        -0.0095162
Line_442                Line 208-342               208               342          0.033049          0.044999         -0.033037         -0.046162
Line_443                Line 209-211               209               211           0.10197          0.063424          -0.10187         -0.065316
Line_444                Line 334-209               334               209           0.19597           0.06971          -0.19557         -0.071424
Line_445                Line 282-210               282               210          0.017937         -0.047954         -0.017897          0.043007
Line_446                Line 353-210               353               210           0.13425          0.083922           -0.1339         -0.087007
Line_447                Line 233-211               233               211          -0.29074          0.028474           0.29241         -0.029241
Line_448                Line 333-211               333               211          0.022193        -0.0027394         -0.022145         -0.013595
Line_449                Line 386-211               386               211           0.25782          -0.10796          -0.25589           0.10615
Line_450                Line 305-212               305               212         -0.072256          0.021207          0.072436         -0.028461
Line_451                Line 511-212               511               212           0.17516         -0.018658          -0.17424          0.013461
Line_452                Line 333-213               333               213          -0.11689        -0.0012606           0.11727        -0.0037072
Line_453                Line 343-213               343               213          -0.17348         -0.062029             0.174           0.06011
Line_454                Line 415-213               415               213           0.19587          -0.14943          -0.19517           0.14815
Line_455                Line 458-213               458               213           0.14937          -0.19386          -0.14916           0.19336
Line_456                Line 473-213               473               213           -0.1833          -0.14585           0.18346            0.1454
Line_457                Line 442-214               442               214          -0.21968          0.013739           0.22076         -0.016841
Line_458                Line 533-214               533               214           0.40183         -0.064672          -0.39655          0.072396
Line_459               Line 2249-214              2249               214         -0.055348          0.054816          0.055593         -0.060555
Line_460                Line 273-215               273               215          0.098067          -0.08611         -0.098049           0.08583
Line_461                Line 279-215               279               215         -0.028732           0.10316          0.028849          -0.10583
Line_462                Line 447-216               447               216           0.58562           0.25395          -0.58446          -0.25151
Line_463               Line 1120-216              1120               216          -0.48658          -0.23417           0.49596           0.24651
Line_464                Line 327-217               327               217           -0.0408            -0.001          0.040845        -0.0077333
Line_465                Line 217-346               217               346         -0.060245         0.0037333          0.060307        -0.0092714
Line_466                Line 219-218               219               218            0.6488          0.050155          -0.63909         -0.035289
Line_467                Line 340-218               340               218          -0.50252         -0.002609           0.51689          0.020289
Line_468                Line 227-219               227               219          0.057387          -0.10119         -0.056883           0.09546
Line_469                Line 437-220               437               220          -0.49037         -0.082219           0.49247          0.085973
Line_470                Line 510-220               510               220          -0.41802           0.19596           0.42524            -0.185
Line_471                Line 230-221               230               221          -0.14782        -0.0061365           0.14854        0.00036509
Line_472                Line 240-221               240               221           0.19017         0.0027488          -0.18934        -0.0053651
Line_473                Line 262-222               262               222          -0.21476          0.045602           0.21518         -0.047188
Line_474                Line 361-222               361               222           0.28234          -0.04515          -0.28048          0.043188
Line_475                Line 372-223               372               223          -0.42879           0.18101           0.43283          -0.17675
Line_476                Line 613-223               613               223           0.64319         -0.094549          -0.61933           0.13675
Line_477                Line 425-224               425               224           0.22504         -0.014995          -0.22348         0.0097948
Line_478                Line 225-510               225               510          -0.35848           0.21505           0.36192          -0.21096
Line_479               Line 2218-225              2218               225          -0.18195           0.23383           0.18548          -0.23505
Line_480                Line 227-226               227               226          -0.11349          0.091195           0.11363         -0.093036
Line_481                Line 226-348               226               348          -0.35803          0.078036           0.36183         -0.075885
Line_482                Line 354-228               354               228            0.4158         -0.077071          -0.41234          0.081716
Line_483                Line 392-228               392               228          -0.29589          0.092281           0.29834         -0.092716
Line_484                Line 301-229               301               229           -0.0622            -0.013          0.062377         0.0060836
Line_485                Line 431-229               431               229           0.17271          0.030375          -0.17238         -0.033084
Line_486                Line 466-230               466               230           -0.0712             -0.01          0.071521        -0.0038635
Line_487                Line 231-365               231               365           -0.0794            -0.011          0.079604          0.005802
Line_488                Line 232-366               232               366           -0.0794            -0.011          0.079618         0.0061677
Line_489                Line 341-233               341               233          -0.27083           0.03505           0.27234         -0.036474
Line_490                Line 354-234               354               234           0.59875           0.33154           -0.5979          -0.32703
Line_491                Line 517-234               517               234          -0.26322         -0.047343            0.2633          0.047025
Line_492                Line 251-235               251               235           -0.2138             -0.04           0.21392          0.039155
Line_493                Line 355-235               355               235           0.55224           0.32284          -0.55152          -0.31915
Line_494                Line 236-384               236               384           0.23002          0.073949          -0.22981         -0.074449
Line_495                Line 236-385               236               385          -0.24022         -0.078949           0.24043           0.07855
Line_496                Line 373-237               373               237           0.37545         -0.089797          -0.37249          0.092751
Line_497                Line 516-237               516               237          -0.23194           0.10801           0.23299          -0.10975
Line_498                Line 238-361               238               361          -0.40911           0.05152           0.40962         -0.050879
Line_499                Line 492-238               492               238          -0.30501          0.058615           0.30931          -0.06152
Line_500                Line 284-239               284               239            0.1167        -0.0045847           -0.1161        -0.0019852
Line_501                Line 340-240               340               240           0.39052         -0.012391          -0.37876          0.023652
Line_502                Line 240-401               240               401          0.025392         -0.037612         -0.025382           0.03645
Line_503                Line 414-240               414               240            -0.051            -0.005          0.051193        -0.0037892
Line_504                Line 241-287               241               287         0.0083325           0.26885         -0.007501          -0.26979
Line_505                Line 503-241               503               241           0.11057            0.2988          -0.11013          -0.29885
Line_506                Line 324-242               324               242          -0.22324           0.11675           0.22379          -0.11774
Line_507                Line 440-242               440               242           0.23998          -0.11845          -0.23599           0.11674
Line_508                Line 306-243               306               243          -0.25158          -0.31145            0.2519           0.31174
Line_509                Line 309-243               309               243           0.25327           0.31324           -0.2519          -0.31174
Line_510                Line 486-244               486               244            -0.864         0.0094903           0.87385          0.012863
Line_511                Line 520-244               520               244            0.8878          0.023278          -0.88405         -0.012863
Line_512                Line 253-245               253               245          0.040235         -0.034024         -0.040187          0.028449
Line_513                Line 254-245               254               245          -0.54535         -0.042217            0.5514          0.055614
Line_514                Line 281-245               281               245           0.28891          -0.13802           -0.2886             0.138
Line_515                Line 299-245               299               245          -0.41071         -0.079812           0.41197          0.081411
Line_516                Line 396-245               396               245          -0.41519           0.12966           0.41862          -0.12554
Line_517                Line 270-246               270               246           -0.0367            -0.005          0.036728        -0.0018688
Line_518                Line 304-246               304               246          -0.40585        -0.0013975            0.4076         0.0028763
Line_519                Line 339-246               339               246           -0.1884         -0.020771           0.18923          0.015878
Line_520                Line 471-246               471               246         -0.089442          -0.10253          0.089527           0.10135
Line_521                Line 247-427               247               427          -0.18143         -0.022092           0.18192          0.019522
Line_522                Line 474-248               474               248          -0.18471          0.053273           0.18586         -0.060813
Line_523                Line 249-294               249               294          0.051755         -0.051467         -0.051734          0.050152
Line_524                Line 474-249               474               249           0.14391         -0.058273          -0.14335          0.051467
Line_525                Line 259-250               259               250           -0.2138         -0.039881           0.21423           0.03827
Line_526                Line 250-349               250               349          -0.49133          -0.06827           0.49274          0.070906
Line_527                Line 252-319               252               319           -0.2138             -0.04           0.21397          0.038444
Line_528                Line 352-253               352               253           0.18955         0.0055423          -0.18894        -0.0089761
Line_529                Line 338-254               338               254          -0.34624        -0.0069014           0.34675         0.0072165
Line_530                Line 336-255               336               255           0.54165         -0.061442          -0.53432          0.077643
Line_531                Line 369-255               369               255          -0.29953          0.064116            0.3026          -0.06564
Line_532                Line 320-256               320               256          -0.45591          0.058888           0.46066         -0.053852
Line_533                Line 257-363               257               363          -0.29282             0.163           0.29364          -0.16278
Line_534                Line 458-257               458               257          -0.22057           0.16386           0.22162            -0.165
Line_535                Line 265-258               265               258          0.080445          0.009099         -0.080327         -0.012776
Line_536               Line 1753-258              1753               258         -0.039483         -0.015432          0.039527         0.0097759
Line_537                Line 436-259               436               259           -0.0051            -0.001         0.0051003        -0.0021191
Line_538                Line 260-365               260               365           0.29529          -0.15846          -0.29459           0.15854
Line_539                Line 493-260               493               260           0.40603          -0.13957          -0.40219           0.14346
Line_540                Line 261-272               261               272         -0.016168        -0.0023316           0.01617        0.00040529
Line_541                Line 261-353               261               353         -0.063232         -0.017668          0.063282          0.013721
Line_542                Line 438-262               438               262          -0.21196          0.042353           0.21276         -0.045602
Line_543                Line 323-263               323               263           0.23368         -0.068369          -0.23237          0.065976
Line_544                Line 411-263               411               263           -0.1789          0.073743           0.17937         -0.075976
Line_545                Line 516-264               516               264          0.089116          -0.11313         -0.088896           0.11166
Line_546                Line 537-264               537               264         0.0083071           -0.0079        -0.0083037         0.0016759
Line_547                Line 283-265               283               265           0.34894          0.027191          -0.34546         -0.024452
Line_548                Line 422-265               422               265           -0.1426            -0.008           0.14281         0.0053529
Line_549                Line 408-266               408               266           0.65205         -0.040413          -0.63928          0.064569
Line_550                Line 525-266               525               266          -0.55055            0.0897           0.55588         -0.080569
Line_551                Line 280-267               280               267         -0.083755          0.029467          0.083773         -0.030231
Line_552                Line 267-519               267               519          -0.18757        0.00023071           0.18765       -0.00078043
Line_553                Line 268-527               268               527           -0.1487            -0.037           0.14882           0.03555
Line_554                Line 332-269               332               269           0.47943          0.045655          -0.47299         -0.033813
Line_555                Line 511-269               511               269          -0.37506          0.029304           0.38019         -0.023407
Line_556                Line 271-446               271               446           -0.0367            -0.005          0.036733        -0.0029829
Line_557                Line 272-353               272               353          -0.10877         -0.030405           0.10885          0.028548
Line_558                Line 304-273               304               273           0.22755         -0.049603          -0.22737           0.04911
Line_559                Line 281-274               281               274           0.16706          0.068535          -0.16688         -0.069634
Line_560                Line 288-274               288               274          0.089869          0.002717         -0.089822        -0.0043665
Line_561                Line 275-280               275               280         -0.083726          0.028316          0.083755         -0.029467
Line_562                Line 275-534               275               534          -0.14847         -0.095316           0.14857          0.094587
Line_563                Line 276-299               276               299           -0.1426            -0.051           0.14261          0.050912
Line_564                Line 292-277               292               277           -0.1732             -0.05           0.17336          0.048827
Line_565                Line 293-277               293               277          -0.59426          0.030434            0.5952         -0.028279
Line_566                Line 406-277               406               277           0.59176          -0.14082          -0.58996           0.14419
Line_567                Line 526-278               526               278          -0.11842          0.010766           0.11849         -0.012422
Line_568                Line 534-278               534               278          -0.23197          -0.11859           0.23201           0.11851
Line_569                Line 441-279               441               279          -0.37854          0.073157           0.37923         -0.072757
Line_570                Line 472-281               472               281           -0.4369           0.12459           0.43743          -0.12373
Line_571                Line 291-282               291               282          -0.13831          0.029541           0.13835         -0.030126
Line_572                Line 471-282               471               282          -0.11226          0.037526           0.11231         -0.038669
Line_573                Line 350-283               350               283           0.31301          0.022098          -0.31161         -0.021961
Line_574               Line 1787-283              1787               283           0.20865         0.0039237          -0.20753          -0.00723
Line_575                Line 284-308               284               308           -0.1422        -0.0004153           0.14258        -0.0049025
Line_576                Line 286-285               286               285          -0.23023          0.067651           0.23063         -0.068592
Line_577                Line 286-337               286               337          0.074979          0.018699         -0.074854         -0.024957
Line_578                Line 473-286               473               286            0.1425           0.12585          -0.14225          -0.12735
Line_579                Line 287-318               287               318           -0.1147           0.22979           0.11516          -0.23045
Line_580                Line 352-288               352               288           0.22192          0.038451          -0.22127         -0.040717
Line_581                Line 299-289               299               289           -0.2125           -0.1091           0.21294           0.10792
Line_582                Line 472-289               472               289            0.4012          -0.13659          -0.40074           0.13726
Line_583                Line 294-290               294               290           0.42021          0.039224          -0.41912         -0.038181
Line_584                Line 336-290               336               290           -0.2447        -0.0097597           0.24592         0.0081813
Line_585                Line 429-291               429               291          0.029863          0.080616         -0.029794         -0.083541
Line_586                Line 296-293               296               293          -0.51994          0.051484           0.51996         -0.051434
Line_587                Line 346-294               346               294           0.68483           -0.1853          -0.66904           0.22673
Line_588                Line 524-294               524               294           -0.1669         -0.064414           0.16777          0.057429
Line_589                Line 302-295               302               295           -0.0612            -0.013          0.061244           0.01096
Line_590                Line 425-295               425               295           0.38876          -0.10998          -0.37991           0.11631
Line_591                Line 537-295               537               295          -0.10371           0.15549           0.10587          -0.16127
Line_592                Line 519-296               519               296          -0.34269           0.10308           0.34364          -0.10248
Line_593                Line 298-297               298               297          -0.36303          0.076083           0.36337         -0.075799
Line_594                Line 297-353               297               353          -0.44887          0.055799           0.45372         -0.047886
Line_595                Line 525-298               525               298           -0.2915           0.09175           0.29283         -0.092083
Line_596                Line 430-300               430               300           0.45805         -0.029395          -0.45059          0.043313
Line_597                Line 658-300               658               300          -0.32691          0.084071           0.33462         -0.080833
Line_598                Line 708-300               708               300          0.098385          0.046995          -0.09783          -0.05248
Line_599                Line 442-303               442               303           0.17068         -0.013739          -0.17002         0.0091995
Line_600               Line 2124-303              2124               303          -0.10589         0.0057377           0.10682         -0.014199
Line_601                Line 345-305               345               305           0.10895         -0.023413          -0.10866          0.018006
Line_602                Line 460-305               460               305          -0.16446          0.098618           0.16599           -0.1066
Line_603                Line 512-305               512               305          0.060793         -0.068586         -0.060375          0.056385
Line_604                Line 493-306               493               306          -0.03717          -0.27218          0.037776           0.27145
Line_605                Line 462-307               462               307           0.12612         -0.075309          -0.12569          0.070869
Line_606                Line 508-307               508               307          0.057906           0.10826          -0.05771          -0.11087
Line_607                Line 349-309               349               309          -0.69644          -0.11591           0.70409           0.13372
Line_608                Line 309-520               309               520            1.0048          0.051819           -1.0008         -0.040278
Line_609                Line 312-310               312               310          -0.36873          -0.20394           0.37302           0.20913
Line_610                Line 420-310               420               310           -1.2206          0.040654            1.2243          -0.02991
Line_611                Line 435-310               435               310           -0.0061            -0.001         0.0061008         -0.004887
Line_612                Line 477-310               477               310           -1.1844           0.13832            1.2048         -0.078534
Line_613                Line 312-311               312               311          0.032477            0.2527         -0.032477          -0.25269
Line_614                Line 372-311               372               311           0.30049          -0.19101          -0.29152           0.19569
Line_615                Line 323-312               323               312          -0.33348          0.050369           0.33625         -0.048758
Line_616               Line 2245-313              2245               313           0.07131        -0.0014733           -0.0712            -0.005
Line_617                Line 381-314               381               314           0.49634          -0.29742          -0.47607           0.32014
Line_618                Line 387-314               387               314          -0.40581           0.12652           0.41377          -0.12076
Line_619                Line 315-341               315               341          -0.16032          0.033941           0.16083          -0.03605
Line_620               Line 2249-315              2249               315          -0.06533          0.025089           0.06562         -0.033941
Line_621                Line 352-316               352               316           0.21418          0.052542          -0.21401         -0.053286
Line_622                Line 391-316               391               316            -0.052            -0.015          0.052014          0.013286
Line_623                Line 317-468               317               468           0.44798           0.15375          -0.44512          -0.14922
Line_624                Line 514-317               514               317           0.51933           0.17405          -0.51918          -0.17375
Line_625                Line 318-467               318               467          -0.17636           0.21045            0.1764          -0.21048
Line_626                Line 319-517               319               517          -0.22207         -0.041444           0.22242          0.038773
Line_627                Line 348-320               348               320          -0.38223          0.070885           0.38471         -0.068888
Line_628                Line 451-321               451               321         -0.041873           0.35137           0.04207          -0.35125
Line_629                Line 454-321               454               321           -0.2138             -0.06           0.21417          0.058876
Line_630                Line 321-467               321               467           0.80259          0.021168           -0.7873          0.010478
Line_631                Line 485-321               485               321           0.37202          -0.30409          -0.36949           0.30745
Line_632                Line 506-321               506               321          -0.77073           0.09136           0.77339         -0.085964
Line_633                Line 321-530               321               530           0.15296          0.048021          -0.15282         -0.049354
Line_634                Line 351-322               351               322           -0.2376          0.036783           0.23797         -0.037806
Line_635                Line 389-322               389               322          -0.51263            0.2926           0.51692          -0.28546
Line_636                Line 452-322               452               322           0.15601          -0.41495           -0.1556           0.41558
Line_637                Line 455-322               455               322          -0.28468          0.078585           0.28496         -0.078611
Line_638                Line 322-475               322               475           0.37747           0.10003          -0.37686         -0.099391
Line_639                Line 322-478               322               478           0.14657           0.02155          -0.14573         -0.029605
Line_640                Line 490-322               490               322          0.023677          -0.14466         -0.023386           0.14168
Line_641                Line 538-324               538               324          -0.11056           0.12996           0.11124          -0.13275
Line_642                Line 371-325               371               325          0.097945         -0.013572         -0.097903          0.012134
Line_643                Line 375-325               375               325          0.038616          0.011515         -0.038597         -0.015134
Line_644                Line 364-326               364               326          0.026117        -0.0069732         -0.026097        -0.0024838
Line_645                Line 361-328               361               328          0.018778           0.19991           -0.0183          -0.20177
Line_646                Line 375-329               375               329           0.01831         -0.018814           -0.0183           0.01358
Line_647                Line 374-330               374               330          0.046963           0.56902           -0.0436          -0.56175
Line_648                Line 360-331               360               331          0.053964           0.18691           -0.0536          -0.18896
Line_649                Line 395-334               395               334           0.35432          -0.10486          -0.34907           0.10924
Line_650                Line 369-335               369               335           0.18753         -0.079116           -0.1858          0.075576
Line_651               Line 2331-335              2331               335          -0.14223           0.07698             0.145         -0.085576
Line_652                Line 347-336               347               336           0.30147         -0.071095          -0.29695          0.071201
Line_653                Line 377-337               377               337          0.071325          0.038478         -0.071289          -0.04016
Line_654                Line 379-337               379               337          0.032206         -0.021839         -0.032157          0.010117
Line_655                Line 394-338               394               338          -0.31432         0.0067745           0.32074        -0.0050986
Line_656                Line 419-339               419               339           -0.1477            -0.014            0.1486         0.0037705
Line_657                Line 342-445               342               445          -0.68845           0.16397            0.7016          -0.12941
Line_658                Line 624-342               624               342          -0.27016          0.073688           0.27398         -0.074533
Line_659                Line 710-342               710               342          -0.28332          0.058533           0.28451          -0.05928
Line_660                Line 377-343               377               343          -0.16293         -0.058478           0.16328          0.057029
Line_661                Line 346-344               346               344            0.6372          -0.09833          -0.63555           0.10241
Line_662                Line 344-346               344               346          -0.52239            0.1623           0.52443          -0.15928
Line_663                Line 381-344               381               344          -0.60014           0.29242           0.60306          -0.28831
Line_664                Line 523-344               523               344          -0.41943          0.030918           0.42248           -0.0264
Line_665                Line 347-345               347               345           0.28959          0.014376          -0.28625         -0.016587
Line_666                Line 386-347               386               347          -0.38512          0.082956           0.39458         -0.071904
Line_667                Line 526-350               526               350           0.51623          0.081482          -0.50971         -0.070098
Line_668                Line 406-352               406               352          -0.68236           0.11682           0.68521          -0.11041
Line_669                Line 429-353               429               353          -0.15306          -0.11562           0.15335           0.11384
Line_670                Line 370-354               370               354          -0.24765           0.16856           0.25079          -0.17036
Line_671                Line 402-355               402               355           -0.0428            -0.009          0.042807         0.0063679
Line_672                Line 360-356               360               356           0.35025        -0.0011204          -0.34933         0.0016883
Line_673                Line 432-356               432               356          -0.31786         0.0077107           0.31973        -0.0076883
Line_674                Line 509-357               509               357          -0.34145          0.038722           0.34529         -0.036464
Line_675                Line 523-357               523               357           0.36843         -0.032918          -0.36569          0.035464
Line_676                Line 358-380               358               380           -0.0692            -0.016          0.069237          0.014879
Line_677                Line 375-359               375               359         -0.056925         0.0072997          0.057008         -0.014765
Line_678                Line 378-359               378               359          -0.36194          0.011979            0.3622         -0.011854
Line_679                Line 393-359               393               359          -0.48615          0.085581           0.48753         -0.083196
Line_680                Line 374-361               374               361            0.7173           0.12029          -0.71074          -0.10388
Line_681                Line 362-373               362               373       -1.7764e-15       -7.1054e-15        1.7738e-08        -0.0029098
Line_682                Line 477-363               477               363           0.35799           -0.1495          -0.35484           0.15278
Line_683                Line 439-364               439               364        0.00062325         -0.021529       -0.00061656          0.014973
Line_684                Line 416-365               416               365          -0.21346         0.0026373           0.21395        -0.0045834
Line_685                Line 440-365               440               365          -0.39788          0.083445           0.40475         -0.077271
Line_686                Line 484-366               484               366          -0.17085            0.2535           0.17243           -0.2538
Line_687                Line 504-366               504               366          -0.46223           0.31399           0.46831          -0.29989
Line_688                Line 578-366               578               366           0.23459          -0.16776           -0.2282           0.16705
Line_689                Line 370-367               370               367           0.10195          -0.18456          -0.10174           0.18354
Line_690                Line 445-367               445               367           -0.8493           0.11181            0.8713         -0.055812
Line_691                Line 376-368               376               368          0.016795          -0.27741         -0.016163           0.27677
Line_692                Line 433-368               433               368          -0.46203         -0.038777           0.46429          0.042411
Line_693                Line 378-371               378               371           0.26624         -0.012979          -0.26605          0.012572
Line_694                Line 393-373               393               373           0.39865         -0.089581          -0.39785          0.090706
Line_695                Line 395-374               395               374          -0.48852          0.021509           0.49905        -0.0014751
Line_696                Line 428-374               428               374          -0.72496          0.038419           0.73807         -0.003858
Line_697                Line 432-379               432               379           0.28416        -0.0097107          -0.28171         0.0078393
Line_698                Line 410-380               410               380           0.13892         -0.031648          -0.13831           0.02496
Line_699               Line 1602-380              1602               380         0.0073396           0.04613         -0.007225         -0.056839
Line_700                Line 464-382               464               382         0.0014668          -0.23364           -0.0014           0.20292
Line_701                Line 383-488               383               488            -0.144           0.69675           0.14429          -0.70764
Line_702                Line 389-385               389               385           0.40063           -0.3176          -0.39933           0.31988
Line_703                Line 415-387               415               387          -0.25507           0.13743           0.25711          -0.13852
Line_704                Line 481-388               481               388          -0.64808          -0.15971            0.6548           0.17457
Line_705                Line 388-518               388               518           -0.8331          -0.18757            0.8374           0.19982
Line_706                Line 529-390               529               390          0.075426          -0.04955           -0.0752          0.040384
Line_707                Line 404-392               404               392          -0.18182           0.11801           0.18189          -0.11828
Line_708                Line 532-394               532               394          -0.19658          0.037242           0.19722         -0.039774
Line_709                Line 526-396               526               396          -0.32395           0.15583           0.32459          -0.15566
Line_710                Line 512-397               512               397          0.041946        -0.0020954           -0.0418             -0.01
Line_711                Line 481-398               481               398          0.091816          0.017009           -0.0916             -0.02
Line_712               Line 1129-399              1129               399          0.092788         0.0044432           -0.0926            -0.011
Line_713                Line 404-400               404               400          0.091623         0.0092769           -0.0916             -0.01
Line_714                Line 434-401               434               401          0.097062          0.028568         -0.096818          -0.03145
Line_715                Line 403-517               403               517           -0.0408            -0.009          0.040801         0.0085699
Line_716                Line 405-444               405               444          -0.24084         -0.019521           0.24125          0.019065
Line_717                Line 446-405               446               405          -0.18653         -0.013242           0.18674          0.012521
Line_718                Line 407-431               407               431           0.23584          0.042587          -0.23491         -0.045375
Line_719                Line 526-407               526               407           0.43845          0.093463          -0.43694         -0.091587
Line_720                Line 417-408               417               408           0.75531        -0.0048018          -0.74055          0.029413
Line_721                Line 532-409               532               409           0.11828         -0.057242          -0.11793            0.0523
Line_722                Line 660-409               660               409         -0.046553          0.056124          0.046728           -0.0643
Line_723                Line 525-410               525               410           0.23461         -0.013289          -0.23362          0.011648
Line_724                Line 412-411               412               411           0.12331          -0.14579          -0.12307           0.14457
Line_725                Line 423-411               423               411         -0.019972         -0.053326          0.020256          0.035819
Line_726                Line 426-411               426               411         -0.090431           0.27393          0.093214          -0.27514
Line_727                Line 413-412               413               412               0.2          -0.13356          -0.19961           0.13279
Line_728                Line 612-413               612               413           0.61799          0.042368          -0.59996          0.051797
Line_729                Line 643-413               643               413          -0.18896         -0.071369           0.19227          0.065762
Line_730                Line 451-416               451               416        -0.0047269          0.048161         0.0047622         -0.052637
Line_731                Line 447-417               447               417           0.78745          0.010112          -0.78181         0.0018018
Line_732                Line 459-418               459               418           0.13755          0.012319           -0.1375            -0.013
Line_733                Line 477-420               477               420          -0.98357           0.12502            0.9976         -0.085654
Line_734                Line 516-421               516               421           0.14282         0.0051211           -0.1426            -0.008
Line_735                Line 612-424               612               424           0.44903         -0.013425          -0.44573          0.017996
Line_736                Line 722-424               722               424          -0.31388          0.059121           0.31943         -0.057996
Line_737                Line 425-438               425               438           -0.1486          0.032279           0.14976         -0.044353
Line_738                Line 492-425               492               425           0.22321         -0.068993          -0.22199          0.065454
Line_739                Line 536-425               536               425          -0.20412           0.11795           0.20721          -0.12195
Line_740                Line 535-426               535               426          0.046278          -0.11415         -0.045669           0.10835
Line_741                Line 528-427               528               427           0.36458          0.042533          -0.36232         -0.040522
Line_742                Line 613-430               613               430           0.53991          0.026553          -0.52335         0.0093948
Line_743                Line 676-439               676               439          0.027143         -0.022085         -0.027123          0.016529
Line_744                Line 527-441               527               441           -0.2122           0.12059           0.21244          -0.12116
Line_745                Line 487-443               487               443            0.2385          0.096823          -0.23607         -0.097202
Line_746                Line 449-445               449               445       -7.1054e-15       -1.4211e-14        3.1227e-09        -0.0013932
Line_747                Line 450-446               450               446       -7.1054e-15                 0        6.1209e-10       -0.00077503
Line_748                Line 469-448               469               448           -0.0763            -0.014          0.076371         0.0094744
Line_749                Line 482-448               482               448          -0.83028          -0.46633           0.84727           0.50222
Line_750                Line 504-452               504               452           0.19743          -0.39399          -0.19681           0.39495
Line_751                Line 464-455               464               455          -0.14777           0.19275           0.14811          -0.19364
Line_752                Line 502-455               502               455           0.16906         -0.045507          -0.16903          0.045052
Line_753                Line 490-456               490               456          -0.07859          0.076381          0.078649         -0.077456
Line_754                Line 494-456               494               456           0.60298          0.052807          -0.59807         -0.044156
Line_755                Line 498-456               498               456           -0.2444             -0.04           0.24443          0.031611
Line_756                Line 476-457               476               457           0.30681          -0.14487           -0.3058            0.1452
Line_757                Line 514-457               514               457         -0.020238           0.23418          0.020602           -0.2352
Line_758                Line 535-460               535               460         -0.056478           0.10915          0.056561          -0.11062
Line_759                Line 508-461               508               461          -0.37371          -0.17826           0.37548           0.17985
Line_760                Line 515-461               515               461           0.58982           0.29082          -0.58928          -0.28985
Line_761                Line 465-462               465               462           0.52407          0.026238          -0.52332         -0.024691
Line_762                Line 497-463               497               463            0.3478          -0.21215          -0.34745           0.21262
Line_763                Line 514-463               514               463         -0.071696           0.31275          0.072449          -0.31262
Line_764                Line 515-464               515               464          0.067536          0.037222         -0.067492         -0.039115
Line_765                Line 494-465               494               465           0.76628            0.1054          -0.75827         -0.086238
Line_766                Line 468-531               468               531           0.13952          0.049221          -0.13951         -0.049358
Line_767                Line 470-923               470               923                 0        3.5527e-15        3.1621e-08        -0.0035812
Line_768                Line 479-475               479               475           -0.1528             -0.04           0.15286          0.039391
Line_769                Line 507-476               507               476           0.47465          -0.11459          -0.47353           0.11631
Line_770                Line 521-476               521               476           -0.0751             -0.01          0.075126         0.0085623
Line_771                Line 501-477               501               477          -0.70065           0.39129           0.70623           -0.3792
Line_772                Line 518-477               518               477           -1.0046          -0.22314            1.0122           0.24536
Line_773                Line 478-531               478               531         -0.098667         -0.030395          0.098705          0.029358
Line_774                Line 480-530               480               530           -0.1018             -0.03           0.10182          0.029354
Line_775                Line 487-481               487               481           -0.3668          -0.10782           0.36776            0.1087
Line_776               Line 482-1078               482              1078          0.085385         -0.073572         -0.084711          0.062557
Line_777               Line 2043-482              2043               482          -0.43071          -0.15474           0.44419           0.16836
Line_778                Line 488-483               488               483          -0.16429           0.69764           0.16459          -0.70847
Line_779                Line 483-502               483               502          -0.53119           0.61847           0.53147          -0.62705
Line_780                Line 494-484               494               484         -0.026678           0.29257          0.028253           -0.2935
Line_781                Line 489-485               489               485           0.84284          -0.18899          -0.84042           0.19409
Line_782                Line 507-486               507               486          -0.74965          0.054595             0.752          -0.04949
Line_783                Line 500-489               500               489           0.78463          -0.09879          -0.78219           0.10367
Line_784                Line 505-489               505               489            0.2852         -0.035626          -0.28465          0.035319
Line_785                Line 491-490               491               490           0.12853         -0.028843          -0.12849          0.028277
Line_786                Line 494-491               494               491           0.49835          0.067436          -0.49513         -0.061157
Line_787                Line 496-493               496               493           -0.1222             -0.03           0.12227          0.028968
Line_788                Line 500-493               500               493          -0.83563           0.08879           0.83874         -0.082406
Line_789                Line 505-493               505               493           -0.5602         -0.024374           0.56204          0.028398
Line_790                Line 495-494               495               494            -0.112             -0.03           0.11206          0.028943
Line_791                Line 497-506               497               506           -0.5922           0.15215           0.59753          -0.14136
Line_792                Line 502-499               502               499           0.21424          0.010846           -0.2142             -0.03
Line_793                Line 515-501               515               501          -0.16901           0.51453           0.17115          -0.51129
Line_794                Line 515-503               515               503           0.29476           0.36997          -0.29397           -0.3688
Line_795                Line 512-509               512               509          -0.17704          0.067681           0.17745         -0.068722
Line_796                Line 524-511               524               511         -0.036796          0.034414          0.036907         -0.040647
Line_797                Line 518-522               518               522           0.16718          0.023329           -0.1671            -0.024
Line_798                Line 526-519               526               519          -0.15485           0.10103           0.15504           -0.1023
Line_799                Line 525-528               525               528           0.44644          0.055485          -0.44398         -0.051533
Line_800                Line 538-536               538               536         -0.053442          -0.17196          0.053923           0.17036
Line_801                Line 540-539               540               539           0.58034         -0.015884          -0.58034          0.015918
Line_802                Line 559-539               559               539         -0.077668          -0.01518          0.077825         0.0072006
Line_803                Line 633-539               633               539         -0.073113         0.0059334          0.073135        -0.0072003
Line_804                Line 737-539               737               539          -0.18364         -0.020491           0.18405           0.01779
Line_805                Line 776-539               776               539          -0.24461          0.032986           0.24533         -0.033708
Line_806                Line 544-540               544               540          -0.14552         -0.020305           0.14616          0.013802
Line_807                Line 634-540               634               540         -0.078693         0.0079018          0.078717        -0.0091384
Line_808                Line 650-540               650               540           0.19399          -0.01599          -0.19384          0.014197
Line_809                Line 652-540               652               540          -0.40545          0.045121           0.40638         -0.044395
Line_810                Line 653-540               653               540            0.1146         -0.060654          -0.11437          0.056827
Line_811                Line 541-685               541               685            -0.033            -0.001          0.033017        -0.0041735
Line_812                Line 712-542               712               542          -0.15787          0.073506            0.1587         -0.079653
Line_813                Line 737-542               737               542           0.27655         -0.053219          -0.27506          0.051818
Line_814                Line 751-542               751               542        -0.0024482         -0.026041         0.0024606          0.017835
Line_815                Line 560-543               560               543         -0.017541           0.10821          0.017758           -0.1137
Line_816                Line 617-543               617               543          0.084647           0.20797         -0.083574          -0.21151
Line_817                Line 740-543               740               543           0.11593          -0.31773          -0.11308           0.31821
Line_818                Line 544-696               544               696          0.070616          0.018305         -0.070538         -0.022726
Line_819                Line 546-545               546               545          -0.33155          -0.32232           0.33155           0.32234
Line_820                Line 587-545               587               545          -0.19844          0.072868           0.19984         -0.078823
Line_821                Line 727-545               727               545           0.31672           0.21713          -0.31213          -0.21371
Line_822                Line 756-545               756               545         -0.066085          0.036341          0.066224         -0.043823
Line_823                Line 575-546               575               546          0.051666         -0.063141         -0.051474          0.053097
Line_824                Line 725-546               725               546          0.040463           0.13173         -0.040347          -0.13343
Line_825                Line 730-546               730               546          -0.15309          -0.36843           0.15383           0.36917
Line_826                Line 739-546               739               546         -0.080542          -0.12755          0.081244           0.12125
Line_827                Line 755-546               755               546          -0.18274          0.074869            0.1883         -0.087764
Line_828                Line 631-547               631               547           0.31593          0.014027          -0.31515         -0.014058
Line_829                Line 672-547               672               547          -0.12064          0.039563            0.1207         -0.040563
Line_830                Line 751-547               751               547         0.0024482          0.026041        -0.0024452         -0.027379
Line_831                Line 573-548               573               548           0.11875          0.084057          -0.11839         -0.088067
Line_832                Line 660-548               660               548         -0.041347         -0.072124           0.04149          0.066067
Line_833                Line 550-549               550               549         -0.099057         0.0047446          0.099142        -0.0071777
Line_834                Line 671-549               671               549           0.38784          -0.15998          -0.37266           0.17214
Line_835                Line 760-549               760               549          -0.11688           0.17827           0.11962          -0.18296
Line_836                Line 761-550               761               550            -0.055                 0          0.055057        -0.0057446
Line_837                Line 746-551               746               551          0.028553          -0.12931          -0.02793           0.11788
Line_838                Line 551-750               551               750          0.033588         -0.011145          -0.03354         0.0044889
Line_839                Line 757-551               757               551           0.28268          -0.16422          -0.28159           0.16447
Line_840                Line 784-551               784               551           -0.1764           0.27635           0.17703           -0.2762
Line_841                Line 553-552               553               552          0.037021         -0.097875         -0.036952          0.096426
Line_842                Line 588-552               588               552         -0.020117          0.020364          0.020153         -0.029411
Line_843                Line 643-552               643               552          0.029692          0.037372         -0.029594         -0.046878
Line_844                Line 771-552               771               552          0.081774          0.022451         -0.081507         -0.031137
Line_845                Line 658-553               658               553           0.20001         -0.089071          -0.19692          0.084875
Line_846                Line 703-554               703               554          -0.56793           0.16294           0.58207          -0.13589
Line_847                Line 744-554               744               554           0.64053         -0.095463          -0.62007           0.13589
Line_848                Line 555-693               555               693            0.2592         -0.018911          -0.25885          0.018511
Line_849                Line 555-785               555               785           -0.2972          0.011911           0.30052         -0.012804
Line_850                Line 559-556               559               556         -0.031232         0.0011796          0.031262          -0.01078
Line_851                Line 674-556               674               556           -0.1103          0.029802           0.11071          -0.03853
Line_852                Line 781-556               781               556           0.37736          -0.13047          -0.37377            0.1346
Line_853                Line 558-557               558               557         -0.048381          0.088944          0.048443         -0.090545
Line_854                Line 690-557               690               557           0.38467          -0.18893           -0.3805           0.19286
Line_855                Line 733-557               733               557          -0.16102           0.13332           0.16216          -0.13532
Line_856                Line 579-558               579               558          0.011883          0.078424         -0.011619         -0.088944
Line_857                Line 617-560               617               560          0.092656           0.12637         -0.092359          -0.13221
Line_858                Line 568-561               568               561           0.13721          0.041696           -0.1369            -0.044
Line_859                Line 569-562               569               562           0.13728          0.041473           -0.1369            -0.044
Line_860                Line 569-563               569               563           0.19169        -0.0082378          -0.19139         0.0070869
Line_861                Line 571-563               571               563         -0.069453          0.006397          0.069491        -0.0080869
Line_862                Line 598-564               598               564          -0.19437         -0.028966           0.19497          0.027091
Line_863                Line 655-564               655               564          -0.48247           -0.1653           0.48537           0.16864
Line_864                Line 669-564               669               564           0.06825           0.10573         -0.067836          -0.10952
Line_865                Line 654-565               654               565           0.15296         -0.047974          -0.15283          0.046676
Line_866                Line 655-565               655               565           0.27867         0.0014608          -0.27783        -0.0016522
Line_867                Line 664-565               664               565          0.048271         -0.033976         -0.048033          0.021756
Line_868                Line 762-565               762               565          -0.47501          0.073483           0.47869          -0.06678
Line_869                Line 568-566               568               566           0.15456         0.0011818          -0.15435        -0.0033351
Line_870                Line 571-566               571               566         -0.027447         -0.006397          0.027455         0.0033351
Line_871                Line 700-567               700               567           0.12798          -0.07643          -0.12745          0.070339
Line_872                Line 716-567               716               567         -0.072347          0.078736          0.072452         -0.081339
Line_873                Line 569-568               569               568          -0.54723          0.019467           0.54723         -0.019437
Line_874                Line 672-568               672               568          0.098641         -0.041563         -0.098187          0.029555
Line_875                Line 712-568               712               568          0.030292          0.050944         -0.030175         -0.055866
Line_876                Line 656-569               656               569          -0.24614        -0.0047615           0.24964         0.0018798
Line_877                Line 712-569               712               569          0.031502          0.049657         -0.031382         -0.054582
Line_878                Line 666-570               666               570           -0.0661           0.12956          0.067181          -0.13591
Line_879                Line 733-570               733               570           0.15002          -0.13332          -0.14908           0.13091
Line_880                Line 694-572               694               572         -0.066978          0.070002          0.067478         -0.076913
Line_881                Line 722-572               722               572           0.19198         -0.068121          -0.19038          0.064913
Line_882                Line 594-573               594               573          -0.25853         -0.032825           0.25979          0.031271
Line_883                Line 613-573               613               573           0.41548           0.13222          -0.41155          -0.12633
Line_884                Line 710-574               710               574          0.022002         0.0098308            -0.022            -0.011
Line_885                Line 741-575               741               575           0.14047          -0.06797          -0.13957          0.058141
Line_886                Line 576-721               576               721         -0.047395          0.022385          0.047459         -0.029461
Line_887                Line 732-576               732               576         -0.047394          0.022337          0.047395         -0.022385
Line_888                Line 581-577               581               577          0.036587         -0.072044         -0.036502          0.070239
Line_889                Line 685-577               685               577          0.023741          0.066933         -0.023498         -0.073239
Line_890                Line 661-578               661               578            0.4602          -0.10548          -0.45339           0.11276
Line_891                Line 582-579               582               579          0.044983          0.080973         -0.044883         -0.083424
Line_892                Line 580-644               580               644           -0.0739           -0.1324           0.07435           0.12707
Line_893                Line 755-581               755               581         -0.029921          0.072946          0.030224         -0.078786
Line_894                Line 765-581               765               581            0.1821          -0.11849          -0.18171           0.11783
Line_895                Line 688-582               688               582          0.086098          0.080913         -0.085585         -0.087158
Line_896                Line 749-582               749               582           0.02745          0.072316         -0.027398         -0.074815
Line_897                Line 607-583               607               583         0.0092206          -0.10597        -0.0091138           0.10362
Line_898                Line 619-583               619               583           0.14543          0.098726          -0.14479          -0.10362
Line_899                Line 584-585               584               585         -0.040613          0.011242          0.040632         -0.014562
Line_900                Line 697-584               697               584          0.049361         -0.022852         -0.049287          0.014294
Line_901                Line 585-778               585               778          -0.18453          0.069018           0.18648         -0.078799
Line_902                Line 762-586               762               586           0.31811         -0.085483           -0.3165          0.085841
Line_903                Line 765-586               765               586           -0.2321           0.10749            0.2326          -0.10784
Line_904                Line 628-587               628               587          -0.19801           0.07096           0.19844         -0.072868
Line_905                Line 595-588               595               588          0.044589        -0.0015767         -0.044546        -0.0039743
Line_906                Line 643-588               643               588          0.061364          0.019997         -0.061237          -0.02739
Line_907                Line 717-589               717               589          0.040633         0.0047909         -0.040562         -0.016001
Line_908                Line 753-589               753               589          0.058436         -0.012679         -0.058338         0.0050013
Line_909                Line 755-590               755               590           0.24433         -0.028146          -0.24234          0.023717
Line_910                Line 780-590               780               590         -0.095745          0.035799          0.096441         -0.053717
Line_911                Line 591-596               591               596          -0.20065         -0.055441           0.20108          0.053862
Line_912                Line 667-591               667               591         -0.067715         -0.046519          0.067751          0.045441
Line_913                Line 592-593               592               593           0.21764          -0.14138          -0.21698           0.14088
Line_914                Line 592-738               592               738          -0.25564           0.14138           0.25875          -0.14156
Line_915                Line 772-593               772               593         -0.078986           0.14385          0.080081          -0.14588
Line_916                Line 713-594               713               594          -0.16999         -0.010332           0.17063         0.0058254
Line_917                Line 771-595               771               595          0.078801        -0.0019851         -0.078589        -0.0064233
Line_918                Line 596-742               596               742          -0.25908         -0.053862           0.26137          0.052052
Line_919                Line 597-778               597               778            -0.045            -0.001          0.045075         -0.017676
Line_920                Line 675-598               675               598            -0.149         -0.033179           0.14937          0.028966
Line_921                Line 694-599               694               599          0.036026        -0.0020281            -0.036            -0.004
Line_922                Line 669-600               669               600          -0.12825          -0.11473           0.12951           0.10901
Line_923                Line 727-600               727               600           0.24006           0.11966          -0.23941          -0.12101
Line_924                Line 630-601               630               601           0.34028           0.06169          -0.33682          -0.05948
Line_925                Line 708-601               708               601          -0.25829         -0.055995           0.25992           0.05448
Line_926                Line 604-602               604               602          -0.10748          -0.16149           0.10765           0.16055
Line_927                Line 602-615               602               615          -0.16265          -0.17155           0.16283            0.1711
Line_928                Line 604-603               604               603          -0.16632           0.15049           0.16655          -0.15121
Line_929                Line 706-603               706               603           0.54355         -0.097893          -0.53925           0.10721
Line_930                Line 605-615               605               615          -0.19098          -0.09758           0.19133          0.096202
Line_931                Line 626-605               626               605          -0.10299         -0.093726           0.10308           0.09258
Line_932                Line 606-670               606               670          0.068562          -0.11971         -0.068445           0.11806
Line_933                Line 606-926               606               926         -0.077562           0.11871          0.077961          -0.12424
Line_934                Line 670-607               670               607          0.042233         -0.014091         -0.042221           0.01209
Line_935                Line 690-608               690               608          0.022008        -0.0047659            -0.022                 0
Line_936                Line 677-609               677               609          -0.24163           0.15691           0.24312          -0.15817
Line_937                Line 609-680               609               680          -0.29512           0.14217           0.29741          -0.14187
Line_938                Line 668-610               668               610         -0.021608           0.10499          0.021762           -0.1079
Line_939                Line 694-610               694               610           0.10188         -0.097138          -0.10166          0.094897
Line_940                Line 683-611               683               611           0.27081          0.040199          -0.26987         -0.040387
Line_941                Line 750-611               750               611          -0.21302         -0.031689           0.21487          0.029387
Line_942                Line 613-612               613               612           0.28652       -2.4544e-05          -0.28652        3.2754e-05
Line_943                Line 769-612               769               612          -0.60581          0.068296           0.61915         -0.036443
Line_944                Line 627-613               627               613          -0.27064          0.044231           0.27168         -0.045399
Line_945                Line 614-626               614               626           0.31927          -0.07758          -0.31861          0.077726
Line_946                Line 707-614               707               614           0.32178         -0.076963          -0.31927           0.07758
Line_947                Line 665-615               665               615         -0.015361         -0.071761          0.015637          0.062829
Line_948                Line 774-615               774               615          -0.34635           0.16289           0.34996          -0.16055
Line_949                Line 618-616               618               616           0.45054           0.18533           -0.4504          -0.18509
Line_950                Line 616-619               616               619            0.3785           0.16709          -0.37826          -0.16691
Line_951                Line 617-620               617               620           0.64139           0.20664          -0.63896          -0.20155
Line_952                Line 620-618               620               618           0.54206           0.19155          -0.53844          -0.18533
Line_953                Line 756-619               756               619         -0.051815         -0.054341           0.05193          0.047181
Line_954                Line 622-621               622               621           0.17719          -0.10054          -0.17702          0.099505
Line_955                Line 746-621               746               621          -0.10545           0.10231           0.10612          -0.11051
Line_956                Line 624-622               624               622           0.18826         -0.095688          -0.18819          0.095544
Line_957                Line 663-623               663               623           0.32334          -0.12481           -0.3179           0.12685
Line_958                Line 712-623               712               623          -0.13172          0.046882            0.1321         -0.051149
Line_959                Line 690-625               690               625          -0.49958            0.1827           0.50982          -0.16039
Line_960               Line 625-1348               625              1348          -0.61372           0.16039           0.62949          -0.14114
Line_961                Line 691-627               691               627          -0.13336          0.050349           0.13374         -0.055231
Line_962                Line 699-628               699               628          -0.45421           0.02211           0.45839         -0.015351
Line_963                Line 727-628               727               628           0.48826           0.10952          -0.47918         -0.093609
Line_964                Line 667-629               667               629           0.13328          -0.05442          -0.13234           0.04348
Line_965                Line 763-629               763               629         -0.023208          0.039573           0.02344          -0.05248
Line_966                Line 645-630               645               630           0.60556           0.14239          -0.59808          -0.12469
Line_967                Line 645-631               645               631           0.43312          0.030455          -0.42883         -0.025027
Line_968                Line 634-632               634               632           0.16657        -0.0095381          -0.16621         0.0063797
Line_969                Line 649-632               649               632         0.0026899          0.012811        -0.0026883          -0.01538
Line_970                Line 634-633               634               633          -0.08788         0.0016363           0.08788        -0.0016355
Line_971                Line 645-633               645               633           0.12521          0.027933          -0.12467         -0.037298
Line_972                Line 637-635               637               635           0.39876          0.029912          -0.39843         -0.029532
Line_973                Line 732-635               732               635          0.017394           0.03347         -0.017364         -0.036917
Line_974                Line 742-635               742               635          -0.29237         -0.056052           0.29389          0.055449
Line_975                Line 636-740               636               740           0.32384          -0.15332          -0.32204           0.15422
Line_976                Line 744-636               744               636           0.40419           -0.1315          -0.40074           0.13532
Line_977                Line 743-637               743               637           0.47741          0.054188          -0.46966         -0.040912
Line_978                Line 639-638               639               638        -0.0046505          -0.17782         0.0046897           0.17751
Line_979                Line 650-638               650               638          0.048821           0.19888          -0.04869          -0.19951
Line_980                Line 650-639               650               639           0.10452           0.24361          -0.10414          -0.24384
Line_981                Line 639-653               639               653          0.028886          -0.19475         -0.028844           0.19488
Line_982                Line 640-644               640               644            -0.303          -0.15409           0.30424           0.15445
Line_983                Line 653-640               653               640          -0.23565          -0.14623             0.236           0.14609
Line_984                Line 644-641               644               641           0.27596         0.0021418          -0.27496        -0.0027481
Line_985                Line 645-641               645               641           0.24998          0.043125          -0.24938         -0.044387
Line_986                Line 647-641               647               641          -0.34688          -0.03386           0.34744          0.034135
Line_987                Line 678-642               678               642           0.36664          0.026604          -0.36257         -0.024075
Line_988                Line 785-642               785               642          -0.24968         -0.015712           0.25267          0.013075
Line_989                Line 645-644               645               644          -0.05789          0.038226           0.05789         -0.038226
Line_990                Line 650-644               650               644           -0.2133          -0.22051           0.21366            0.2204
Line_991                Line 686-644               686               644          -0.38233         -0.026652           0.39208          0.037341
Line_992                Line 734-644               734               644          -0.30314          -0.10296           0.30429           0.10303
Line_993                Line 650-645               650               645          -0.24393            -0.272           0.24423            0.2714
Line_994                Line 646-770               646               770           0.08611         0.0024586         -0.085798         -0.013575
Line_995                Line 773-646               773               646           0.13048         0.0062156          -0.13011         -0.011459
Line_996                Line 649-647               649               647          -0.17459         -0.025811           0.17498           0.02286
Line_997                Line 651-648               651               648          -0.11124          0.067485           0.11129         -0.068195
Line_998                Line 652-648               652               648           0.31855         -0.052121          -0.31809          0.052195
Line_999                Line 776-651               776               651          0.099712         -0.043986         -0.099558           0.04216
Line_1000               Line 655-654               655               654           0.21632          0.077921          -0.21586          -0.07868
Line_1001               Line 701-655               701               655          0.056603         -0.065584         -0.056523          0.063916
Line_1002               Line 773-656               773               656          -0.20138        -0.0072156           0.20314         0.0037615
Line_1003              Line 1444-657              1444               657           0.11147           0.10867          -0.11098          -0.11451
Line_1004              Line 1486-657              1486               657           0.10319         -0.077474          -0.10282          0.070513
Line_1005               Line 659-703               659               703         -0.010223       -0.00016906          0.010225        -0.0024692
Line_1006               Line 659-703               659               703         -0.011777        0.00016906          0.011779        -0.0024635
Line_1007               Line 769-661               769               661           0.47991         -0.090296           -0.4762           0.10048
Line_1008               Line 663-662               663               662           0.13653         -0.030277          -0.13653          0.030279
Line_1009               Line 760-662               760               662         -0.014021          0.035991          0.014062         -0.040141
Line_1010               Line 782-662               782               662          -0.12232         -0.012707           0.12247         0.0098617
Line_1011               Line 778-663               778               663         -0.056345         -0.010946          0.056394         0.0063671
Line_1012               Line 780-663               780               663          0.040745         -0.035799         -0.040567          0.024647
Line_1013               Line 689-664               689               664           0.49856          -0.15465          -0.49277           0.16584
Line_1014               Line 676-665               676               665         -0.054143          0.022085          0.054192         -0.029005
Line_1015               Line 706-665               706               665           0.34837         -0.050192          -0.34563          0.051765
Line_1016               Line 707-666               707               666          0.010991             0.138           -0.0108          -0.14056
Line_1017               Line 703-667               703               667            0.2385         -0.092595          -0.23547          0.090939
Line_1018               Line 696-668               696               668            0.0058            0.1041        -0.0053921          -0.10999
Line_1019              Line 670-1469               670              1469          -0.20559            0.1328           0.20864          -0.14032
Line_1020               Line 754-671               754               671           0.48579          -0.12971          -0.48274           0.13298
Line_1021               Line 750-673               750               673          0.099155          0.014575           -0.0989            -0.022
Line_1022               Line 674-695               674               695          0.018405          0.090475         -0.018307         -0.093805
Line_1023               Line 675-758               675               758             0.129          0.022179          -0.12864         -0.027883
Line_1024               Line 679-677               679               677          -0.14539           0.25068           0.14673          -0.25191
Line_1025               Line 679-678               679               678           0.98507           0.25979          -0.98507          -0.25969
Line_1026               Line 684-678               684               678          -0.11973         -0.022042           0.12005          0.014573
Line_1027               Line 731-678               731               678          0.037518          -0.11714         -0.036553           0.10541
Line_1028               Line 750-678               750               678          -0.27772         -0.031677           0.28313          0.031105
Line_1029               Line 683-679               683               679          -0.43571         -0.073199           0.43823          0.076328
Line_1030               Line 684-679               684               679          -0.12107         -0.021958           0.12141          0.014512
Line_1031               Line 685-679               685               679          -0.16066          -0.08276           0.16224          0.075239
Line_1032               Line 680-688               680               688          -0.39425           0.20157           0.40009            -0.195
Line_1033               Line 680-701               680               701           0.08584           -0.0627         -0.085603          0.058584
Line_1034               Line 682-681               682               681           0.79945            0.3752           -0.7992              -0.4
Line_1035               Line 770-686               770               686          -0.26555         -0.025169           0.26843          0.022652
Line_1036               Line 745-687               745               687          0.079315          0.014355         -0.079288         -0.015598
Line_1037               Line 687-747               687               747          0.068288          0.015598         -0.068274         -0.016471
Line_1038               Line 689-688               689               688           0.20135        -0.0079266          -0.20135         0.0079307
Line_1039              Line 1359-688              1359               688          -0.28879           0.22153           0.29526          -0.22416
Line_1040               Line 749-689               749               689          -0.07245         -0.081316          0.072706          0.074789
Line_1041              Line 689-1402               689              1402         -0.048269          0.039136           0.04845          -0.05088
Line_1042               Line 691-692               691               692           0.11736         -0.055349          -0.11704          0.049981
Line_1043               Line 718-692               718               692         -0.070787         -0.069361           0.07104          0.061251
Line_1044               Line 694-693               694               693          -0.17883          0.025164           0.17895         -0.025511
Line_1045               Line 695-696               695               696         0.0023069          0.091805        -0.0022618         -0.093374
Line_1046               Line 766-697               766               697          0.092521         -0.026144         -0.092361          0.020852
Line_1047               Line 698-702               698               702          0.022272        -0.0098193         -0.022261         0.0070135
Line_1048               Line 704-698               704               698          0.090286          0.011706         -0.090272         -0.012181
Line_1049               Line 699-703               699               703           0.22441           0.11846          -0.22193          -0.12261
Line_1050               Line 710-700               710               700           0.23932         -0.068364          -0.23788           0.06543
Line_1051               Line 702-703               702               703         -0.098639         -0.014014          0.098887         0.0093439
Line_1052               Line 703-704               703               704           0.20567          0.020854          -0.20519         -0.021706
Line_1053               Line 709-705               709               705          -0.12079         -0.035776           0.12091          0.034448
Line_1054               Line 728-705               728               705            0.3903          0.096207          -0.38971          -0.10045
Line_1055               Line 707-706               707               706           0.27319          -0.21399          -0.27319             0.214
Line_1056               Line 772-707               772               707         -0.013914          -0.15485          0.014306           0.15288
Line_1057               Line 716-709               716               709           0.33856           0.11729           -0.3356          -0.11556
Line_1058               Line 720-709               720               709          -0.23583          -0.10371           0.23758           0.10233
Line_1059               Line 714-711               714               711          -0.25605           -0.2059           0.25792           0.20589
Line_1060               Line 727-711               727               711           0.26739           0.12505           -0.2654          -0.12725
Line_1061               Line 729-711               729               711          0.040538          0.078071         -0.040525         -0.078636
Line_1062               Line 720-713               720               713           0.03293          0.043708         -0.032912         -0.044668
Line_1063               Line 724-714               724               714          -0.11199          -0.19448           0.11215            0.1939
Line_1064               Line 739-715               739               715         -0.055358           0.10655          0.055494           -0.1085
Line_1065              Line 715-1190               715              1190          -0.11549            0.0995           0.11608          -0.10682
Line_1066               Line 717-716               717               716          -0.19423          0.018794           0.19423          -0.01879
Line_1067               Line 750-716               750               716          0.010876         -0.019521         -0.010859         0.0089671
Line_1068               Line 785-716               785               716          -0.15474          0.017516           0.15603         -0.027269
Line_1069               Line 719-717               719               717          -0.30712         -0.028288           0.30858          0.028327
Line_1070               Line 728-717               728               717           -0.4233          -0.10121           0.42657           0.10421
Line_1071               Line 736-717               736               717         -0.030729         0.0031714          0.030767        -0.0094128
Line_1072               Line 719-718               719               718           0.11022        -0.0047117          -0.11011         0.0033613
Line_1073               Line 755-721               755               721           0.11469           -0.0234          -0.11446          0.018461
Line_1074               Line 726-723               726               723           0.36664           0.20295          -0.36292          -0.19884
Line_1075               Line 748-723               748               723          -0.29359          -0.18071           0.29402           0.18084
Line_1076               Line 730-724               730               724          0.025194          -0.19603         -0.024907           0.19448
Line_1077               Line 748-725               748               725           0.10569           0.13171          -0.10546          -0.13373
Line_1078               Line 727-726               727               726         -0.096775         -0.092289          0.096775          0.092291
Line_1079               Line 729-726               729               726          -0.23344          -0.11007           0.23514           0.10602
Line_1080               Line 743-726               743               726          -0.54731         -0.069188           0.55403           0.08283
Line_1081               Line 754-731               754               731           0.11096          -0.12366          -0.10942           0.11514
Line_1082               Line 735-734               735               734          -0.30289          -0.10297           0.30314           0.10296
Line_1083               Line 737-735               737               735          -0.24481           0.03471           0.24499         -0.035113
Line_1084               Line 777-736               777               736          0.013274          0.012683         -0.013271         -0.014171
Line_1085              Line 1430-738              1430               738           0.37996          -0.12686          -0.37365           0.13056
Line_1086               Line 752-740               752               740           -0.3118          0.048688           0.31205         -0.048702
Line_1087               Line 779-740               779               740           0.18723          -0.10046          -0.18684          0.099722
Line_1088               Line 752-741               752               741            0.2508         -0.064688          -0.25037           0.06397
Line_1089               Line 768-744               768               744          -0.27857          0.071047           0.28028           -0.0714
Line_1090               Line 784-745               784               745            0.1454          0.018353          -0.14531         -0.019355
Line_1091               Line 777-747               777               747         -0.013274         -0.012683          0.013274          0.011471
Line_1092               Line 753-750               753               750          -0.19534         0.0016792           0.19545        -0.0021761
Line_1093               Line 759-754               759               754          -0.10217        -0.0043403           0.10221         0.0037533
Line_1094               Line 781-755               781               755          -0.41836           0.12147           0.42385          -0.11319
Line_1095               Line 774-757               774               757           0.30235          -0.16289          -0.29868           0.16422
Line_1096               Line 758-759               758               759         -0.033259         0.0028835          0.033268        -0.0056597
Line_1097               Line 764-763               764               763           0.12495          0.028826          -0.12471         -0.030836
Line_1098               Line 767-763               767               763            -0.026        1.7764e-15           0.02602        -0.0087371
Line_1099               Line 778-764               778               764           0.19135          0.024636          -0.18895         -0.030826
Line_1100               Line 778-766               778               766           0.17477         -0.079315          -0.17342          0.071308
Line_1101               Line 779-768               779               768          -0.20223          0.096461           0.20367          -0.10105
Line_1102               Line 771-770               771               770          -0.29247         -0.030466           0.29635          0.030744
Line_1103              Line 775-1133               775              1133         -0.092022          0.010061          0.092425         -0.017722
Line_1104              Line 775-1414               775              1414         -0.050878         -0.010061          0.050916         0.0051621
Line_1105               Line 783-778               783               778          -0.10449         0.0029037           0.10452        -0.0037394
Line_1106               Line 783-782               783               782          0.020587        -0.0059037         -0.020584         0.0037067
Line_1107              Line 1183-786              1183               786        8.9416e-08        -0.0053703       -1.7764e-15       -3.5527e-15
Line_1108              Line 1184-787              1184               787           0.24253        -0.0026808           -0.2418        3.5527e-15
Line_1109              Line 1484-788              1484               788          0.046006          0.040842            -0.046           -0.0412
Line_1110              Line 1483-789              1483               789        5.3461e-11       -0.00036031       -2.8422e-14        5.6843e-14
Line_1111              Line 1483-790              1483               790          0.045584           0.31483           -0.0455          -0.31482
Line_1112              Line 1483-791              1483               791        1.1994e-11       -0.00024021       -5.6843e-14       -1.1369e-13
Line_1113              Line 1240-792              1240               792          0.057207          0.046011          -0.05718         -0.047615
Line_1114              Line 1525-792              1525               792          0.054734         -0.017445          -0.05472          0.016015
Line_1115              Line 793-1514               793              1514            -0.007           -0.0026         0.0070024        -0.0026453
Line_1116              Line 1334-794              1334               794          -0.10938         -0.031987           0.10943          0.030934
Line_1117              Line 1385-794              1385               794           0.19661          0.055059          -0.19633         -0.056334
Line_1118              Line 1108-795              1108               795           0.15164         -0.086877          -0.15122          0.085059
Line_1119              Line 795-1520               795              1520         -0.099681          0.053875          0.099919         -0.057843
Line_1120               Line 797-796               797               796          -0.35175          -0.24209           0.35175           0.24211
Line_1121               Line 880-796               880               796                 0        1.4211e-14        4.9572e-09        -0.0018612
Line_1122              Line 1011-796              1011               796         -0.067092            -0.021          0.067144           0.01722
Line_1123              Line 1103-796              1103               796          0.033035         0.0033041         -0.033031        -0.0042948
Line_1124              Line 1419-796              1419               796          -0.27741         -0.031915           0.27773          0.030987
Line_1125              Line 1596-796              1596               796           -0.1289            -0.021           0.12898          0.020311
Line_1126               Line 881-797               881               797        3.5527e-15        1.4211e-14         4.957e-09        -0.0018611
Line_1127               Line 899-797               899               797          -0.10692        -0.0063987           0.10712        0.00064222
Line_1128              Line 1004-797              1004               797         -0.045873          -0.21626           0.04647           0.21415
Line_1129              Line 1379-797              1379               797          -0.13798         -0.025573           0.13814          0.022958
Line_1130              Line 1597-797              1597               797             -0.06            -0.007          0.060018         0.0062007
Line_1131               Line 799-798               799               798           0.13249         -0.039953          -0.13249          0.039955
Line_1132              Line 1134-798              1134               798             -0.03           -0.0158              0.03          0.015681
Line_1133              Line 1163-798              1163               798         -0.061446        -0.0097781          0.061493         0.0056551
Line_1134              Line 798-1299               798              1299        1.9952e-11          -0.00031       -1.4211e-14       -5.6843e-14
Line_1135               Line 799-996               799               996          -0.13249          0.040433           0.13277         -0.044474
Line_1136              Line 1135-799              1135               799       -3.0705e-16       -1.1369e-13        3.7947e-16          -0.00017
Line_1137              Line 799-1300               799              1300        1.9952e-11          -0.00031                 0        5.6843e-14
Line_1138              Line 800-1356               800              1356                 0                 0        1.5149e-11          -0.00027
Line_1139              Line 801-1356               801              1356                 0                 0        1.1966e-11          -0.00024
Line_1140              Line 1087-802              1087               802          0.019177         -0.050871         -0.019163          0.049133
Line_1141              Line 802-1586               802              1586         -0.035837         -0.068433          0.035842           0.06816
Line_1142              Line 1483-803              1483               803           0.04601         -0.001828            -0.046                 0
Line_1143              Line 1345-804              1345               804          -0.22015           0.11218           0.22092          -0.11397
Line_1144              Line 1426-804              1426               804           0.61658         -0.053394          -0.60962          0.070967
Line_1145              Line 805-1592               805              1592           -0.1339        2.2737e-13            0.1339       -0.00010171
Line_1146               Line 806-807               806               807        4.9526e-15                 0       -4.9283e-15       -9.9211e-05
Line_1147              Line 807-1328               807              1328           0.36865         -0.098208          -0.36708          0.098386
Line_1148              Line 807-1479               807              1479          -0.36865          0.098308            0.3695         -0.097286
Line_1149               Line 808-971               808               971          -0.34462         -0.097515           0.34568          0.098132
Line_1150              Line 808-1227               808              1227           0.15272          0.034415          -0.15262         -0.035555
Line_1151               Line 904-809               904               809           0.19736         -0.025031           -0.1971          0.023817
Line_1152              Line 1216-809              1216               809         0.0028681          0.058683           -0.0028         -0.063317
Line_1153              Line 1502-810              1502               810          0.057072          0.010306            -0.057           -0.0175
Line_1154               Line 811-812               811               812            -0.034           -0.0105          0.034001          0.010405
Line_1155               Line 812-860               812               860          -0.42907           0.34826           0.43561          -0.34463
Line_1156               Line 918-812               918               812          -0.38977           0.36953           0.39507          -0.35866
Line_1157               Line 813-877               813               877           0.42949          0.075415          -0.42885         -0.074488
Line_1158              Line 813-1054               813              1054          -0.56039          -0.15251           0.56236            0.1574
Line_1159              Line 1462-814              1462               814         -0.094978         -0.058338          0.095019          0.057272
Line_1160              Line 1488-814              1488               814          -0.19312          0.023936           0.19328         -0.024883
Line_1161               Line 928-815               928               815         -0.010795         -0.030049          0.010796          0.029783
Line_1162              Line 1156-815              1156               815            0.1218          0.021952          -0.12172         -0.023317
Line_1163              Line 1315-815              1315               815          0.049991           0.06522         -0.049974         -0.066066
Line_1164               Line 816-817               816               817           -0.0909           -0.0035          0.090907         0.0033349
Line_1165              Line 817-1079               817              1079           0.18884         -0.067428          -0.18786          0.063387
Line_1166              Line 1477-817              1477               817           0.28119         -0.066006          -0.27975          0.064093
Line_1167               Line 819-818               819               818          0.038025         0.0075998            -0.038           -0.0105
Line_1168               Line 819-954               819               954          -0.29512           0.10981           0.29694          -0.11083
Line_1169               Line 993-819               993               819          -0.25598            0.1162           0.25709          -0.11741
Line_1170               Line 820-838               820               838         -0.075947          0.053618          0.075984         -0.054842
Line_1171              Line 1393-820              1393               820           0.24895           0.14113          -0.24585          -0.14302
Line_1172               Line 822-821               822               821         -0.039314          -0.39682          0.039314           0.39684
Line_1173               Line 843-821               843               821            -0.046           -0.0219          0.046027          0.018281
Line_1174               Line 920-821               920               821          -0.61337           0.30069           0.61879          -0.28777
Line_1175              Line 1076-821              1076               821          -0.13601          0.043639           0.13614         -0.045529
Line_1176              Line 1199-821              1199               821           0.12319          -0.12509          -0.12309           0.12432
Line_1177              Line 1558-821              1558               821            -0.003           -0.0009         0.0030001        -0.0014032
Line_1178               Line 844-822               844               822                 0                 0        3.2446e-08        -0.0036039
Line_1179               Line 919-822               919               822         -0.015173           0.10228          0.015301          -0.10597
Line_1180               Line 924-822               924               822           0.38657          -0.19424          -0.38485           0.19682
Line_1181              Line 1355-822              1355               822          -0.40521          -0.30979           0.40586           0.31101
Line_1182              Line 1559-822              1559               822            -0.003           -0.0009         0.0030001        -0.0014328
Line_1183               Line 825-823               825               823          0.038001          0.011213            -0.038           -0.0114
Line_1184               Line 826-824               826               824          0.032001         0.0077135            -0.032           -0.0079
Line_1185              Line 825-1232               825              1232           0.54363          -0.19243          -0.54309           0.19366
Line_1186              Line 1566-825              1566               825           0.58348          -0.17743          -0.58164           0.18122
Line_1187              Line 826-1003               826              1003          -0.12737           0.32262           0.12757          -0.32256
Line_1188              Line 1566-826              1566               826         -0.094779           0.33037          0.095368          -0.33034
Line_1189               Line 827-911               827               911          -0.43422          0.057425           0.43502         -0.055992
Line_1190              Line 1337-827              1337               827          -0.41424          0.070464           0.42022         -0.066225
Line_1191               Line 828-829               828               829            -0.057           -0.0123          0.057034         0.0088464
Line_1192              Line 829-1268               829              1268           0.34769          -0.22913          -0.34437           0.23238
Line_1193              Line 1489-829              1489               829           0.40615          -0.21831          -0.40472           0.22028
Line_1194               Line 830-883               830               883         -0.099444        -0.0080498          0.099503         0.0063238
Line_1195              Line 830-1334               830              1334         -0.011456        -0.0042502          0.011456         0.0037316
Line_1196               Line 833-831               833               831            0.1181          0.018045           -0.1179            -0.021
Line_1197              Line 1154-832              1154               832          0.040015         0.0039836             -0.04            -0.007
Line_1198              Line 833-1230               833              1230          0.016149          0.016577         -0.016138         -0.021408
Line_1199              Line 1553-833              1553               833           0.13476          0.028793          -0.13425         -0.034621
Line_1200               Line 886-834               886               834         -0.087282         -0.071019          0.087628           0.06405
Line_1201               Line 991-834               991               834          0.049233        -0.0088599         -0.049154        -0.0021552
Line_1202              Line 1175-834              1175               834          -0.32579           0.10895           0.32755          -0.10888
Line_1203              Line 1178-834              1178               834           -0.5256           0.13573           0.53002          -0.12835
Line_1204              Line 1467-834              1467               834          -0.17807          -0.13103           0.17929           0.12731
Line_1205              Line 1020-835              1020               835          -0.24896           0.14807           0.25226          -0.15066
Line_1206              Line 1106-835              1106               835           0.43559         -0.050683          -0.43416          0.052456
Line_1207               Line 890-836               890               836           -0.3709            0.1056           0.37225          -0.10482
Line_1208              Line 1105-836              1105               836          -0.18496         -0.081044           0.18526          0.079401
Line_1209              Line 836-1365               836              1365            0.1458          0.038983           -0.1449         -0.047284
Line_1210              Line 837-1097               837              1097          0.082926          0.041599         -0.082848         -0.044165
Line_1211              Line 1552-837              1552               837           0.16595          0.040465          -0.16583         -0.041599
Line_1212               Line 966-838               966               838           0.26807        -0.0043481          -0.26788         0.0040423
Line_1213               Line 840-839               840               839           0.24718          -0.16405          -0.24483           0.16414
Line_1214              Line 1349-839              1349               839            -0.156           0.16122           0.15693          -0.16414
Line_1215               Line 840-887               840               887          -0.33048           0.19191           0.34115          -0.18493
Line_1216              Line 1562-840              1562               840         -0.083205           0.02601          0.083301         -0.027859
Line_1217              Line 841-1095               841              1095           -0.0959           -0.0202          0.095908          0.020098
Line_1218              Line 842-1096               842              1096           -0.0709           -0.0254          0.070905           0.02526
Line_1219               Line 845-870               845               870           -0.1419             -0.05           0.14192          0.049889
Line_1220               Line 846-871               846               871           -0.1469             -0.05           0.14692          0.049892
Line_1221               Line 847-871               847               871           -0.1099           -0.0579           0.10991          0.057777
Line_1222               Line 848-870               848               870        5.6843e-14       -1.1369e-13         2.899e-12       -0.00011882
Line_1223              Line 849-1320               849              1320           0.44871           -0.2433          -0.44633           0.24644
Line_1224              Line 1426-849              1426               849           0.64475          -0.18316          -0.63661             0.196
Line_1225              Line 1087-850              1087               850          0.083844        -0.0015782         -0.083809        4.2085e-05
Line_1226              Line 1594-850              1594               850          0.042114          0.045251         -0.042091         -0.047342
Line_1227              Line 1066-851              1066               851          -0.19263          -0.12082           0.19293           0.11965
Line_1228              Line 851-1328               851              1328          0.094481          -0.15634         -0.094204           0.15439
Line_1229              Line 1538-851              1538               851           0.43383         -0.020042          -0.42932          0.026192
Line_1230              Line 1560-852              1560               852           0.18766         -0.040575          -0.18728          0.038753
Line_1231              Line 852-1589               852              1589          0.077382         -0.096653          -0.07733          0.095698
Line_1232               Line 853-855               853               855           -0.0809           -0.0254          0.080906          0.025192
Line_1233               Line 854-856               854               856                 0                 0        8.7226e-11       -0.00045972
Line_1234               Line 855-997               855               997          -0.17538         -0.022036            0.1754           0.02175
Line_1235              Line 1573-855              1573               855         -0.094435         0.0018803          0.094472        -0.0031558
Line_1236               Line 864-856               864               856          -0.24425         -0.064285           0.24441          0.063962
Line_1237               Line 856-997               856               997          -0.24441         -0.063502           0.24446          0.063457
Line_1238              Line 857-1169               857              1169           0.30988          0.058827          -0.30727         -0.058148
Line_1239              Line 1293-857              1293               857           0.35692          0.064666          -0.35388         -0.063227
Line_1240               Line 858-945               858               945           0.18402          0.019459           -0.1839           -0.0202
Line_1241              Line 1162-858              1162               858        -0.0099259         -0.066126         0.0099556          0.064042
Line_1242              Line 1173-858              1173               858            -0.051           -0.0114          0.051005          0.011175
Line_1243              Line 858-1205               858              1205          -0.44684         -0.047981           0.44788           0.04975
Line_1244              Line 1372-858              1372               858         -0.026891          0.097758          0.026963         -0.099295
Line_1245               Line 859-946               859               946        1.0854e-09        -0.0011307        3.5527e-15                 0
Line_1246              Line 1113-859              1113               859          0.039588          0.080313         -0.039519          -0.08249
Line_1247              Line 1174-859              1174               859            -0.053            0.0053          0.053005        -0.0055267
Line_1248              Line 1358-859              1358               859           0.27441         -0.030865           -0.2739          0.030235
Line_1249              Line 859-1362               859              1362           0.17251          0.017713          -0.17243         -0.018374
Line_1250              Line 860-1556               860              1556          -0.60951           0.32013           0.62086          -0.31129
Line_1251              Line 1107-861              1107               861          0.091434           0.08508         -0.091127         -0.090618
Line_1252              Line 1585-861              1585               861           0.12475         -0.012354          -0.12467          0.010818
Line_1253               Line 947-862               947               862           0.13796         0.0010578          -0.13791        -0.0016308
Line_1254              Line 1561-862              1561               862        -0.0059997          0.023087         0.0060096         -0.027269
Line_1255               Line 864-863               864               863        9.8044e-10         -0.001087                 0                 0
Line_1256               Line 990-864               990               864          -0.24398         -0.065943           0.24425          0.065372
Line_1257              Line 1432-865              1432               865          -0.13157           0.15261           0.13174          -0.15353
Line_1258              Line 1575-865              1575               865           0.31732          -0.10232          -0.31364           0.10183
Line_1259              Line 866-1196               866              1196          -0.23627         -0.014723           0.23665          0.013733
Line_1260              Line 1531-866              1531               866          -0.17215         0.0044483           0.17227        -0.0054771
Line_1261               Line 867-869               867               869           -0.0899           -0.0175          0.089942          0.015952
Line_1262              Line 1288-868              1288               868          0.077932           0.01694           -0.0779           -0.0184
Line_1263               Line 888-869               888               869            0.2256         -0.045849           -0.2256          0.045873
Line_1264               Line 869-914               869               914           0.13566         -0.061825          -0.13537          0.058123
Line_1265              Line 1214-870              1214               870          -0.16598           0.12316           0.16667          -0.12707
Line_1266              Line 1411-870              1411               870          -0.10847         -0.086055           0.10859          0.084115
Line_1267              Line 1418-870              1418               870           0.48614          0.036419          -0.48418         -0.033115
Line_1268               Line 896-871               896               871          0.075582         -0.023277         -0.075489          0.019438
Line_1269              Line 1418-871              1418               871           0.21789           0.13638          -0.21734          -0.13761
Line_1270              Line 1020-872              1020               872         -0.076343         -0.088024          0.076398           0.08676
Line_1271              Line 872-1384               872              1384           -0.1633          -0.08676           0.16415          0.081292
Line_1272               Line 873-874               873               874           -0.1039           -0.0237           0.10401           0.02098
Line_1273              Line 874-1098               874              1098          0.036784          0.034693         -0.036784         -0.034691
Line_1274              Line 1552-874              1552               874           0.14102          0.052996           -0.1408         -0.055673
Line_1275               Line 875-876               875               876           -0.0849           -0.0254           0.08492          0.025124
Line_1276              Line 1323-876              1323               876          -0.48945           0.17898           0.49129          -0.17542
Line_1277              Line 876-1389               876              1389          -0.57621            0.1503           0.58432          -0.13877
Line_1278              Line 1050-877              1050               877          -0.31584         -0.033344           0.31695          0.033288
Line_1279               Line 879-878               879               878           0.71664          -0.30865          -0.71664           0.30871
Line_1280              Line 1320-878              1320               878           0.34143          -0.26134           -0.3402             0.262
Line_1281              Line 1543-878              1543               878          -0.76719           0.41874           0.77795          -0.40202
Line_1282              Line 879-1325               879              1325          0.014777        -0.0081893         -0.014774         0.0044481
Line_1283              Line 1426-879              1426               879            0.7467           -0.2859          -0.73142           0.31684
Line_1284              Line 1470-882              1470               882          -0.25649          0.026068           0.25775         -0.028564
Line_1285              Line 882-1503               882              1503          -0.30675          0.013664           0.31001         -0.015316
Line_1286              Line 1490-883              1490               883           0.17846          0.028698           -0.1784         -0.029124
Line_1287               Line 885-884               885               884          0.074053          -0.16323            -0.074            0.1629
Line_1288               Line 885-890               885               890          -0.21459           0.11276             0.218           -0.1161
Line_1289              Line 1476-885              1476               885           -0.1393         -0.055477           0.14054          0.050472
Line_1290              Line 1294-886              1294               886           0.04179         -0.071687         -0.041618          0.064919
Line_1291              Line 887-1178               887              1178          -0.41805           0.16473            0.4257          -0.15585
Line_1292               Line 996-888               996               888           0.23402         -0.040254           -0.2336          0.038849
Line_1293              Line 1076-889              1076               889           0.12201         -0.044539          -0.12191          0.042986
Line_1294              Line 1207-889              1207               889            -0.013          0.041355           0.01301         -0.042986
Line_1295              Line 891-1057               891              1057       -0.00084377         -0.024566        0.00084571          0.023522
Line_1296              Line 1459-891              1459               891           0.22017          0.058072          -0.21996         -0.058734
Line_1297               Line 893-892               893               892           0.11614          -0.12519          -0.11614           0.12519
Line_1298              Line 1013-892              1013               892                 0                 0        1.6373e-10          -0.00063
Line_1299              Line 1206-892              1206               892           -0.3202          0.057762           0.32073         -0.057889
Line_1300              Line 1448-892              1448               892           0.39225          -0.14031          -0.39139           0.14126
Line_1301              Line 1312-893              1312               893          -0.26734          0.021504            0.2677         -0.022199
Line_1302              Line 1449-893              1449               893           0.38468           -0.1465          -0.38384           0.14738
Line_1303              Line 894-1077               894              1077           0.91086          -0.25549          -0.90418           0.27422
Line_1304              Line 1514-894              1514               894            1.0282          -0.19897           -1.0228           0.21519
Line_1305               Line 986-895               986               895           0.37182          -0.11893          -0.37169           0.11909
Line_1306              Line 1424-895              1424               895          -0.30476          0.049983           0.30539         -0.050005
Line_1307              Line 1083-896              1083               896           0.15466       -0.00044893          -0.15448        -0.0012231
Line_1308               Line 897-898               897               898            -0.012           -0.0026             0.012         0.0026001
Line_1309              Line 898-1289               898              1289          -0.19123           0.15819           0.19352           -0.1633
Line_1310              Line 2089-898              2089               898            -0.178           0.15725           0.17923          -0.16079
Line_1311               Line 923-899               923               899            -0.037        -0.0051998          0.037023       -0.00060128
Line_1312              Line 1230-900              1230               900          0.046085          0.015653         -0.046083         -0.015935
Line_1313              Line 1482-900              1482               900          0.066882          0.017412         -0.066817         -0.021765
Line_1314               Line 961-901               961               901           0.18158          -0.14434            -0.181           0.14227
Line_1315              Line 901-1561               901              1561        -0.0059978          0.022191         0.0059997         -0.023087
Line_1316               Line 903-902               903               902          0.095917          0.033688           -0.0959           -0.0342
Line_1317               Line 903-916               903               916           0.13887           0.15894          -0.13868          -0.16007
Line_1318              Line 1184-903              1184               903           0.23517           0.19218          -0.23479          -0.19262
Line_1319              Line 1201-904              1201               904           0.48113          0.041455          -0.48016         -0.039869
Line_1320               Line 906-905               906               905           0.51967           0.24807          -0.51967          -0.24803
Line_1321              Line 905-1372               905              1372          0.076048           0.13163         -0.076009          -0.13196
Line_1322              Line 905-1569               905              1569           0.34673          0.086605          -0.34651         -0.086474
Line_1323              Line 1095-906              1095               906           0.50336           0.26984          -0.50226          -0.26715
Line_1324              Line 1570-906              1570               906           0.11634         0.0057768          -0.11632        -0.0063162
Line_1325              Line 907-1201               907              1201           -0.2418           -0.0552           0.24195          0.054449
Line_1326              Line 908-1203               908              1203           -0.3648         -0.040327           0.36514          0.040649
Line_1327              Line 1387-908              1387               908           -0.1579           -0.0184             0.158         0.0026272
Line_1328              Line 1058-909              1058               909           0.21041        -0.0051553          -0.21015         0.0035281
Line_1329              Line 1245-909              1245               909          -0.19968         0.0055889           0.20015        -0.0079281
Line_1330              Line 910-1156               910              1156           0.13592          0.023703           -0.1358         -0.025452
Line_1331              Line 910-1251               910              1251          -0.20502          0.068137           0.20514         -0.068609
Line_1332               Line 911-979               911               979           0.87112           -0.1404          -0.86341           0.18607
Line_1333              Line 911-1478               911              1478           0.93593          -0.10854          -0.93079           0.13995
Line_1334               Line 912-965               912               965           0.48969          -0.10517          -0.48741           0.11095
Line_1335              Line 1025-912              1025               912          -0.30144          0.095516           0.30666          -0.09691
Line_1336              Line 1293-912              1293               912          -0.43708          0.014362           0.44393        -0.0039921
Line_1337              Line 1294-912              1294               912          -0.38158          0.027138           0.38678         -0.022059
Line_1338              Line 1420-912              1420               912          -0.32776          0.078553           0.32946         -0.078337
Line_1339              Line 912-1572               912              1572           0.64444         -0.084485          -0.64304          0.091415
Line_1340              Line 1454-913              1454               913           -0.1811         -0.033162           0.18206          0.028633
Line_1341              Line 1577-913              1577               913           0.28668          0.031865          -0.28496         -0.033033
Line_1342              Line 1279-914              1279               914          0.024139         -0.042465         -0.024133          0.041632
Line_1343               Line 933-915               933               915                 0                 0        9.9192e-12       -0.00021677
Line_1344              Line 1072-915              1072               915            -0.047           -0.0105          0.047002           0.01022
Line_1345              Line 1095-915              1095               915          -0.07956          -0.13912          0.079646            0.1381
Line_1346              Line 1236-915              1236               915           0.12674           0.14745          -0.12665          -0.14811
Line_1347               Line 934-916               934               916       -1.4211e-14                 0        9.9192e-12       -0.00021682
Line_1348              Line 1073-916              1073               916            -0.041           -0.0193          0.041002             0.019
Line_1349              Line 1095-916              1095               916         -0.097582          -0.14224          0.097681           0.14128
Line_1350              Line 917-1413               917              1413           0.60847         -0.094165          -0.60034           0.11115
Line_1351              Line 1426-917              1426               917           0.69302          -0.21162          -0.68047           0.24105
Line_1352              Line 1503-918              1503               918          -0.32688           0.39911           0.33077          -0.39233
Line_1353               Line 974-919               974               919          -0.46837           0.14171           0.47336          -0.13458
Line_1354              Line 919-1049               919              1049           0.27408         -0.073235          -0.27249          0.071581
Line_1355              Line 1077-919              1077               919           0.78128          -0.32072          -0.77596           0.33507
Line_1356              Line 1102-920              1102               920          -0.36473         -0.015685           0.36539          0.015054
Line_1357              Line 920-1343               920              1343          -0.20529          0.030057           0.20561          -0.03158
Line_1358              Line 1575-920              1575               920          -0.42522          0.091817           0.42917         -0.088083
Line_1359              Line 921-1207               921              1207          0.011021          0.045414            -0.011         -0.048355
Line_1360              Line 921-1344               921              1344           0.50899          -0.23948          -0.50664           0.24474
Line_1361              Line 1513-921              1513               921           0.52617          -0.18242          -0.52001           0.19407
Line_1362               Line 922-923               922               923            -0.037           -0.0088             0.037         0.0087811
Line_1363              Line 924-1071               924              1071          -0.38657           0.19424           0.38767          -0.19266
Line_1364               Line 925-926               925               926            -0.047           -0.0175          0.047002          0.017337
Line_1365              Line 926-1190               926              1190          -0.12496            0.1069           0.12543          -0.11127
Line_1366               Line 927-928               927               928                 0                 0        2.6759e-11       -0.00035827
Line_1367              Line 1220-928              1220               928         -0.010792         -0.031214          0.010795          0.030407
Line_1368              Line 929-1139               929              1139         -0.088874         -0.069364          0.088978          0.066667
Line_1369              Line 929-1240               929              1240           0.23237          0.092759          -0.23211         -0.093311
Line_1370              Line 1410-929              1410               929          -0.22271          0.019376           0.22401         -0.023553
Line_1371              Line 1138-930              1138               930          0.080916       -0.00088573           -0.0809       -1.4211e-14
Line_1372               Line 932-931               932               931        7.3612e-12       -0.00018577       -2.8422e-14                 0
Line_1373              Line 932-1381               932              1381           0.49628           0.12284          -0.49605          -0.12234
Line_1374              Line 1452-932              1452               932           0.49672           0.12354          -0.49628          -0.12266
Line_1375               Line 935-936               935               936            -0.014           -0.0044             0.014         0.0041591
Line_1376              Line 1235-936              1235               936           0.32085           0.16558          -0.32022           -0.1654
Line_1377              Line 936-1565               936              1565           0.30622           0.16124          -0.30602          -0.16116
Line_1378               Line 937-938               937               938        1.2461e-14       -2.2737e-13       -1.2462e-14       -1.9626e-05
Line_1379              Line 1095-938              1095               938          -0.10611          0.022686           0.10612         -0.023088
Line_1380              Line 938-1531               938              1531          -0.10612          0.023108           0.10614         -0.023587
Line_1381              Line 939-1416               939              1416           -1.3778           0.39904            1.3966           -0.3458
Line_1382              Line 1513-939              1513               939           -1.3588           0.41574            1.3638          -0.39994
Line_1383               Line 940-944               940               944       -1.5248e-15                 0        1.5352e-15       -6.9872e-05
Line_1384               Line 941-944               941               944       -1.5248e-15                 0        1.5352e-15       -6.9872e-05
Line_1385               Line 957-942               957               942          -0.21783         -0.061673           0.21813            0.0608
Line_1386              Line 942-1096               942              1096          -0.25913           -0.0783           0.25926          0.078106
Line_1387              Line 1274-943              1274               943            0.1125        -0.0075698          -0.11242         0.0059423
Line_1388              Line 1539-943              1539               943         -0.031517          0.030497          0.031523         -0.031342
Line_1389              Line 944-1117               944              1117            -0.004          0.001637         0.0040001        -0.0034234
Line_1390              Line 944-1591               944              1591        2.3189e-09        -0.0014973       -3.5527e-15       -1.4211e-14
Line_1391              Line 947-1229               947              1229          -0.26086         -0.018558           0.26108          0.018077
Line_1392              Line 948-1199               948              1199           0.17042           -0.1182           -0.1702           0.11718
Line_1393              Line 1256-948              1256               948           0.39357         -0.086801          -0.39222          0.088397
Line_1394              Line 1087-949              1087               949         -0.052597          0.029759          0.052612         -0.031005
Line_1395              Line 949-1422               949              1422         -0.086612          0.020505          0.086692         -0.023901
Line_1396               Line 950-979               950               979            -0.004           -0.0061         0.0040001         0.0058589
Line_1397               Line 951-978               951               978            -0.007           -0.0079         0.0070002         0.0076599
Line_1398               Line 953-952               953               952           0.17899          0.065365           -0.1789           -0.0658
Line_1399              Line 953-1075               953              1075           0.39163         -0.081341          -0.38977          0.083078
Line_1400              Line 1184-953              1184               953           0.57252         -0.012358          -0.57062          0.015976
Line_1401               Line 954-968               954               968          -0.39384          0.099429           0.39631         -0.097378
Line_1402               Line 997-955               997               955           0.18912          0.091235           -0.1889           -0.0921
Line_1403               Line 997-956               997               956        1.2116e-09          -0.00121                 0       -1.4211e-14
Line_1404              Line 1063-957              1063               957         -0.098902         -0.013713          0.098935          0.012573
Line_1405              Line 1469-958              1469               958          0.033005         0.0068887            -0.033           -0.0079
Line_1406              Line 1168-959              1168               959           0.14384          -0.22563             -0.14           0.22443
Line_1407              Line 1350-959              1350               959                 0        3.5527e-15        1.0102e-06        -0.0089517
Line_1408               Line 960-961               960               961             -0.01           -0.0061              0.01         0.0054527
Line_1409              Line 1282-961              1282               961           0.22675          -0.13659          -0.22658           0.13629
Line_1410               Line 978-962               978               962           0.27595         -0.027101          -0.27506          0.026071
Line_1411              Line 1581-962              1581               962          -0.17336          0.064677           0.17416         -0.069871
Line_1412              Line 963-1331               963              1331          0.012363          0.052433          -0.01235         -0.053754
Line_1413              Line 1460-963              1460               963           0.14642            0.1012          -0.14626          -0.10243
Line_1414              Line 1338-964              1338               964           0.15847          0.046328          -0.15811         -0.049169
Line_1415              Line 964-1345               964              1345          -0.05969         0.0061687          0.059745         -0.010334
Line_1416               Line 965-973               965               973           0.40051          -0.13285          -0.39933           0.13417
Line_1417               Line 967-966               967               966           0.16917            0.1782          -0.16917           -0.1782
Line_1418              Line 966-1149               966              1149          0.086188         -0.026324         -0.085917          0.015971
Line_1419              Line 966-1215               966              1215          -0.33125           0.17034           0.33698          -0.16562
Line_1420              Line 1263-966              1263               966           -0.1459           -0.0412           0.14616          0.038528
Line_1421               Line 967-982               967               982          0.048319          -0.13309         -0.047496           0.12691
Line_1422              Line 1268-967              1268               967           0.30837          0.025155          -0.30296         -0.025362
Line_1423              Line 967-1324               967              1324           0.29774          0.098285           -0.2968           -0.0982
Line_1424              Line 967-1502               967              1502          -0.21226          -0.11804           0.21519           0.10738
Line_1425               Line 979-968               979               968           0.32623           -0.1365          -0.31842           0.13971
Line_1426              Line 1025-968              1025               968           0.26289          -0.13808          -0.25879           0.13714
Line_1427              Line 1516-968              1516               968           -0.0859           -0.0114          0.085999         0.0068903
Line_1428               Line 969-971               969               971        2.6611e-15                 0       -2.6489e-15       -7.0263e-05
Line_1429               Line 972-970               972               970             0.019          0.006652            -0.019            -0.007
Line_1430              Line 971-1382               971              1382          -0.34568         -0.098062           0.34579           0.09811
Line_1431              Line 972-1235               972              1235           0.39126           0.18449          -0.38975          -0.18308
Line_1432              Line 1384-972              1384               972           0.41043           0.19129          -0.41026          -0.19114
Line_1433               Line 979-973               979               973          -0.11522           0.15422           0.11547          -0.15567
Line_1434              Line 1480-973              1480               973            -0.037            -0.007          0.037004         0.0062606
Line_1435              Line 1481-973              1481               973           -0.1609           -0.0079           0.16096         0.0073435
Line_1436              Line 974-1431               974              1431           0.46637          -0.14171          -0.45735           0.15383
Line_1437              Line 1354-975              1354               975           0.19021          -0.19803          -0.18978           0.19725
Line_1438              Line 1366-975              1366               975          -0.15832           0.21138           0.15878          -0.21215
Line_1439              Line 976-1415               976              1415            -0.057           -0.0184             0.057          0.018284
Line_1440              Line 977-1415               977              1415        9.2478e-15                 0       -9.2131e-15       -0.00011878
Line_1441               Line 998-978               998               978           0.29783          -0.11285          -0.29617           0.11251
Line_1442              Line 978-1024               978              1024          0.075322          -0.04159         -0.074671          0.025009
Line_1443              Line 1293-978              1293               978          -0.21752         -0.087237           0.21969          0.084972
Line_1444              Line 1318-978              1318               978          -0.22875          0.091682           0.23088         -0.093967
Line_1445              Line 1478-978              1478               978           0.78389          -0.15135          -0.78073           0.16778
Line_1446              Line 1319-979              1319               979          -0.17571          0.046729           0.17687         -0.051091
Line_1447              Line 979-1501               979              1501          0.083357          0.002654         -0.083277        -0.0063292
Line_1448               Line 981-980               981               980          0.068917          0.019478           -0.0689           -0.0202
Line_1449              Line 981-1292               981              1292          -0.16962          0.019859           0.16967         -0.020189
Line_1450              Line 1402-981              1402               981          -0.10045           0.03508            0.1007         -0.039337
Line_1451              Line 982-1470               982              1470         -0.077404          -0.16111          0.078531           0.15625
Line_1452               Line 985-983               985               983           0.12294          0.040592           -0.1229           -0.0412
Line_1453               Line 986-984               986               984        8.7283e-11       -0.00045992                 0                 0
Line_1454              Line 1058-985              1058               985          -0.38531         -0.026445           0.38619          0.025872
Line_1455              Line 985-1306               985              1306          -0.50913         -0.066465           0.50979          0.066803
Line_1456              Line 1307-986              1307               986           0.37207          -0.11929          -0.37182           0.11939
Line_1457               Line 987-989               987               989                 0                 0        4.4734e-10       -0.00084885
Line_1458               Line 988-990               988               990           -0.1769           -0.0456           0.17698          0.045058
Line_1459               Line 989-996               989               996            -0.059         -0.011334          0.059027          0.008999
Line_1460              Line 1125-989              1125               989            -0.059           -0.0123             0.059          0.012183
Line_1461              Line 1126-990              1126               990            -0.067            -0.021             0.067          0.020885
Line_1462              Line 1501-991              1501               991          0.049277         -0.014671         -0.049233         0.0088599
Line_1463              Line 1183-992              1183               992           0.30774          0.080531          -0.30724         -0.080723
Line_1464              Line 992-1459               992              1459           0.27524          0.078123          -0.27517         -0.078226
Line_1465               Line 994-993               994               993          -0.21588        2.3916e-05           0.21588       -1.9255e-05
Line_1466              Line 994-1289               994              1289           0.34853          -0.14315          -0.34642            0.1431
Line_1467              Line 1407-994              1407               994           0.18312          -0.12252          -0.18165           0.12018
Line_1468              Line 1017-995              1017               995            0.5378          -0.17383          -0.53384           0.18155
Line_1469              Line 1112-995              1112               995          -0.65862         -0.063217           0.65934          0.064835
Line_1470              Line 1145-995              1145               995          -0.27145         -0.089981            0.2722          0.089053
Line_1471              Line 1378-995              1378               995          -0.30806          -0.03875           0.30846          0.038641
Line_1472              Line 1539-995              1539               995          -0.44333         -0.082956           0.44503          0.085087
Line_1473              Line 1401-996              1401               996           0.14364         -0.071543          -0.14341          0.069122
Line_1474              Line 1111-997              1111               997         -0.035531          0.015432          0.035532         -0.015817
Line_1475              Line 1127-997              1127               997          0.079057          -0.27411         -0.078314           0.27363
Line_1476              Line 1222-997              1222               997           0.40114          -0.22693           -0.3992            0.2298
Line_1477              Line 1572-998              1572               998           0.37524          -0.11242          -0.37473           0.11285
Line_1478              Line 1241-999              1241               999          -0.10774         -0.048544           0.10782          0.047003
Line_1479              Line 999-1311               999              1311          -0.24272         -0.087303           0.24334          0.086517
Line_1480             Line 1000-1556              1000              1556            -0.034       -5.6843e-14          0.034001       -0.00018422
Line_1481             Line 1001-1556              1001              1556            -0.007                 0             0.007       -0.00021548
Line_1482             Line 1002-1003              1002              1003            -0.056           -0.0149          0.056006          0.014344
Line_1483             Line 1003-1491              1003              1491          -0.18357           0.30822           0.18411            -0.308
Line_1484             Line 1008-1004              1008              1004          0.033868           0.35843         -0.033227          -0.35818
Line_1485             Line 1005-1007              1005              1007            -0.045           -0.0123          0.045002          0.012034
Line_1486             Line 1006-1008              1006              1008       -4.0488e-15                 0        4.0523e-15       -2.0137e-05
Line_1487             Line 1007-1010              1007              1010          0.092925          0.036399           -0.0929           -0.0368
Line_1488             Line 1553-1007              1553              1007           0.13801           0.04787          -0.13793         -0.048434
Line_1489             Line 1552-1008              1552              1008          0.034398           0.35852         -0.033868          -0.35841
Line_1490             Line 1371-1009              1371              1009            0.2538          0.058756           -0.2538           -0.0587
Line_1491             Line 1552-1011              1552              1011          0.079881          0.058866         -0.079808           -0.0605
Line_1492             Line 1193-1012              1193              1012          -0.18644        -0.0012235           0.18739        -0.0035195
Line_1493             Line 1553-1012              1553              1012           0.28189          0.010488          -0.27829          -0.01668
Line_1494             Line 1014-1017              1014              1017           -0.1789           -0.0272           0.17893          0.027134
Line_1495             Line 1015-1019              1015              1019           -0.1849           -0.0745           0.18493          0.074342
Line_1496             Line 1016-1018              1016              1018           -0.6333           -0.1841           0.63366           0.18465
Line_1497             Line 1191-1017              1191              1017           0.71717          -0.14532          -0.71672            0.1467
Line_1498             Line 1192-1018              1192              1018           0.77792           0.11253          -0.77741          -0.11128
Line_1499             Line 1018-1401              1018              1401           0.14375         -0.073368          -0.14364          0.072292
Line_1500             Line 1019-1191              1019              1191          -0.25196         -0.084445           0.25202           0.08438
Line_1501             Line 1287-1019              1287              1019            -0.067           -0.0123          0.067031          0.010103
Line_1502             Line 1020-1522              1020              1522         -0.068398         -0.085446          0.068427          0.084647
Line_1503             Line 1021-1136              1021              1136       -2.9482e-09         0.0014046        3.0164e-08        -0.0032062
Line_1504             Line 1468-1021              1468              1021       -2.9482e-09         0.0014046        2.9482e-09        -0.0014046
Line_1505             Line 1230-1022              1230              1022          0.020001         0.0027771             -0.02           -0.0035
Line_1506             Line 1231-1023              1231              1023        4.6415e-10       -0.00074785                 0                 0
Line_1507             Line 1025-1024              1025              1024          0.038552           0.05022         -0.038552         -0.050219
Line_1508             Line 1308-1024              1308              1024           0.11701          -0.10531          -0.11673            0.1025
Line_1509             Line 2083-1024              2083              1024           -0.0429              0.01          0.043049         -0.022631
Line_1510             Line 1872-1025              1872              1025       -8.8818e-16       -5.3291e-15        5.2024e-07         -0.007651
Line_1511             Line 1153-1026              1153              1026          -0.46747          0.050908           0.46915         -0.048244
Line_1512             Line 1583-1026              1583              1026           0.51081         -0.041007          -0.51015          0.042144
Line_1513             Line 1216-1027              1216              1027           0.05385          -0.11109           -0.0538           0.11058
Line_1514             Line 1216-1028              1216              1028         0.0031242         -0.085703           -0.0031          0.085171
Line_1515             Line 1217-1029              1217              1029          0.053979          -0.22588           -0.0538           0.22565
Line_1516             Line 1031-1030              1031              1030          0.024063          0.039343         -0.024063         -0.039343
Line_1517             Line 1524-1030              1524              1030           0.21702         -0.041237          -0.21674          0.039343
Line_1518             Line 1216-1031              1216              1031          0.024068          0.038249         -0.024063         -0.039343
Line_1519             Line 1524-1032              1524              1032          0.077911          0.019588           -0.0779           -0.0202
Line_1520             Line 1523-1033              1523              1033          0.099919          0.040589           -0.0999           -0.0412
Line_1521             Line 1217-1034              1217              1034          0.067004          0.010103            -0.067           -0.0105
Line_1522             Line 1216-1035              1216              1035          0.056003       -0.00043171            -0.056        5.6843e-14
Line_1523             Line 1217-1036              1217              1036          0.077905          0.019907           -0.0779           -0.0202
Line_1524             Line 1523-1037              1523              1037           0.11091           0.05843           -0.1109           -0.0587
Line_1525             Line 1524-1038              1524              1038          0.089908          0.031263           -0.0899           -0.0316
Line_1526             Line 1040-1039              1040              1039            0.3634         -0.034407           -0.3634           0.03442
Line_1527             Line 1216-1039              1216              1039         -0.078566          0.032074          0.078602          -0.03442
Line_1528             Line 1524-1040              1524              1040           0.36362         -0.034475           -0.3634          0.034407
Line_1529             Line 1041-1043              1041              1043            -0.012                 0             0.012       -9.9581e-05
Line_1530             Line 1044-1042              1044              1042             0.012       -0.00011962            -0.012                 0
Line_1531             Line 1142-1043              1142              1043           0.46033          -0.18808          -0.45136           0.20041
Line_1532             Line 1043-1217              1043              1217           0.43936          -0.20031           -0.4384           0.20152
Line_1533             Line 1044-1217              1044              1217           0.35072          -0.12106          -0.35015           0.12132
Line_1534             Line 1523-1044              1523              1044           0.36357           -0.1203          -0.36272           0.12118
Line_1535             Line 1306-1045              1306              1045          -0.68069         -0.066827           0.68108          0.067728
Line_1536             Line 1536-1045              1536              1045           0.70173          0.081047          -0.70008         -0.076528
Line_1537             Line 1046-1050              1046              1050            -0.032            -0.007          0.032005         0.0055058
Line_1538             Line 1047-1050              1047              1050        3.5527e-15       -1.4211e-14        1.9702e-09         -0.001363
Line_1539             Line 1048-1049              1048              1049       -1.4211e-14       -5.6843e-14        2.6859e-11       -0.00035942
Line_1540             Line 1049-1450              1049              1450           0.27249         -0.071222          -0.27184          0.070464
Line_1541             Line 1147-1050              1147              1050          -0.28328         -0.029704           0.28383          0.029201
Line_1542             Line 1071-1051              1071              1051          -0.39967           0.18656           0.40147          -0.18418
Line_1543             Line 1440-1051              1440              1051           0.63903          -0.11143          -0.63727           0.11488
Line_1544             Line 1436-1052              1436              1052          -0.70917           0.29129           0.71014          -0.28937
Line_1545             Line 1439-1052              1439              1052           0.71209          -0.28497          -0.71014           0.28937
Line_1546             Line 1083-1053              1083              1053          -0.27643         -0.042167           0.27721          0.041317
Line_1547             Line 1223-1053              1223              1053         -0.011043         -0.081584          0.011076          0.079976
Line_1548             Line 1243-1053              1243              1053          0.067089         -0.029203         -0.067042          0.026134
Line_1549             Line 1266-1053              1266              1053           -0.2813          -0.13007           0.28146           0.12999
Line_1550             Line 1161-1054              1161              1054          -0.45471          -0.02292           0.45784          0.027623
Line_1551             Line 1436-1054              1436              1054           0.65717          -0.31149          -0.65454           0.31766
Line_1552             Line 1450-1054              1450              1054           0.14294          -0.12126          -0.14276           0.12003
Line_1553             Line 1055-1079              1055              1079         -0.076219           0.09836          0.076964          -0.10719
Line_1554             Line 1489-1055              1489              1055         -0.010483           0.10501          0.011219          -0.11586
Line_1555             Line 1056-1057              1056              1057           -0.0699           -0.0088            0.0699         0.0087843
Line_1556             Line 1057-1083              1057              1083         -0.070746         -0.032306          0.070766          0.031216
Line_1557             Line 1237-1059              1237              1059           0.07296          0.023178          -0.07295         -0.023724
Line_1558             Line 1059-1331              1059              1331         0.0056533         -0.047249        -0.0056495          0.046754
Line_1559             Line 1061-1063              1061              1063           -0.0809           -0.0061            0.0809         0.0061055
Line_1560             Line 1062-1095              1062              1095        3.5527e-15                 0        1.6598e-09        -0.0012559
Line_1561             Line 1464-1063              1464              1063            -0.018           -0.0088          0.018002         0.0076077
Line_1562             Line 1064-1065              1064              1065            -0.034           -0.0123          0.034004          0.011139
Line_1563             Line 1065-1284              1065              1284          -0.42275          0.016929           0.42366          -0.01629
Line_1564             Line 1549-1065              1549              1065            -0.385          0.026124           0.38874         -0.028068
Line_1565             Line 1425-1066              1425              1066         -0.039999          0.051714          0.040007         -0.052122
Line_1566             Line 1589-1066              1589              1066          0.023317          -0.12462         -0.023277           0.12384
Line_1567             Line 1067-1069              1067              1069            -0.057           -0.0202          0.057003          0.019987
Line_1568             Line 1070-1068              1070              1068              0.01        0.00066063             -0.01           -0.0009
Line_1569             Line 1069-1390              1069              1390          -0.22507          0.011511           0.22549         -0.012626
Line_1570             Line 1546-1069              1546              1069          -0.16792          0.030516           0.16807         -0.031499
Line_1571             Line 1070-1326              1070              1326          0.078175          0.026517         -0.078112         -0.028896
Line_1572             Line 1356-1070              1356              1070          0.088217          0.025721         -0.088175         -0.027177
Line_1573             Line 1133-1074              1133              1074          -0.23707         0.0040064           0.23825        -0.0092095
Line_1574             Line 1552-1074              1552              1074           0.30718         0.0022416          -0.30425        -0.0082905
Line_1575             Line 1335-1075              1335              1075          -0.28756           0.10845           0.28787          -0.10848
Line_1576             Line 1120-1078              1120              1078         -0.040467          0.065859          0.040711         -0.077457
Line_1577             Line 1080-1081              1080              1081           -0.0969           -0.0342            0.0969           0.03414
Line_1578             Line 1184-1081              1184              1081           0.39792           0.11065          -0.39665          -0.10939
Line_1579             Line 1081-1385              1081              1385           0.29975          0.075249          -0.29951         -0.075259
Line_1580             Line 1099-1082              1099              1082            -0.149         -0.049481           0.14906          0.048711
Line_1581             Line 1119-1082              1119              1082           0.14565         0.0029053          -0.14565        -0.0029074
Line_1582             Line 1082-1266              1082              1266         -0.080316         -0.061604          0.080399          0.059074
Line_1583             Line 1138-1084              1138              1084           0.17547         -0.057962          -0.17493          0.054715
Line_1584             Line 1084-1343              1084              1343           0.12393         -0.060815          -0.12373          0.057808
Line_1585             Line 1233-1085              1233              1085        3.0381e-10           -0.0007       -7.1054e-15       -2.8422e-14
Line_1586             Line 1244-1086              1244              1086         -0.013706          0.044742          0.013753         -0.051033
Line_1587             Line 1086-1328              1086              1328         -0.025753          0.040533           0.02581         -0.047437
Line_1588             Line 1087-1557              1087              1557          -0.15032         -0.018509           0.15057          0.016459
Line_1589             Line 1088-1182              1088              1182          -0.12667          0.013733           0.12722         -0.021464
Line_1590             Line 1088-1219              1088              1219         -0.097037         0.0085092          0.097132         -0.012003
Line_1591             Line 1088-1593              1088              1593            0.1567         -0.051143          -0.15652          0.048996
Line_1592             Line 1431-1089              1431              1089          0.022548          0.063017         -0.022484         -0.067606
Line_1593             Line 1574-1089              1574              1089           0.10064         -0.052746          -0.10042          0.047406
Line_1594             Line 1090-1092              1090              1092           -0.0709           -0.0193          0.070941          0.018462
Line_1595             Line 1091-1093              1091              1093           -0.0749           -0.0193           0.07495          0.018229
Line_1596             Line 1428-1092              1428              1092            -0.038           -0.0105          0.038014         0.0074901
Line_1597             Line 1092-1489              1092              1489          -0.10896         -0.025953           0.10951          0.021661
Line_1598             Line 1429-1093              1429              1093           -0.0789           0.21784          0.079394          -0.21932
Line_1599             Line 1093-1489              1093              1489          -0.15434           0.20109           0.15665          -0.20551
Line_1600             Line 1094-1491              1094              1491            0.4202         -0.036198           -0.4196          0.036929
Line_1601             Line 1545-1094              1545              1094           0.49211         -0.015983           -0.4911          0.017798
Line_1602             Line 1511-1095              1511              1095          -0.17351          -0.10892           0.17358           0.10866
Line_1603             Line 1095-1532              1095              1532           0.33858           0.11262          -0.33815          -0.11236
Line_1604             Line 1220-1096              1220              1096          -0.15311         -0.029286           0.15325          0.027807
Line_1605             Line 1096-1403              1096              1403          -0.12705          -0.12053           0.12713           0.11989
Line_1606             Line 1096-1492              1096              1492         -0.055058         0.0092599          0.055063          -0.00989
Line_1607             Line 1495-1096              1495              1096          0.034432         -0.015898         -0.034427          0.014181
Line_1608             Line 1096-1510              1096              1510          0.081912          0.021938           -0.0819           -0.0228
Line_1609             Line 1098-1097              1098              1097          0.034046         0.0090826         -0.034046        -0.0090825
Line_1610             Line 1120-1097              1120              1097           0.20598          0.025717          -0.20493         -0.029692
Line_1611             Line 1097-1471              1097              1471          0.056021         0.0049401            -0.056           -0.0061
Line_1612             Line 1098-1419              1098              1419          -0.15836         -0.034038           0.15851          0.031915
Line_1613             Line 1098-1472              1098              1472           0.16109          0.059645           -0.1609           -0.0605
Line_1614             Line 1237-1099              1237              1099          -0.08696         -0.029278          0.087002          0.027581
Line_1615             Line 1100-1101              1100              1101            -0.027            -0.007             0.027         0.0069807
Line_1616             Line 1101-1232              1101              1232          0.061202          -0.16342         -0.061152           0.16295
Line_1617             Line 1374-1101              1374              1101          0.088418          -0.15799         -0.088202           0.15644
Line_1618             Line 1102-1585              1102              1585           0.25983         0.0051853          -0.25865        -0.0078464
Line_1619             Line 1571-1103              1571              1103           0.12127          0.001368          -0.12093        -0.0094041
Line_1620             Line 1104-1190              1104              1190            0.1241           0.05599          -0.12391         -0.057431
Line_1621             Line 1359-1104              1359              1104           0.26379          0.085065            -0.262          -0.08759
Line_1622             Line 1167-1105              1167              1105           -0.1275          0.018561           0.12776         -0.021909
Line_1623             Line 1166-1106              1166              1106          -0.24162          0.013263           0.24255         -0.014611
Line_1624             Line 1170-1106              1170              1106         -0.069399         -0.046235          0.069596          0.041614
Line_1625             Line 1108-1107              1108              1107           0.26929         -0.035407          -0.26929          0.035414
Line_1626             Line 1107-1343              1107              1343          -0.19214          0.044671           0.19289         -0.048755
Line_1627             Line 1108-1451              1108              1451          -0.42094           0.12228           0.42173          -0.12137
Line_1628             Line 1111-1109              1111              1109          0.023001          0.010211            -0.023           -0.0105
Line_1629             Line 1112-1110              1112              1110           0.09591          0.055831           -0.0959           -0.0561
Line_1630             Line 1535-1111              1535              1111         -0.012527          0.024033           0.01253         -0.025643
Line_1631             Line 1275-1112              1275              1112          -0.56035        -0.0029407           0.56271         0.0073854
Line_1632             Line 1113-1511              1113              1511         -0.096588         -0.087313          0.096602          0.087195
Line_1633             Line 1114-1267              1114              1267           0.28773          0.012917          -0.28704         -0.013803
Line_1634             Line 1114-1354              1114              1354            0.2215          -0.19143          -0.22121           0.19103
Line_1635             Line 1114-1409              1114              1409          0.037038         0.0018069            -0.037           -0.0105
Line_1636             Line 1483-1114              1483              1114          -0.28397           0.09069           0.28456          -0.09064
Line_1637             Line 1115-1181              1115              1181           0.64054          -0.11461          -0.63122           0.12431
Line_1638             Line 1484-1115              1484              1115          -0.10396           0.14278           0.10417          -0.14415
Line_1639             Line 1500-1115              1500              1115          -0.19659           0.14282           0.19697            -0.144
Line_1640             Line 1285-1116              1285              1116           0.05703          0.017293            -0.057           -0.0202
Line_1641             Line 1117-1538              1117              1538           -0.0779        -0.0026766           0.07797        -0.0011335
Line_1642             Line 1118-1119              1118              1119            -0.062           -0.0175          0.062021          0.016621
Line_1643             Line 1271-1119              1271              1119           0.20799          0.018323          -0.20767         -0.019526
Line_1644             Line 1301-1120              1301              1120          -0.11234          -0.13951           0.11276           0.13625
Line_1645             Line 1571-1120              1571              1120          -0.20817         -0.007468           0.20831         0.0063431
Line_1646             Line 1121-1231              1121              1231          0.049734          0.013502         -0.049687         -0.018515
Line_1647             Line 1121-1553              1121              1553         -0.049734         -0.013502          0.049837         0.0022807
Line_1648             Line 1143-1122              1143              1122          -0.12608         -0.043575           0.12687          0.038287
Line_1649             Line 1169-1122              1169              1122           0.19537          0.040648          -0.19505         -0.041909
Line_1650             Line 1283-1122              1283              1122          0.069846          0.024682         -0.069714         -0.031478
Line_1651             Line 1342-1123              1342              1123         -0.073087           0.12013          0.073858          -0.12577
Line_1652             Line 1528-1123              1528              1123          0.074555          -0.12987         -0.073858           0.12577
Line_1653             Line 1127-1124              1127              1124          0.056018       -2.8566e-05            -0.056           -0.0009
Line_1654             Line 1452-1127              1452              1127           0.13563          -0.27422          -0.13508           0.27414
Line_1655             Line 1128-1129              1128              1129           -0.0989            -0.014          0.098933          0.013086
Line_1656             Line 1553-1129              1553              1129           0.19267           0.01164          -0.19172         -0.017529
Line_1657             Line 1130-1131              1130              1131             -0.04            -0.007              0.04         0.0069314
Line_1658             Line 1232-1131              1232              1131           0.93924          -0.38451          -0.93838           0.38564
Line_1659             Line 1131-1383              1131              1383           0.89838          -0.39257          -0.89123           0.41238
Line_1660             Line 1132-1195              1132              1195           0.15849          0.068449          -0.15844         -0.068901
Line_1661             Line 1532-1132              1532              1132           0.27015          0.093285          -0.26939         -0.093849
Line_1662             Line 1430-1133              1430              1133         -0.039697         0.0030208          0.039744         -0.012584
Line_1663             Line 1512-1136              1512              1136           0.11006          0.018872           -0.1099         -0.022194
Line_1664             Line 1284-1137              1284              1137          0.041002          0.020676            -0.041            -0.021
Line_1665             Line 1368-1138              1368              1138         -0.017133          -0.19103          0.017375           0.18948
Line_1666             Line 1435-1138              1435              1138          -0.38515         -0.033856           0.38855          0.037309
Line_1667             Line 1525-1138              1525              1138          -0.20263         -0.016755           0.20315          0.013828
Line_1668             Line 1600-1138              1600              1138          -0.43202           0.14513            0.4372          -0.13828
Line_1669             Line 1229-1139              1229              1139          -0.44998         -0.068077           0.45067          0.068965
Line_1670             Line 1451-1139              1451              1139          -0.44473           0.11877           0.44806          -0.11404
Line_1671             Line 1140-1188              1140              1188           0.54579         -0.026112          -0.54505          0.027356
Line_1672             Line 1257-1140              1257              1140          -0.58266         -0.056842           0.58729          0.066599
Line_1673             Line 1357-1140              1357              1140          -0.46583          0.087912            0.4711         -0.082402
Line_1674             Line 1396-1140              1396              1140        7.1054e-15                 0        1.6372e-10          -0.00063
Line_1675             Line 1598-1140              1598              1140          -0.52638         -0.060805           0.52992          0.067869
Line_1676             Line 1189-1141              1189              1141          -0.97149          -0.20371           0.97231           0.20957
Line_1677             Line 1191-1141              1191              1141        -0.0017454        0.00079301         0.0017454         -0.000963
Line_1678             Line 1191-1141              1191              1141        -0.0017454        0.00079301         0.0017454         -0.000963
Line_1679             Line 1302-1141              1302              1141             -0.03           -0.0079          0.030012         0.0038688
Line_1680             Line 1397-1141              1397              1141          -0.41166          0.026098            0.4118         -0.025785
Line_1681             Line 1142-1426              1142              1426          -0.65323           0.12228           0.65653          -0.11535
Line_1682             Line 1143-1745              1143              1745          0.061084          0.029575         -0.060869         -0.035786
Line_1683             Line 1212-1144              1212              1144           0.53806         -0.094455          -0.53485           0.10036
Line_1684             Line 1595-1144              1595              1144          -0.48113           0.10794           0.48585          -0.10036
Line_1685             Line 1145-1274              1145              1274           0.14555       -0.00031941           -0.1455       -0.00028166
Line_1686             Line 1146-1318              1146              1318          -0.19254         0.0025112           0.19272        -0.0031107
Line_1687             Line 1581-1146              1581              1146         -0.022602          0.017836          0.022639         -0.024411
Line_1688             Line 1485-1147              1485              1147          -0.17013        -0.0001019           0.17038        -0.0018962
Line_1689             Line 1382-1148              1382              1148           0.15404          0.017297          -0.15306         -0.026578
Line_1690             Line 1576-1148              1576              1148          -0.10178          -0.02299           0.10206          0.016078
Line_1691             Line 1258-1149              1258              1149           -0.1079           -0.0254           0.10798           0.02354
Line_1692             Line 1313-1149              1313              1149           0.10329          0.054383          -0.10297         -0.060511
Line_1693             Line 1151-1150              1151              1150           0.11991          0.022636           -0.1199           -0.0228
Line_1694             Line 1151-1216              1151              1216           0.12217          -0.06747          -0.12135          0.057716
Line_1695             Line 1417-1151              1417              1151           0.24345         -0.047163          -0.24208          0.044834
Line_1696             Line 1153-1152              1153              1152        4.6886e-10       -0.00066779                 0                 0
Line_1697             Line 1490-1153              1490              1153          -0.46747          0.050358           0.46747          -0.05024
Line_1698             Line 1193-1154              1193              1154          0.095125          0.010707         -0.095015         -0.014484
Line_1699             Line 1228-1155              1228              1155          -0.19799           0.15002            0.1982           -0.1504
Line_1700             Line 1357-1155              1357              1155           0.29693          -0.10891           -0.2961            0.1074
Line_1701             Line 1157-1158              1157              1158        6.6301e-15                 0       -6.6266e-15        -4.971e-05
Line_1702             Line 1158-1222              1158              1222           0.41743          -0.22016          -0.41614           0.22179
Line_1703             Line 1453-1158              1453              1158           0.41743          -0.22005          -0.41743           0.22021
Line_1704             Line 1161-1159              1161              1159        7.6907e-10       -0.00085615                 0        1.4211e-14
Line_1705             Line 1162-1160              1162              1160           0.12599          0.066836           -0.1259           -0.0675
Line_1706             Line 1358-1161              1358              1161          -0.45331         -0.021735           0.45471          0.023776
Line_1707             Line 1485-1162              1485              1162           0.11613        -0.0007981          -0.11606       -0.00071033
Line_1708             Line 1536-1163              1536              1163           0.03047          0.013896         -0.030454         -0.018322
Line_1709             Line 1164-1166              1164              1166                 0                 0        4.5475e-12       -0.00014906
Line_1710             Line 1165-1167              1165              1167            -0.018        1.1369e-13             0.018       -0.00014928
Line_1711             Line 1452-1166              1452              1166          -0.23978          0.010393           0.24162         -0.013114
Line_1712             Line 1453-1167              1453              1167          -0.10911          0.011227            0.1095         -0.018411
Line_1713             Line 1476-1168              1476              1168           0.22649          -0.21462          -0.22274           0.21513
Line_1714             Line 1389-1170              1389              1170            0.0396         -0.032533         -0.039501          0.026035
Line_1715             Line 1269-1171              1269              1171           0.36179          -0.13987          -0.35556            0.1389
Line_1716             Line 1556-1171              1556              1171          -0.19833           0.16266           0.19866           -0.1634
Line_1717             Line 1172-1539              1172              1539            -0.053       -2.8422e-14          0.053005        -0.0004407
Line_1718             Line 1175-1580              1175              1580          0.081888          0.052143         -0.081864         -0.052872
Line_1719             Line 1176-1178              1176              1178           -0.0999           -0.0202          0.099909          0.020113
Line_1720             Line 1177-1580              1177              1580           -0.1109                 0            0.1111        -0.0023643
Line_1721             Line 1384-1179              1384              1179           0.20639           0.10459          -0.20535           -0.1077
Line_1722             Line 1522-1179              1522              1179         -0.071427         -0.092527           0.07145          0.091899
Line_1723             Line 1365-1180              1365              1180         4.836e-09        -0.0018157                 0                 0
Line_1724             Line 1181-1190              1181              1190           0.56922          -0.14621          -0.56034           0.15323
Line_1725             Line 1182-1448              1182              1448           0.45044          -0.13183          -0.44826            0.1351
Line_1726             Line 1182-1449              1182              1449           0.45391          -0.12821          -0.45171           0.13156
Line_1727             Line 1463-1182              1463              1182          -0.17422         0.0026276           0.17439        -0.0038233
Line_1728             Line 1194-1183              1194              1183          -0.48426           0.14381           0.48489          -0.14276
Line_1729             Line 1183-1315              1183              1315          0.079055          0.065112         -0.078993         -0.067056
Line_1730             Line 1183-1460              1183              1460           0.20962           0.12198          -0.20943           -0.1226
Line_1731             Line 1183-1488              1183              1488         -0.027213          0.038002          0.027224         -0.039736
Line_1732             Line 1236-1184              1236              1184          -0.19564          -0.15975           0.19612           0.15834
Line_1733             Line 1367-1185              1367              1185          0.061497         -0.091398         -0.061182          0.085576
Line_1734             Line 1489-1185              1489              1185          0.029899           0.10032         -0.029718          -0.10398
Line_1735             Line 1188-1186              1188              1186           0.07492          0.021357           -0.0749           -0.0219
Line_1736             Line 1187-1189              1187              1189           -0.1769           -0.0526           0.17701          0.052241
Line_1737             Line 1188-1256              1188              1256           0.47013         -0.048713          -0.46754          0.052512
Line_1738             Line 1380-1189              1380              1189          -0.79176          -0.13509           0.79447           0.15147
Line_1739             Line 1473-1190              1473              1190           -0.1109           -0.0517           0.11094          0.051007
Line_1740             Line 1474-1190              1474              1190            -0.067           -0.0202          0.067008          0.019589
Line_1741             Line 1209-1192              1209              1192          -0.45057          0.048084           0.45314          -0.04304
Line_1742             Line 1192-1282              1192              1282           0.36576          -0.11527          -0.36165           0.11819
Line_1743             Line 1192-1288              1192              1288           0.18912          0.052144          -0.18883         -0.053732
Line_1744             Line 1192-1578              1192              1578           0.55154          0.078201          -0.54744         -0.068255
Line_1745             Line 1576-1193              1576              1193           0.10102          0.013846          -0.10059         -0.019983
Line_1746             Line 1534-1194              1534              1194          -0.44785           0.15177           0.45026          -0.14821
Line_1747             Line 1195-1278              1195              1278         -0.075363          0.012801          0.075378         -0.013596
Line_1748             Line 1353-1196              1353              1196           0.23684           0.01315          -0.23665         -0.013733
Line_1749             Line 1199-1197              1199              1197          0.047011         0.0079095            -0.047           -0.0088
Line_1750             Line 1200-1198              1200              1198           0.16705           0.03447           -0.1669           -0.0351
Line_1751             Line 1200-1355              1200              1355          -0.23789          -0.26054           0.23831           0.26069
Line_1752             Line 1517-1200              1517              1200         -0.070508          -0.22695          0.070842           0.22607
Line_1753             Line 1202-1201              1202              1201         0.0051752       -5.1613e-07        -0.0051752         5.188e-07
Line_1754             Line 1373-1201              1373              1201          -0.10299          0.034668           0.10305         -0.036082
Line_1755             Line 1527-1201              1527              1201         -0.028829          -0.22804          0.029048           0.22743
Line_1756             Line 1202-1338              1202              1338           0.22761          0.064997          -0.22737         -0.065628
Line_1757             Line 1523-1202              1523              1202           -0.5744          0.021278           0.57522         -0.016941
Line_1758             Line 1325-1203              1325              1203          -0.12923          0.048181           0.12927         -0.048805
Line_1759             Line 1203-1345              1203              1345          0.085709           0.16227         -0.085427          -0.16416
Line_1760             Line 1524-1203              1524              1203           -0.1799          0.014841           0.17998          -0.01618
Line_1761             Line 1204-1279              1204              1279          0.024145         -0.043248         -0.024139          0.042465
Line_1762             Line 1536-1204              1536              1204           0.13522         -0.026604          -0.13504          0.023948
Line_1763             Line 1205-1380              1205              1380          -0.58578          -0.06995           0.58696           0.07549
Line_1764             Line 1599-1206              1599              1206          -0.18627          0.077737            0.1863         -0.077962
Line_1765             Line 1208-1209              1208              1209       -1.6775e-15                 0        1.6827e-15       -4.9647e-05
Line_1766             Line 1479-1209              1479              1209           -0.4504          0.048186           0.45057         -0.048034
Line_1767             Line 1210-1345              1210              1345           -0.1379           -0.0298           0.13793          0.029917
Line_1768             Line 1211-1346              1211              1346           -0.2208            -0.043           0.22088          0.043296
Line_1769             Line 1213-1212              1213              1212           0.72085          -0.01504          -0.72085          0.015092
Line_1770             Line 1280-1212              1280              1212            -0.037            -0.014           0.03701          0.011893
Line_1771             Line 1212-1582              1212              1582           0.14578           0.06747          -0.14576         -0.067674
Line_1772             Line 1281-1213              1281              1213       -1.7764e-15                 0        7.4582e-09        -0.0021188
Line_1773             Line 1336-1213              1336              1213          -0.31057         -0.017522           0.31211          0.017732
Line_1774             Line 1213-1593              1213              1593         -0.045612          0.068787          0.045624         -0.069196
Line_1775             Line 1594-1213              1594              1213          -0.18901         -0.099651           0.18909          0.099183
Line_1776             Line 1214-1504              1214              1504          0.085083          -0.15206         -0.084859           0.15008
Line_1777             Line 1249-1215              1249              1215           0.52908          -0.13144          -0.51688           0.14112
Line_1778             Line 1348-1217              1348              1217          -0.77339           0.10694           0.78472         -0.079353
Line_1779             Line 1444-1217              1444              1217          -0.31037          -0.14817           0.31336           0.14449
Line_1780             Line 1219-1218              1219              1218          0.034003           0.01175            -0.034           -0.0123
Line_1781             Line 1219-1505              1219              1505          -0.13114        0.00025297           0.13139        -0.0050707
Line_1782             Line 1222-1221              1222              1221          0.015001         0.0051368            -0.015           -0.0061
Line_1783             Line 1250-1223              1250              1223           0.11898          0.013314          -0.11886         -0.015716
Line_1784             Line 1224-1226              1224              1226            -0.067            -0.014          0.067012          0.013612
Line_1785             Line 1225-1227              1225              1227        1.4211e-14        2.8422e-14        1.0327e-10        -0.0004062
Line_1786             Line 1261-1226              1261              1226           -0.2763         -0.076423           0.27671          0.076093
Line_1787             Line 1226-1383              1226              1383          -0.34372         -0.089705           0.34487          0.090356
Line_1788             Line 1227-1260              1227              1260           0.15262          0.035961          -0.15249         -0.037223
Line_1789             Line 1228-1368              1228              1368           0.14699          -0.15092          -0.14677           0.14983
Line_1790             Line 1498-1230              1498              1230          0.049974        -0.0056069         -0.049949         0.0029786
Line_1791             Line 1499-1231              1499              1231         -0.049658          -0.02189          0.049687          0.019263
Line_1792             Line 1233-1312              1233              1312          -0.13819           0.07667           0.13844         -0.079404
Line_1793             Line 1363-1233              1363              1233          -0.28009          0.014394           0.28087         -0.015241
Line_1794             Line 1233-1382              1233              1382          -0.20055         -0.030078           0.20089          0.028483
Line_1795             Line 1526-1233              1526              1233          -0.27132          -0.03208           0.27145           0.03192
Line_1796             Line 1599-1233              1599              1233           0.14927         -0.081237          -0.14908          0.079462
Line_1797             Line 1347-1234              1347              1234          0.096614          0.086826         -0.095961          -0.09225
Line_1798             Line 1564-1234              1564              1234           0.21419         0.0015267          -0.21384        -0.0024498
Line_1799             Line 1239-1238              1239              1238          0.027001         0.0067607            -0.027            -0.007
Line_1800             Line 1239-1535              1239              1535          0.022485          0.043211         -0.022473         -0.045033
Line_1801             Line 1565-1239              1565              1239          0.049498          0.049156         -0.049486         -0.049972
Line_1802             Line 1518-1241              1518              1241        -0.0088333         -0.020692         0.0088402          0.016944
Line_1803             Line 1243-1242              1243              1242            0.0739          0.019285           -0.0739           -0.0193
Line_1804             Line 1251-1243              1251              1243           0.14104         -0.010556          -0.14099         0.0099182
Line_1805             Line 1244-1311              1244              1311           0.12235          0.071054          -0.12195           -0.0763
Line_1806             Line 1244-1326              1244              1326           0.13085          0.047257          -0.13069         -0.049104
Line_1807             Line 1244-1330              1244              1330         -0.091393          0.048641          0.091465         -0.050853
Line_1808             Line 1546-1244              1546              1244         -0.062879         -0.073516          0.063008          0.070139
Line_1809             Line 1291-1245              1291              1245          -0.13693          0.033459           0.13765         -0.043542
Line_1810             Line 1327-1245              1327              1245            -0.022           -0.0088          0.022009          0.004542
Line_1811             Line 1245-1425              1245              1425         -0.025988          0.050911          0.025999         -0.051714
Line_1812             Line 1246-1248              1246              1248            -0.023            0.0175          0.023001         -0.017788
Line_1813             Line 1247-1375              1247              1375            0.0564            0.1388         -0.056363          -0.13924
Line_1814             Line 1248-1375              1248              1375          -0.62438           0.17791           0.62473          -0.17685
Line_1815             Line 1390-1248              1390              1248          -0.59914           0.16521           0.60138          -0.16012
Line_1816             Line 1427-1249              1427              1249           0.85969         -0.016168          -0.84488          0.042038
Line_1817             Line 1251-1250              1251              1250          -0.72815       -0.00078921           0.72815        0.00084224
Line_1818             Line 1250-1271              1250              1271           0.24926          0.037153            -0.249         -0.037477
Line_1819             Line 1290-1250              1290              1250          -0.29329         -0.059138           0.29343          0.058928
Line_1820             Line 1310-1250              1310              1250          -0.10982         -0.013041           0.10991          0.011156
Line_1821             Line 1250-1403              1250              1403           0.18138         -0.053794          -0.18123          0.052795
Line_1822             Line 1251-1487              1251              1487           0.24807          0.024754          -0.24791         -0.025141
Line_1823             Line 1514-1252              1514              1252        2.3203e-10          -0.00075                 0                 0
Line_1824             Line 1514-1253              1514              1253          -0.40076           0.19909           0.40076          -0.19894
Line_1825             Line 1253-1544              1253              1544          -0.40076           0.19894           0.40192          -0.19753
Line_1826             Line 1256-1254              1256              1254          0.073973          0.034288           -0.0739           -0.0359
Line_1827             Line 1257-1255              1257              1255          0.052035           0.02024            -0.052           -0.0219
Line_1828             Line 1508-1257              1508              1257          -0.52848          -0.03222           0.53063          0.036602
Line_1829             Line 1259-1336              1259              1336          -0.22754        -0.0073353           0.22767          0.007022
Line_1830             Line 1259-1563              1259              1563           0.21454        0.00033532          -0.21423        -0.0014376
Line_1831             Line 1260-1261              1260              1261         -0.071307         -0.015377          0.071307          0.015362
Line_1832             Line 1340-1261              1340              1261           -0.2048           -0.0614           0.20499          0.061062
Line_1833             Line 1337-1262              1337              1262           0.37024         -0.078364           -0.3641          0.081296
Line_1834             Line 1528-1262              1528              1262          -0.20345          0.098267            0.2062           -0.1023
Line_1835             Line 1264-1265              1264              1265       -3.5527e-15                 0        1.0656e-09        -0.0011296
Line_1836             Line 1313-1265              1313              1265          -0.16829         -0.071883           0.16927           0.06582
Line_1837             Line 1265-1503              1265              1503          -0.16927          -0.06469           0.17051          0.050253
Line_1838             Line 1292-1267              1292              1267          -0.19467          0.013189           0.19514         -0.015097
Line_1839             Line 1543-1269              1543              1269           0.49839          -0.10333          -0.49369           0.10747
Line_1840             Line 1270-1271              1270              1271            -0.041           -0.0193          0.041002          0.019154
Line_1841             Line 1272-1274              1272              1274            -0.033           -0.0079             0.033         0.0078515
Line_1842             Line 1273-1275              1273              1275            -0.034           -0.0123             0.034          0.012252
Line_1843             Line 1545-1275              1545              1275          -0.52611         0.0098831           0.52635         -0.009311
Line_1844             Line 1392-1276              1392              1276          -0.17957          0.092251           0.17987         -0.093847
Line_1845             Line 1536-1276              1536              1276           0.43345        0.00074904          -0.43267        4.7224e-05
Line_1846             Line 1277-1339              1277              1339         0.0045227          -0.19046        -0.0044049           0.18951
Line_1847             Line 1500-1277              1500              1277           0.16459          -0.15162          -0.16442           0.15096
Line_1848             Line 1569-1278              1569              1278           0.24661          0.061085          -0.24628         -0.061804
Line_1849             Line 1454-1283              1454              1283            0.1471          0.025262          -0.14675         -0.027282
Line_1850             Line 1296-1284              1296              1284           -0.0749           -0.0245          0.074968          0.022226
Line_1851             Line 1417-1284              1417              1284           0.61963          0.063998          -0.61353         -0.051112
Line_1852             Line 1298-1285              1298              1285           0.26277          0.045794          -0.26242         -0.046262
Line_1853             Line 1285-1408              1285              1408           0.16139          0.010569          -0.16134         -0.010962
Line_1854             Line 1286-1288              1286              1288           -0.1109           -0.0368            0.1109          0.036792
Line_1855             Line 1290-1495              1290              1495           0.11439         0.0047381          -0.11433         -0.006002
Line_1856             Line 1291-1435              1291              1435         -0.095868          -0.11416          0.095924           0.11342
Line_1857             Line 1467-1293              1467              1293         -0.018834          0.035435          0.018883         -0.042051
Line_1858             Line 1577-1293              1577              1293          -0.14733         -0.023027            0.1479           0.01786
Line_1859             Line 1577-1294              1577              1294          -0.24925         -0.040109           0.25089          0.037549
Line_1860             Line 1295-1328              1295              1328          -0.35794           0.24718           0.35857          -0.24654
Line_1861             Line 1475-1295              1475              1295          -0.26691           0.25365           0.26804          -0.25328
Line_1862             Line 1297-1298              1297              1298           -0.0779           -0.0184          0.077927          0.016954
Line_1863             Line 1418-1298              1418              1298             0.342          0.063552           -0.3407         -0.062748
Line_1864             Line 1342-1301              1342              1301         -0.028813          -0.14033          0.029443           0.13161
Line_1865             Line 1507-1303              1507              1303          -0.35084        -0.0070453           0.35178         0.0076239
Line_1866             Line 1303-1598              1303              1598          -0.36978         -0.013724           0.37048          0.014305
Line_1867             Line 1306-1304              1306              1304            0.1709        2.4436e-05           -0.1709       -2.2737e-13
Line_1868             Line 1305-1307              1305              1307                 0                 0                 0                 0
Line_1869             Line 1538-1307              1538              1307            0.3727          -0.11875          -0.37207           0.11929
Line_1870             Line 1308-1420              1308              1420          -0.27291          0.079011           0.27576         -0.082053
Line_1871             Line 1309-1562              1309              1562         -0.082983          0.016502          0.083205          -0.02601
Line_1872             Line 1309-1802              1309              1802        -0.0069171         -0.024402         0.0069239          0.020118
Line_1873             Line 1462-1310              1462              1310         -0.038922         0.0092378          0.038925        -0.0097588
Line_1874             Line 1311-1329              1311              1329          -0.15139         -0.022517           0.15188          0.017096
Line_1875             Line 1315-1314              1315              1314          0.029002         0.0018362            -0.029           -0.0026
Line_1876             Line 1318-1316              1318              1316           0.03603         -0.088571            -0.036          0.088044
Line_1877             Line 1319-1317              1319              1317          0.034005          0.019629            -0.034           -0.0202
Line_1878             Line 1580-1319              1580              1319          -0.14079           0.06155           0.14171         -0.066358
Line_1879             Line 1321-1323              1321              1323       -2.6151e-14                 0        2.6158e-14       -4.8844e-05
Line_1880             Line 1322-1476              1322              1476           -0.0739           -0.0202          0.073974          0.017775
Line_1881             Line 1360-1323              1360              1323          -0.48922           0.17911           0.48945          -0.17894
Line_1882             Line 1538-1329              1538              1329           0.42569         -0.098462          -0.42066           0.10563
Line_1883             Line 1587-1329              1587              1329           0.02922           0.16968         -0.029021          -0.17182
Line_1884             Line 1330-1587              1330              1587          -0.25936          0.050853           0.25948         -0.051131
Line_1885             Line 1334-1332              1334              1332          0.097926          0.028255           -0.0979           -0.0289
Line_1886             Line 1333-1335              1333              1335           -0.1419            -0.043           0.14196          0.042422
Line_1887             Line 1374-1335              1374              1335          -0.14542           0.15009            0.1456          -0.15088
Line_1888             Line 1503-1339              1503              1339          0.018815           0.19523         -0.018595          -0.19651
Line_1889             Line 1341-1468              1341              1468                 0       -7.1054e-15        2.9482e-09        -0.0014046
Line_1890             Line 1344-1343              1344              1343            0.2928          -0.18194           -0.2928           0.18195
Line_1891             Line 1574-1343              1574              1343          -0.66205          0.087139           0.67297         -0.060387
Line_1892             Line 1520-1344              1520              1344           -0.2129          0.059338           0.21384         -0.062807
Line_1893             Line 1426-1346              1426              1346           0.46154         -0.063658          -0.45617          0.074152
Line_1894             Line 1527-1346              1527              1346          -0.10407           0.18774            0.1043           -0.1886
Line_1895             Line 1579-1346              1579              1346         0.0029407         -0.042741        -0.0029155           0.03875
Line_1896             Line 1553-1347              1553              1347           0.16121          0.090912          -0.16061         -0.092926
Line_1897             Line 1452-1351              1452              1351          -0.52447           0.12449            0.5252          -0.12305
Line_1898             Line 1494-1351              1494              1351           0.58288         -0.095719           -0.5762           0.11075
Line_1899             Line 1352-1353              1352              1353             -0.03            -0.007          0.030002          0.006247
Line_1900             Line 1539-1353              1539              1353            0.2669          0.019279          -0.26684         -0.019397
Line_1901             Line 1356-1390              1356              1390          -0.28012           0.17274           0.28075          -0.17278
Line_1902             Line 1476-1360              1476              1360          -0.36796           0.20503           0.36932          -0.20451
Line_1903             Line 1362-1361              1362              1361          0.023001         0.0065741            -0.023            -0.007
Line_1904             Line 1362-1570              1362              1570           0.14943          0.011799          -0.14934         -0.012758
Line_1905             Line 1363-1499              1363              1499          0.038288         -0.014394         -0.038274          0.012041
Line_1906             Line 1364-1365              1364              1365           -0.1449           -0.0491            0.1449            0.0491
Line_1907             Line 1502-1366              1502              1366          0.018957           0.25793         -0.018576          -0.25868
Line_1908             Line 1432-1367              1432              1367            0.2463         -0.085194           -0.2404          0.080898
Line_1909             Line 1533-1369              1533              1369         -0.098594          0.033098          0.098769         -0.037735
Line_1910             Line 1369-1601              1369              1601          -0.14077          0.027235           0.14138         -0.035205
Line_1911             Line 1371-1370              1371              1370        4.0506e-15       -2.0145e-05       -4.0471e-15        4.5475e-13
Line_1912             Line 1552-1371              1552              1371           0.25424          0.058308           -0.2538         -0.058736
Line_1913             Line 1524-1373              1524              1373          -0.09978          0.029731           0.09999         -0.034668
Line_1914             Line 1376-1375              1376              1375           0.44601          -0.19883          -0.44601           0.19885
Line_1915             Line 1445-1375              1445              1375           0.21853         -0.085692          -0.21826          0.084844
Line_1916             Line 1376-1392              1376              1392         -0.090641          0.098508          0.090656         -0.098838
Line_1917             Line 1376-1538              1376              1538          -0.35537           0.10032           0.35787         -0.098947
Line_1918             Line 1377-1378              1377              1378            -0.015        2.8422e-14          0.015001        -0.0012745
Line_1919             Line 1540-1378              1540              1378          -0.29263         -0.040402           0.29306          0.040025
Line_1920             Line 1388-1379              1388              1379         -0.061068         -0.011784          0.061081          0.010673
Line_1921             Line 1381-1512              1381              1512           0.32915          0.086437          -0.32886         -0.086372
Line_1922             Line 1383-1382              1383              1382          0.095705          -0.53864         -0.095705           0.53867
Line_1923             Line 1383-1482              1383              1482           0.25676          0.013602          -0.25578         -0.015918
Line_1924             Line 1576-1383              1576              1383          -0.19206         -0.030851           0.19389          0.022297
Line_1925             Line 1384-1565              1384              1565           0.45145           0.22503          -0.44838          -0.22062
Line_1926             Line 1426-1386              1426              1386           0.16833          0.015249           -0.1679           -0.0193
Line_1927             Line 1552-1388              1552              1388           0.04188          0.012706         -0.041832         -0.020616
Line_1928             Line 1537-1389              1537              1389           0.76267          -0.10323          -0.75582           0.12051
Line_1929             Line 1391-1392              1391              1392           -0.0889            -0.007          0.088913         0.0065874
Line_1930             Line 1394-1393              1394              1393           0.20235          0.036638          -0.20235         -0.036634
Line_1931             Line 1502-1394              1502              1394           0.20401          0.029181          -0.20235         -0.036638
Line_1932             Line 1395-1397              1395              1397            -0.005                 0             0.005       -0.00021985
Line_1933             Line 1443-1397              1443              1397          -0.40529          0.029165           0.40666         -0.025879
Line_1934             Line 1416-1398              1416              1398           0.62621          -0.11121          -0.62521           0.11363
Line_1935             Line 1398-1544              1398              1544           0.56221          -0.13993          -0.56082           0.14313
Line_1936             Line 1465-1399              1465              1399                 0                 0        9.4293e-09        -0.0022041
Line_1937             Line 1584-1399              1584              1399           0.12305          0.042228           -0.1229         -0.044296
Line_1938             Line 1400-1401              1400              1401        7.1054e-15                 0        3.4832e-10       -0.00074908
Line_1939             Line 1539-1404              1539              1404           0.11794          0.030951           -0.1179           -0.0316
Line_1940             Line 1540-1405              1540              1405          0.033003         0.0097447            -0.033           -0.0105
Line_1941             Line 1406-1407              1406              1407            -0.041           -0.0158          0.041003          0.015448
Line_1942             Line 1581-1407              1581              1407           0.23061          -0.11163          -0.22412           0.10707
Line_1943             Line 1411-1408              1411              1408         0.0055659          0.049255        -0.0055574         -0.050438
Line_1944             Line 1410-1601              1410              1601           0.14181         -0.039576          -0.14138          0.035205
Line_1945             Line 1412-1413              1412              1413       -7.1054e-15                 0        4.6338e-10       -0.00085906
Line_1946             Line 1413-1556              1413              1556           0.60034          -0.11029          -0.59443           0.12273
Line_1947             Line 1430-1414              1430              1414          0.065987         0.0059312         -0.065916         -0.011262
Line_1948             Line 1415-1453              1415              1453           0.42034          -0.18955          -0.41822           0.19302
Line_1949             Line 1537-1415              1537              1415           0.65178          -0.10033          -0.64424           0.11878
Line_1950             Line 1416-1440              1416              1440           0.70171         -0.071791          -0.69307          0.094179
Line_1951             Line 1514-1416              1514              1416          -0.71444           0.24522           0.71963          -0.23281
Line_1952             Line 1551-1416              1551              1416            -0.056           -0.0202          0.056015          0.018697
Line_1953             Line 1417-1548              1417              1548           0.22902          0.014688          -0.22811         -0.016948
Line_1954             Line 1550-1418              1550              1418            -0.137          0.042174           0.13709         -0.043452
Line_1955             Line 1422-1421              1422              1421          -0.10969          0.016001           0.10969         -0.015999
Line_1956             Line 1421-1423              1421              1423          -0.16169        -0.0024006           0.16202        -0.0010489
Line_1957             Line 1423-1463              1423              1463          -0.16202         0.0010489           0.16222        -0.0026276
Line_1958             Line 1445-1424              1445              1424          -0.25253          0.069892           0.25276         -0.070183
Line_1959             Line 1489-1426              1489              1426          -0.68674            0.1459            0.7097         -0.050722
Line_1960             Line 1431-1427              1431              1427          0.041646         -0.094814         -0.041637          0.094144
Line_1961             Line 1432-1427              1432              1427          0.051254          -0.15134         -0.051233           0.15088
Line_1962             Line 1595-1430              1595              1430           0.46013          -0.11054          -0.45825           0.11351
Line_1963             Line 1432-1431              1432              1431          -0.16598          0.083928           0.16598         -0.083925
Line_1964             Line 1489-1431              1489              1431          -0.22478          0.026435           0.22718         -0.038109
Line_1965             Line 1576-1433              1576              1433           0.11392          0.032095           -0.1139           -0.0324
Line_1966             Line 1577-1434              1577              1434           0.10991           0.03127           -0.1099           -0.0316
Line_1967             Line 1475-1435              1475              1435           0.16991           0.19559           -0.1681           -0.1994
Line_1968             Line 1435-1518              1435              1518           0.22653          0.040038          -0.22608         -0.041569
Line_1969             Line 1439-1437              1439              1437          0.018005         0.0074978            -0.018           -0.0105
Line_1970             Line 1440-1438              1440              1438          0.054044          0.017251            -0.054           -0.0202
Line_1971             Line 1513-1439              1513              1439           0.73973          -0.25352           -0.7301           0.27747
Line_1972             Line 1441-1443              1441              1443            -0.065           -0.0149          0.065011          0.014207
Line_1973             Line 1539-1442              1539              1442          0.037003           0.00267            -0.037           -0.0035
Line_1974             Line 1540-1443              1540              1443           -0.3394          0.043507           0.34028         -0.043371
Line_1975             Line 1448-1446              1448              1446          0.056016          0.005207            -0.056           -0.0061
Line_1976             Line 1449-1447              1449              1447          0.067023           0.01494            -0.067           -0.0158
Line_1977             Line 1455-1504              1455              1504       -1.7764e-15       -1.4211e-14        1.8772e-09          -0.00174
Line_1978             Line 1456-1504              1456              1504       -1.7764e-15       -1.4211e-14        1.8772e-09          -0.00174
Line_1979             Line 1457-1459              1457              1459            -0.055           -0.0202             0.055          0.020153
Line_1980             Line 1460-1458              1460              1458          0.063007          0.021398            -0.063           -0.0219
Line_1981             Line 1533-1461              1533              1461         -0.015306         -0.062898          0.015386          0.056322
Line_1982             Line 1600-1461              1600              1461           0.19172           0.10271          -0.19129          -0.10362
Line_1983             Line 1466-1482              1466              1482        3.5527e-15       -1.4211e-14        2.3134e-09        -0.0014937
Line_1984             Line 1470-1469              1470              1469           0.15895           -0.1881          -0.15895            0.1881
Line_1985             Line 1469-1515              1469              1515           -0.2926          0.015936            0.2958          -0.01841
Line_1986             Line 1469-1554              1469              1554          0.031007         0.0022516            -0.031           -0.0035
Line_1987             Line 1470-1555              1470              1555          0.019003          0.005775            -0.019            -0.007
Line_1988             Line 1477-1574              1477              1574          -0.41009          0.048506           0.41752         -0.048393
Line_1989             Line 1503-1483              1503              1483         -0.072365           0.44129          0.074477          -0.43899
Line_1990             Line 1502-1484              1502              1484         -0.057601           0.18108          0.057957          -0.18362
Line_1991             Line 1549-1486              1549              1486            0.1262         -0.067324          -0.12619          0.066974
Line_1992             Line 1492-1487              1492              1487          -0.12496          -0.00591           0.12501         0.0049408
Line_1993             Line 1491-1490              1491              1490           0.23549           0.27107          -0.23549          -0.27106
Line_1994             Line 1493-1494              1493              1494           -0.0809           -0.0123          0.080911          0.011814
Line_1995             Line 1537-1494              1537              1494           0.66865         -0.072104          -0.66379          0.083905
Line_1996             Line 1496-1498              1496              1498           -0.1479           -0.0202           0.14799          0.019566
Line_1997             Line 1497-1499              1497              1499           -0.0879           -0.0105          0.087933         0.0098493
Line_1998             Line 1526-1498              1526              1498           0.19842           0.01188          -0.19797         -0.013959
Line_1999             Line 1503-1502              1503              1502           -0.1001           -1.0706            0.1001            1.0707
Line_2000             Line 1515-1502              1515              1502           -0.3657           0.01751           0.36723         -0.016677
Line_2001             Line 1534-1504              1534              1504           0.32895          -0.11751          -0.32754           0.11816
Line_2002             Line 1542-1505              1542              1505           -0.0123         0.0034929          0.012301        -0.0047008
Line_2003             Line 1505-1557              1505              1557           0.15479          0.015346          -0.15457         -0.017359
Line_2004             Line 1508-1506              1508              1506           0.24768          -0.04848          -0.24741           0.04799
Line_2005             Line 1517-1506              1517              1506          -0.11542          0.085735           0.11551          -0.08749
Line_2006             Line 1517-1507              1517              1507          -0.21645           0.03162           0.21694         -0.033255
Line_2007             Line 1509-1511              1509              1511           -0.0769           -0.0219          0.076905          0.021725
Line_2008             Line 1517-1584              1517              1584           0.24148          0.062291          -0.24095         -0.063228
Line_2009             Line 1541-1518              1541              1518           -0.0869           -0.0193          0.087014          0.014961
Line_2010             Line 1519-1520              1519              1520           -0.1129       -1.4211e-14           0.11298         -0.001495
Line_2011             Line 1521-1522              1521              1522            -0.003           -0.0079             0.003         0.0078799
Line_2012             Line 1529-1531              1529              1531            -0.066           -0.0193          0.066004          0.019139
Line_2013             Line 1530-1532              1530              1532            -0.068           -0.0193          0.068004          0.019078
Line_2014             Line 1583-1540              1583              1540          -0.51081          0.041007           0.51212         -0.039149
Line_2015             Line 1548-1547              1548              1547          0.091908          0.028644           -0.0919           -0.0289
Line_2016             Line 1548-1579              1548              1579            0.1362         -0.011696          -0.13584         0.0076407
Line_2017             Line 1578-1560              1578              1560           0.41854         -0.022945           -0.4175          0.024621
Line_2018             Line 1592-1560              1592              1560          -0.22984         -0.015957           0.22984          0.015953
Line_2019             Line 1563-1564              1563              1564           0.21423         0.0014376          -0.21419        -0.0015267
Line_2020             Line 1565-1573              1565              1573            0.1245          0.086218          -0.12437          -0.08778
Line_2021             Line 1567-1569              1567              1569           -0.0999           -0.0254            0.0999           0.02539
Line_2022             Line 1568-1570              1568              1570            -0.033            -0.007             0.033         0.0069815
Line_2023             Line 1581-1580              1581              1580         -0.034654          0.029114          0.034654         -0.029114
Line_2024             Line 1586-1582              1586              1582         -0.058842          -0.06816          0.058856          0.067674
Line_2025             Line 1588-1589              1588              1589            -0.054           -0.0298          0.054013          0.028923
Line_2026             Line 1590-1592              1590              1592           -0.0959           -0.0175           0.09594          0.016059
Line_2027             Line 1729-1602              1729              1602          -0.38368         -0.063303           0.38594          0.065246
Line_2028             Line 2001-1602              2001              1602           -0.7194           0.14136           0.72212          -0.13518
Line_2029             Line 1605-1603              1605              1603          -0.18691         -0.089563           0.18749          0.088348
Line_2030             Line 1759-1603              1759              1603          -0.51406          -0.12156           0.52347           0.13735
Line_2031             Line 2103-1603              2103              1603          -0.75386           0.20004           0.75464          -0.19814
Line_2032             Line 1604-1605              1604              1605            -0.055             -0.03          0.055011          0.029563
Line_2033             Line 1606-1673              1606              1673          0.034311         -0.062615         -0.034286          0.061231
Line_2034             Line 2095-1606              2095              1606           0.12014         -0.081217          -0.12001          0.079615
Line_2035             Line 1809-1607              1809              1607           0.54351           -0.1114          -0.53523           0.12758
Line_2036             Line 2226-1607              2226              1607           -0.4438           0.16242           0.45283          -0.14858
Line_2037             Line 1687-1608              1687              1608           0.11908         -0.034061          -0.11875          0.030018
Line_2038             Line 1826-1608              1826              1608          -0.10211          0.028176           0.10225         -0.030018
Line_2039             Line 1700-1609              1700              1609           0.13306         -0.043929          -0.13239          0.034444
Line_2040             Line 1823-1609              1823              1609           0.33894         -0.023417          -0.33431          0.025191
Line_2041             Line 2087-1609              2087              1609          -0.34564          0.030879           0.34779         -0.029824
Line_2042             Line 1611-1610              1611              1610           -0.0978            -0.014            0.0978          0.014001
Line_2043             Line 1623-1610              1623              1610          0.067441          0.012183          -0.06741         -0.014424
Line_2044             Line 1987-1610              1987              1610          0.068973         0.0016906          -0.06889        -0.0055772
Line_2045             Line 1641-1612              1641              1612           0.30435          -0.11874           -0.3003           0.11947
Line_2046             Line 1662-1612              1662              1612          -0.22426           0.13916            0.2245          -0.14047
Line_2047             Line 1613-1859              1613              1859         -0.052802          0.027604          0.052823         -0.029459
Line_2048             Line 1921-1613              1921              1613           0.16037          0.070081           -0.1603         -0.070604
Line_2049             Line 1656-1614              1656              1614          0.067154         0.0096143           -0.0671            -0.013
Line_2050             Line 1867-1615              1867              1615           0.02202       -0.00099928            -0.022            -0.005
Line_2051             Line 1848-1616              1848              1616         -0.084658             0.067          0.084828         -0.068909
Line_2052             Line 1616-2071              1616              2071          -0.18813         0.0049085           0.18882        -0.0067066
Line_2053             Line 1618-1617              1618              1617          -0.11529          0.061646           0.11529         -0.061644
Line_2054             Line 1840-1617              1840              1617           0.28618         -0.057982          -0.28209          0.055615
Line_2055             Line 2031-1617              2031              1617                 0       -3.5527e-15        1.8523e-08        -0.0028001
Line_2056             Line 1619-1618              1619              1618          -0.12985          0.056191           0.12998         -0.057929
Line_2057             Line 1651-1618              1651              1618          0.020217         -0.013694         -0.020196         0.0042121
Line_2058             Line 1984-1618              1984              1618        -0.0055001         0.0037811         0.0055017        -0.0079288
Line_2059             Line 1777-1619              1777              1619          -0.16536          0.078497           0.16572         -0.080893
Line_2060             Line 1839-1619              1839              1619           0.18619         -0.031064          -0.18428           0.02119
Line_2061             Line 2030-1619              2030              1619           -0.0385            -0.005          0.038507          0.003512
Line_2062             Line 1621-1620              1621              1620                 0                 0                 0                 0
Line_2063             Line 1897-1620              1897              1620        -0.0022304           0.08648         0.0022804         -0.087466
Line_2064             Line 1620-2059              1620              2059          -0.17978         -0.023485           0.17991          0.022552
Line_2065             Line 1622-1894              1622              1894          0.014015          -0.16972         -0.013907           0.16893
Line_2066             Line 1622-2076              1622              2076          -0.23591          0.097722           0.23632         -0.098315
Line_2067             Line 1830-1623              1830              1623         -0.093875         -0.077209          0.094344          0.074919
Line_2068             Line 1832-1623              1832              1623          -0.20058         -0.034951           0.20106          0.033209
Line_2069             Line 2383-1623              2383              1623           -0.2386          -0.11211            0.2427           0.10972
Line_2070             Line 1734-1624              1734              1624          -0.12044         -0.076131           0.12079          0.071392
Line_2071             Line 1889-1624              1889              1624         -0.081888          0.022519          0.082067         -0.026489
Line_2072             Line 1624-1898              1624              1898           0.10721          -0.01726          -0.10708          0.014164
Line_2073             Line 2383-1624              2383              1624           -0.2614         -0.087894           0.26592          0.086235
Line_2074             Line 1820-1625              1820              1625            0.2048         -0.039286          -0.20386          0.035039
Line_2075             Line 1940-1625              1940              1625           -0.1152          0.051344           0.11596         -0.055039
Line_2076             Line 1626-2113              1626              2113           -0.0594            -0.012          0.059456         0.0090698
Line_2077             Line 1627-2087              1627              2087           -0.0554          0.075845          0.055897         -0.083667
Line_2078             Line 2107-1628              2107              1628           0.13168          -0.08592          -0.13149          0.084065
Line_2079             Line 2112-1628              2112              1628         -0.012724             0.101          0.012793          -0.10206
Line_2080             Line 1659-1629              1659              1629          -0.17556         0.0053289           0.17609        -0.0084722
Line_2081             Line 1823-1629              1823              1629           0.20778        -0.0056472          -0.20689         0.0014722
Line_2082             Line 1840-1630              1840              1630          0.088718          0.059347           -0.0884         -0.065252
Line_2083             Line 1631-1647              1631              1647       -1.3323e-15       -1.7764e-15        8.1304e-07        -0.0094235
Line_2084             Line 1632-1664              1632              1664           -1.2602           0.15312            1.2604          -0.15207
Line_2085             Line 1693-1632              1693              1632           -1.2513           0.18056            1.2602          -0.15312
Line_2086             Line 1633-1874              1633              1874           0.38247         -0.077411          -0.38027          0.079977
Line_2087             Line 1633-1906              1633              1906          -0.45607          0.070411           0.46091           -0.0617
Line_2088             Line 1860-1634              1860              1634          -0.41598           0.10933           0.42173          -0.10418
Line_2089             Line 1634-2113              1634              2113          -0.48443          0.084178           0.49123         -0.076945
Line_2090             Line 1636-1635              1636              1635                 0                 0                 0                 0
Line_2091             Line 1743-1635              1743              1635          -0.16261          0.091436           0.16395         -0.095505
Line_2092             Line 1810-1635              1810              1635           0.25853          -0.10268          -0.25745           0.10128
Line_2093             Line 1748-1637              1748              1637           0.22575         -0.080088          -0.22409          0.077567
Line_2094             Line 1871-1637              1871              1637          -0.25342           0.26419           0.25801           -0.2626
Line_2095             Line 1932-1637              1932              1637           0.59615         -0.064345          -0.59051          0.076442
Line_2096             Line 2045-1637              2045              1637           -0.4568         -0.065879            0.4577          0.066591
Line_2097             Line 1990-1638              1990              1638           0.20535          0.042231          -0.20483         -0.044483
Line_2098             Line 2044-1638              2044              1638          -0.15174          -0.11086           0.15189           0.11036
Line_2099             Line 2070-1638              2070              1638          -0.29634           0.15106           0.29794          -0.15088
Line_2100             Line 1735-1639              1735              1639          -0.60435           0.28506           0.61766          -0.25843
Line_2101             Line 1639-2103              1639              2103          -0.66276           0.23943           0.67696          -0.21004
Line_2102             Line 1903-1640              1903              1640           0.33114           0.11584          -0.32971          -0.11486
Line_2103             Line 2015-1640              2015              1640          -0.13219          -0.07921           0.13291          0.071862
Line_2104             Line 2020-1641              2020              1641           0.38465         -0.088985          -0.38125          0.092741
Line_2105             Line 1649-1642              1649              1642          0.048476        -0.0080274         -0.048402         0.0023328
Line_2106             Line 1692-1642              1692              1642           -0.0143                 0          0.014302        -0.0043328
Line_2107             Line 1846-1643              1846              1643           0.13843          0.025722          -0.13743         -0.035192
Line_2108             Line 2024-1643              2024              1643           -0.0319            -0.012          0.031931         0.0031918
Line_2109             Line 1761-1644              1761              1644           0.93069          -0.26198          -0.88837            0.3261
Line_2110             Line 1971-1644              1971              1644          -0.84311           0.36371           0.86307           -0.3331
Line_2111             Line 1645-1650              1645              1650           0.10132           -0.1317         -0.099648           0.12373
Line_2112             Line 1776-1645              1776              1645           0.11302          -0.13202          -0.11232            0.1217
Line_2113             Line 1655-1646              1655              1646           0.68846         -0.021822          -0.68593          0.027405
Line_2114             Line 1674-1646              1674              1646          -0.68118          0.030239           0.68153         -0.029405
Line_2115             Line 1648-1647              1648              1647                 0                 0                 0                 0
Line_2116             Line 1731-1647              1731              1647          -0.22627         -0.026978           0.22657          0.025952
Line_2117             Line 1767-1647              1767              1647          -0.12639          0.009299           0.12683         -0.013281
Line_2118             Line 1886-1647              1886              1647           -0.1105         0.0023575           0.11066        -0.0042814
Line_2119             Line 1887-1647              1887              1647                 0        7.1054e-15        1.7962e-08        -0.0024456
Line_2120             Line 2027-1647              2027              1647           -0.1657          -0.17264           0.16579            0.1724
Line_2121             Line 2028-1647              2028              1647           -0.1671            -0.045           0.16715          0.044646
Line_2122             Line 1752-1649              1752              1649           -1.1606          0.011734            1.1811          0.047717
Line_2123             Line 1884-1649              1884              1649          -0.36047          -0.16376           0.36621            0.1695
Line_2124             Line 1948-1649              1948              1649         -0.061269          -0.14557          0.062707           0.12759
Line_2125             Line 1956-1649              1956              1649           -0.4828          -0.28837           0.48404           0.29465
Line_2126             Line 1930-1650              1930              1650          -0.94573          -0.16608           0.94979           0.17782
Line_2127             Line 1931-1650              1931              1650           -0.1074         -0.083862           0.10776          0.078114
Line_2128             Line 2068-1650              2068              1650          -0.34153         -0.028368           0.34393          0.029431
Line_2129             Line 1650-2077              1650              2077           0.80735           0.23364          -0.80263          -0.21999
Line_2130             Line 1916-1651              1916              1651          0.053258         -0.017976         -0.053217          0.013694
Line_2131             Line 1663-1652              1663              1652          0.060055          0.079909          -0.05982          -0.08416
Line_2132             Line 1804-1652              1804              1652          0.017271         -0.073066          -0.01708           0.06716
Line_2133             Line 1918-1653              1918              1653           0.37737         -0.039869          -0.37713          0.040092
Line_2134             Line 2018-1653              2018              1653          -0.16497          0.066651           0.16503         -0.067092
Line_2135             Line 1669-1654              1669              1654           0.27759         -0.038361          -0.27414          0.036211
Line_2136             Line 1950-1654              1950              1654          -0.23978          0.044478           0.24114         -0.047211
Line_2137             Line 1901-1655              1901              1655          -0.68714          0.040933           0.69039         -0.032801
Line_2138             Line 1673-1656              1673              1656           0.18229         0.0086937          -0.18209        -0.0099266
Line_2139             Line 1917-1656              1917              1656         -0.083978         0.0028592          0.084135        -0.0096877
Line_2140             Line 1657-2002              1657              2002          -0.26036          0.085213           0.26155         -0.086565
Line_2141             Line 2106-1657              2106              1657          -0.12361           0.16829           0.12406          -0.16921
Line_2142             Line 1693-1658              1693              1658            1.1095          -0.23256           -1.0829           0.31441
Line_2143             Line 1845-1658              1845              1658           0.11168           0.10319          -0.11121          -0.10779
Line_2144             Line 1913-1658              1913              1658          -0.59105         -0.024001           0.59438          0.028926
Line_2145             Line 1658-2078              1658              2078            0.3986          -0.28655          -0.39768           0.28804
Line_2146             Line 1985-1659              1985              1659          -0.12895       -0.00080543           0.12936        -0.0063289
Line_2147             Line 1737-1660              1737              1660           0.21214          0.062926          -0.21206         -0.063194
Line_2148             Line 1805-1660              1805              1660           -0.1341            -0.034           0.13416          0.033194
Line_2149             Line 1667-1661              1667              1661           0.17824         -0.031507          -0.17633          0.025376
Line_2150             Line 1804-1661              1804              1661          -0.11177          0.048066           0.11253         -0.055376
Line_2151             Line 1788-1662              1788              1662          -0.15693           0.20925            0.1593          -0.21074
Line_2152             Line 1826-1662              1826              1662          0.030712         -0.044176         -0.030543          0.033584
Line_2153             Line 1992-1663              1992              1663           0.12926          0.083852          -0.12815         -0.090909
Line_2154             Line 1665-1664              1665              1664                 0                 0                 0                 0
Line_2155             Line 1664-1775              1664              1775          -0.36058           -0.2433           0.36071           0.24374
Line_2156             Line 2020-1664              2020              1664          -0.41765          0.078985              0.42         -0.075703
Line_2157             Line 1667-1666              1667              1666         -0.074522          0.014365          0.074634         -0.019776
Line_2158             Line 1983-1666              1983              1666           0.14438         0.0081765          -0.14383         -0.015224
Line_2159             Line 2038-1667              2038              1667           0.21884         0.0099081          -0.21682         -0.014858
Line_2160             Line 1668-1743              1668              1743          -0.11228         -0.021837           0.11279          0.016266
Line_2161             Line 1797-1668              1797              1668            -0.055            -0.016          0.055082          0.011837
Line_2162             Line 1670-1669              1670              1669                 0                 0                 0                 0
Line_2163             Line 1700-1669              1700              1669          -0.23686           0.11882           0.24094          -0.12162
Line_2164             Line 1758-1669              1758              1669          0.010729        -0.0070084         -0.010727         0.0052912
Line_2165             Line 1671-2060              1671              2060            -0.044             -0.01          0.044015         0.0080547
Line_2166             Line 2059-1672              2059              1672           0.15394          0.019641           -0.1539             -0.02
Line_2167             Line 1851-1673              1851              1673        7.1054e-15                 0         7.011e-10          -0.00098
Line_2168             Line 1986-1673              1986              1673          -0.23016           -0.1717            0.2311           0.17113
Line_2169             Line 1854-1674              1854              1674          -0.24782        8.9651e-05           0.24799       -0.00046995
Line_2170             Line 1893-1674              1893              1674          -0.46644          0.011085           0.46701         -0.010043
Line_2171             Line 1918-1674              1918              1674          -0.67668           0.25201           0.67938          -0.24607
Line_2172             Line 1684-1675              1684              1675          0.076628          0.029511         -0.076532         -0.033844
Line_2173             Line 1675-1917              1675              1917         -0.026768         0.0078441          0.026778         -0.011859
Line_2174             Line 1864-1676              1864              1676           0.24898         -0.065322          -0.24622          0.063279
Line_2175             Line 1945-1676              1945              1676          -0.21063          0.071658           0.21322         -0.075279
Line_2176             Line 1907-1677              1907              1677          0.035209         0.0067796           -0.0352            -0.008
Line_2177             Line 1926-1678              1926              1678           0.10023           0.03003              -0.1            -0.033
Line_2178             Line 1757-1679              1757              1679           0.26026          -0.25682          -0.25094            0.2616
Line_2179             Line 1998-1679              1998              1679          -0.12354           0.03565           0.12384         -0.040784
Line_2180             Line 1681-1680              1681              1680          -0.66023           -0.1474           0.66023           0.14745
Line_2181             Line 1921-1680              1921              1680         -0.064648          0.025532          0.064781          -0.02911
Line_2182             Line 1960-1680              1960              1680          -0.10791          0.037101             0.108         -0.038043
Line_2183             Line 1997-1680              1997              1680           -0.0561             -0.02          0.056134          0.017578
Line_2184             Line 2012-1680              2012              1680           -0.1622         -0.015297           0.16249          0.012627
Line_2185             Line 1834-1681              1834              1681          -0.07049        -0.0035848          0.070532         0.0013795
Line_2186             Line 1859-1681              1859              1681          -0.15392        -0.0095408           0.15411         0.0075521
Line_2187             Line 1904-1681              1904              1681          0.054472         -0.030867         -0.054428          0.027922
Line_2188             Line 2096-1681              2096              1681          -0.48553          -0.10555           0.49001           0.11055
Line_2189             Line 1683-1682              1683              1682          -0.70775           0.39234           0.71226          -0.37937
Line_2190             Line 2029-1682              2029              1682           0.87426          -0.29981          -0.86176           0.33737
Line_2191             Line 1684-1683              1684              1683          -0.57135         -0.067426           0.57135          0.067459
Line_2192             Line 2015-1684              2015              1684          -0.39664        -0.0084947           0.40352          0.017914
Line_2193             Line 2069-1685              2069              1685          0.097023         -0.062229           -0.0964          0.056289
Line_2194             Line 1697-1686              1697              1686           -0.2594          -0.06256           0.26015          0.062411
Line_2195             Line 1720-1686              1720              1686          -0.41303         -0.048666           0.41328          0.049008
Line_2196             Line 1827-1686              1827              1686          0.010104         -0.018481         -0.010094          0.014089
Line_2197             Line 1962-1686              1962              1686          -0.20807          0.059835           0.20937          -0.06455
Line_2198             Line 1702-1687              1702              1687          -0.19902         -0.071968            0.1992          0.071621
Line_2199             Line 1983-1687              1983              1687          -0.23448         -0.027177           0.23604          0.023345
Line_2200             Line 1835-1688              1835              1688          -0.17338          0.076835           0.17596         -0.082541
Line_2201             Line 2086-1688              2086              1688             0.364         -0.036162          -0.35846          0.039541
Line_2202             Line 1689-1702              1689              1702           -0.1264         -0.036835           0.12652          0.035968
Line_2203             Line 1689-2062              1689              2062        2.4644e-09        -0.0011651       -7.1054e-15                 0
Line_2204             Line 1690-1878              1690              1878          -0.20912         -0.065576           0.21048           0.06137
Line_2205             Line 1879-1690              1879              1690           -0.1264             -0.04           0.12672          0.035576
Line_2206             Line 1861-1691              1861              1691          -0.12519         -0.056473           0.12598           0.05038
Line_2207             Line 1874-1691              1874              1691           0.28077          0.099326          -0.27988          -0.09938
Line_2208             Line 1695-1694              1695              1694                 0                 0                 0                 0
Line_2209             Line 1832-1694              1832              1694           0.10718          0.016951          -0.10702         -0.021055
Line_2210             Line 1963-1694              1963              1694          -0.03009         -0.015223          0.030119         0.0060546
Line_2211             Line 1696-1697              1696              1697           -0.1638            -0.027            0.1639           0.02656
Line_2212             Line 1698-1814              1698              1814           -0.1841         0.0090381           0.18539         -0.017395
Line_2213             Line 1793-1699              1793              1699            0.2088          0.024821           -0.2065            -0.034
Line_2214             Line 1912-1701              1912              1701          -0.17812         -0.093496           0.17865          0.091608
Line_2215             Line 1922-1701              1922              1701           0.39638           0.16908          -0.39515          -0.16761
Line_2216             Line 1788-1703              1788              1703         -0.015566           0.12105          0.016025          -0.12512
Line_2217             Line 1951-1703              1951              1703          0.079245          -0.10233         -0.078725          0.098118
Line_2218             Line 1956-1704              1956              1704           0.65389         -0.089123          -0.64188           0.11574
Line_2219             Line 2112-1704              2112              1704          -0.59176           0.14926           0.60778          -0.12174
Line_2220             Line 1705-1814              1705              1814          -0.30948           0.12822           0.31724          -0.12705
Line_2221             Line 1974-1705              1974              1705          -0.28375           0.13581           0.28418          -0.13622
Line_2222             Line 1706-2112              1706              2112           -0.3126          -0.13567           0.31288            0.1358
Line_2223             Line 1707-2113              1707              2113           -0.2923            -0.161           0.29258           0.16113
Line_2224             Line 2113-1708              2113              1708           0.39649           0.14004           -0.3956            -0.139
Line_2225             Line 2046-1709              2046              1709          -0.20457           0.09002           0.20758         -0.095667
Line_2226             Line 2112-1709              2112              1709           0.38201         -0.042152          -0.38128          0.042667
Line_2227             Line 1710-1884              1710              1884            -0.159         -0.076011           0.15913          0.075526
Line_2228             Line 1711-1885              1711              1885           -0.0594            -0.008          0.059416         0.0073045
Line_2229             Line 1713-1712              1713              1712                 0                 0                 0                 0
Line_2230             Line 1760-1712              1760              1712          -0.10591          0.013082           0.10592         -0.013597
Line_2231             Line 1762-1712              1762              1712           0.15972           0.41242          -0.15962          -0.41221
Line_2232             Line 2017-1712              2017              1712        3.5527e-15                 0        1.4674e-10          -0.00077
Line_2233             Line 2056-1714              2056              1714          0.057203           0.01074           -0.0572            -0.011
Line_2234             Line 1748-1715              1748              1715          -0.48699           0.19218           0.49019          -0.18863
Line_2235             Line 1715-2022              1715              2022          -0.52539           0.18463           0.52786          -0.18121
Line_2236             Line 1739-1716              1739              1716          -0.12842          0.098897           0.12919           -0.1024
Line_2237             Line 1847-1716              1847              1716           0.21799         -0.083671          -0.21709          0.082398
Line_2238             Line 1718-1717              1718              1717            -0.055            -0.015             0.055             0.015
Line_2239             Line 1717-1954              1717              1954          0.085823         0.0048577           -0.0857             -0.01
Line_2240             Line 1717-1967              1717              1967         -0.092115          -0.11106          0.092285           0.10946
Line_2241             Line 1717-2108              1717              2108          -0.21021          0.060727           0.21102         -0.063608
Line_2242             Line 2085-1719              2085              1719            0.2747         -0.083228          -0.27377          0.082601
Line_2243             Line 2087-1719              2087              1719          -0.10806         -0.081213           0.10827          0.078044
Line_2244             Line 2071-1720              2071              1720          -0.26365        -0.0079177           0.26793         0.0056658
Line_2245             Line 1871-1721              1871              1721          0.038523       -0.00093782           -0.0385            -0.004
Line_2246             Line 1722-1844              1722              1844           -0.0209            -0.003          0.020903         0.0017058
Line_2247             Line 1731-1723              1731              1723           0.11637         -0.013022          -0.11629          0.011826
Line_2248             Line 1838-1723              1838              1723         -0.017354          0.027202          0.017388         -0.031826
Line_2249             Line 1795-1724              1795              1724          -0.37563         -0.038084           0.37621          0.038597
Line_2250             Line 1906-1724              1906              1724            0.5727          0.080073          -0.57081         -0.075597
Line_2251             Line 1725-1882              1725              1882           -0.0989             -0.02          0.099039          0.017976
Line_2252             Line 1727-1726              1727              1726           0.34727          -0.28708          -0.34649           0.28833
Line_2253             Line 1756-1726              1756              1726         -0.054398         -0.074339          0.054523          0.069588
Line_2254             Line 1766-1726              1766              1726          -0.11329         -0.088597           0.11387          0.084726
Line_2255             Line 1825-1727              1825              1727           0.47378          -0.22933          -0.46817           0.23808
Line_2256             Line 1870-1728              1870              1728           -0.0408         0.0093226          0.040831         -0.014888
Line_2257             Line 2104-1728              2104              1728           0.10093          -0.13294          -0.10053            0.1292
Line_2258             Line 1787-1729              1787              1729          -0.31085         -0.031924           0.31338          0.031303
Line_2259             Line 1884-1730              1884              1730          0.075467         -0.032391         -0.075166           0.02533
Line_2260             Line 1981-1730              1981              1730          0.097387         -0.076718         -0.096634          0.068439
Line_2261             Line 2027-1732              2027              1732        4.4991e-09          -0.00165       -3.5527e-15       -7.1054e-15
Line_2262             Line 1735-1733              1735              1733           0.50045          0.054124          -0.49917         -0.052017
Line_2263             Line 1737-1733              1737              1733           -0.3509          0.021008           0.35297         -0.019983
Line_2264             Line 1767-1734              1767              1734         0.0054931         -0.034299        -0.0054743           0.02781
Line_2265             Line 1808-1734              1808              1734            -0.044            -0.005          0.044018          0.002041
Line_2266             Line 1830-1734              1830              1734         -0.015184          0.022504          0.015195         -0.024807
Line_2267             Line 2065-1736              2065              1736          0.060532         -0.039381         -0.060496          0.038692
Line_2268             Line 1993-1737              1993              1737          0.064982           0.12135         -0.064636          -0.12593
Line_2269             Line 1738-1883              1738              1883            -0.066             -0.02          0.066041          0.018623
Line_2270             Line 1959-1739              1959              1739          0.092572         -0.020198         -0.092164          0.012882
Line_2271             Line 1969-1739              1969              1739        -0.0088745            0.0124         0.0088795         -0.015472
Line_2272             Line 1740-2064              1740              2064                 0                 0        6.0162e-08        -0.0034156
Line_2273             Line 1741-1882              1741              1882           -0.1099             -0.03           0.11027          0.025952
Line_2274             Line 1743-1742              1743              1742         -0.076578           -0.1297          0.076578            0.1297
Line_2275             Line 1963-1742              1963              1742           0.16588          -0.11522          -0.16488           0.11243
Line_2276             Line 1901-1744              1901              1744             0.471          -0.13245          -0.46763           0.13876
Line_2277             Line 1906-1744              1906              1744           0.34007          0.038584          -0.33821         -0.037684
Line_2278             Line 1999-1744              1999              1744           -0.6545            0.1497           0.66074          -0.13407
Line_2279             Line 2043-1745              2043              1745           0.19881          0.050744          -0.19743         -0.053214
Line_2280             Line 1862-1746              1862              1746            0.1641          -0.17913          -0.16271           0.17691
Line_2281             Line 1746-2085              1746              2085          0.080314          -0.20091         -0.078862           0.19537
Line_2282             Line 1800-1747              1800              1747           -0.0539        5.3291e-15          0.053985        -0.0051133
Line_2283             Line 2041-1747              2041              1747          0.046499        -0.0088288         -0.046491         0.0082959
Line_2284             Line 2044-1747              2044              1747         -0.047075          0.081691          0.047313         -0.085811
Line_2285             Line 2056-1747              2056              1747           0.12115          0.018296          -0.12097         -0.019909
Line_2286             Line 2082-1747              2082              1747           -0.0779            -0.014          0.078035           0.01071
Line_2287             Line 2042-1748              2042              1748          -0.22003         -0.052129            0.2202          0.051821
Line_2288             Line 2055-1748              2055              1748         -0.060614          0.021206          0.060663         -0.023123
Line_2289             Line 2061-1748              2061              1748          -0.16087           0.10521           0.16477           -0.1169
Line_2290             Line 2114-1748              2114              1748          -0.12552          0.055282           0.12643         -0.061692
Line_2291             Line 1749-1755              1749              1755           -0.1961           0.35676           0.19686          -0.35592
Line_2292             Line 1750-1919              1750              1919           -0.1231            -0.063           0.12334          0.060352
Line_2293             Line 1751-2072              1751              2072           -0.1242            -0.076           0.12421          0.075925
Line_2294             Line 1783-1752              1783              1752           -1.1099          0.058784             1.121         -0.026734
Line_2295             Line 1772-1753              1772              1753           0.10893          0.010425          -0.10882         -0.012568
Line_2296             Line 1754-1920              1754              1920           -0.0638            -0.023          0.063849          0.021451
Line_2297             Line 1755-1773              1755              1773          -0.24086           0.34592           0.24383          -0.34125
Line_2298             Line 1794-1756              1794              1756          0.021466         -0.058716         -0.021402          0.053339
Line_2299             Line 1945-1757              1945              1757           0.36565          -0.23014          -0.35916           0.23582
Line_2300             Line 1822-1758              1822              1758           0.16521          0.052764          -0.16413          -0.05705
Line_2301             Line 1801-1759              1801              1759          -0.26951         -0.042873           0.27006          0.042564
Line_2302             Line 1764-1760              1764              1760          0.060658          0.032493         -0.060606         -0.030364
Line_2303             Line 1863-1760              1863              1760           0.32709          -0.24455          -0.32488           0.24659
Line_2304             Line 1888-1760              1888              1760          -0.37267          0.045625           0.37413         -0.044269
Line_2305             Line 1964-1760              1964              1760          -0.66525           0.26848           0.67361          -0.25117
Line_2306             Line 1763-1761              1763              1761           0.38162            0.1495          -0.37992         -0.081203
Line_2307             Line 1855-1761              1855              1761           -0.6749           0.15779            0.6796           -0.1456
Line_2308             Line 1883-1761              1883              1761           0.37225          -0.12895          -0.37142           0.12953
Line_2309             Line 2234-1761              2234              1761          -0.41903            0.2033            0.4281          -0.19628
Line_2310             Line 1765-1883              1765              1883            -0.066             -0.03          0.066036          0.027823
Line_2311             Line 1935-1766              1935              1766         -0.079911         -0.082779          0.080287          0.078597
Line_2312             Line 1768-1919              1768              1919           -0.2271          -0.22584           0.22736           0.22587
Line_2313             Line 1769-1919              1769              1919           -0.1956            -0.085           0.19572          0.084773
Line_2314             Line 1770-1920              1770              1920           -0.1341            -0.043           0.13415          0.042682
Line_2315             Line 1771-2066              1771              2066           -0.0835            -0.049           0.08351          0.048708
Line_2316             Line 1772-1801              1772              1801          -0.20233         -0.031425           0.20351          0.027873
Line_2317             Line 1773-2066              1773              2066          -0.34273           0.29125           0.34363          -0.28944
Line_2318             Line 1791-1774              1791              1774        7.3911e-09         -0.002122                 0                 0
Line_2319             Line 1777-1776              1777              1776           0.16536         -0.078497          -0.16536            0.0785
Line_2320             Line 1942-1776              1942              1776         0.0059658         -0.042402        -0.0059556          0.040521
Line_2321             Line 1782-1778              1782              1778            1.0275         -0.093906           -1.0223           0.10949
Line_2322             Line 1919-1778              1919              1778          -0.88842            0.1151            0.8904          -0.11049
Line_2323             Line 1920-1779              1920              1779           0.59429             0.172           -0.5933             -0.17
Line_2324             Line 2067-1780              2067              1780        6.8212e-13       -0.00010006        1.1369e-13        2.2737e-13
Line_2325             Line 1920-1781              1920              1781          -0.72075           -0.1533           0.72403           0.16182
Line_2326             Line 2077-1781              2077              1781           0.80263           0.21492          -0.79433          -0.19082
Line_2327             Line 1783-1782              1783              1782            1.1099         -0.058784           -1.1099          0.058906
Line_2328             Line 1784-1919              1784              1919          -0.32898          0.042214           0.32928         -0.042118
Line_2329             Line 2067-1784              2067              1784          -0.22939          0.091535           0.23008         -0.092214
Line_2330             Line 1920-1785              1920              1785          0.087923           0.01919           -0.0879             -0.02
Line_2331             Line 1791-1786              1791              1786           -0.0341         -0.002878          0.034112         -0.000319
Line_2332             Line 2113-1786              2113              1786          0.046232          0.001888         -0.046212         -0.004681
Line_2333             Line 1790-1789              1790              1789          -0.64784          0.094082           0.64784         -0.094039
Line_2334             Line 1919-1789              1919              1789           0.70696         -0.018455          -0.70284          0.028039
Line_2335             Line 2113-1790              2113              1790          -0.64214           0.10768           0.64784         -0.094082
Line_2336             Line 1792-1919              1792              1919           -0.0539            -0.008          0.053928         0.0049261
Line_2337             Line 1796-1793              1796              1793           0.26819          -0.39199           -0.2667           0.39487
Line_2338             Line 1796-1794              1796              1794             0.116          -0.03304          -0.11597          0.032716
Line_2339             Line 1894-1795              1894              1795          -0.14369          0.013535           0.14373         -0.013916
Line_2340             Line 1796-1843              1796              1843          -0.49426           0.30117           0.51471          -0.27515
Line_2341             Line 1878-1796              1878              1796          0.044092         -0.073002         -0.043836          0.063859
Line_2342             Line 1798-1797              1798              1797            -0.055            -0.016             0.055             0.016
Line_2343             Line 1885-1799              1885              1799          0.070211          -0.04047           -0.0696          0.022451
Line_2344             Line 1803-1802              1803              1802            -0.055            -0.016             0.055             0.016
Line_2345             Line 1802-2092              1802              2092         -0.061924         -0.036119          0.061998          0.031457
Line_2346             Line 2065-1806              2065              1806          0.056114          0.026238           -0.0561            -0.027
Line_2347             Line 1829-1807              1829              1807          -0.11481          0.025455           0.11517         -0.032764
Line_2348             Line 1839-1807              1839              1807           0.28528         -0.030125          -0.28267          0.031994
Line_2349             Line 1964-1809              1964              1809           0.59235         -0.091222          -0.58751            0.1014
Line_2350             Line 1811-1810              1811              1810                 0                 0                 0                 0
Line_2351             Line 2090-1810              2090              1810           0.36398         -0.076036          -0.35743          0.072682
Line_2352             Line 1813-1812              1813              1812           -0.0044            -0.001            0.0044             0.001
Line_2353             Line 1865-1812              1865              1812            0.0022        8.8349e-05           -0.0022           -0.0005
Line_2354             Line 1865-1812              1865              1812            0.0022        8.8349e-05           -0.0022           -0.0005
Line_2355             Line 1815-1814              1815              1814           -0.2583            -0.048            0.2583          0.048007
Line_2356             Line 1820-1814              1820              1814           -0.3697          0.016286           0.37023         -0.015802
Line_2357             Line 1969-1814              1969              1814         -0.084526           -0.0434          0.084807          0.038532
Line_2358             Line 2069-1814              2069              1814        -0.0078008         -0.069628         0.0079723          0.063386
Line_2359             Line 1816-2068              1816              2068           -0.0528            -0.007          0.052817         0.0049779
Line_2360             Line 1817-2061              1817              2061           -0.0769            -0.005          0.076993         0.0002827
Line_2361             Line 1819-1818              1819              1818          -0.18155          -0.01047           0.18182         0.0095901
Line_2362             Line 1818-2068              1818              2068          -0.28842          -0.02359           0.28871           0.02339
Line_2363             Line 1885-1819              1885              1819         -0.030934         0.0072768           0.03095        -0.0095301
Line_2364             Line 1845-1821              1845              1821          0.055073          0.010636            -0.055            -0.018
Line_2365             Line 1828-1822              1828              1822          -0.30737        -0.0086015           0.31003         0.0081401
Line_2366             Line 1857-1822              1857              1822            -0.044            -0.013          0.044051         0.0042798
Line_2367             Line 1952-1822              1952              1822          -0.32736          -0.05652           0.33177          0.057822
Line_2368             Line 1910-1823              1910              1823          -0.25627         -0.067972           0.25766          0.066881
Line_2369             Line 2084-1823              2084              1823          -0.22353          -0.13472           0.22449           0.13303
Line_2370             Line 1824-1906              1824              1906          -0.32553          -0.12857           0.32717            0.1292
Line_2371             Line 1926-1824              1926              1824          -0.23387           -0.1037           0.23433           0.10357
Line_2372             Line 1825-2101              1825              2101          -0.50238           0.22133           0.51384          -0.20157
Line_2373             Line 1985-1827              1985              1827          0.046545         -0.020195         -0.046404          0.010481
Line_2374             Line 2098-1828              2098              1828          -0.18712          0.027068           0.18757         -0.028398
Line_2375             Line 1942-1829              1942              1829         -0.037866          0.041402          0.037907         -0.045455
Line_2376             Line 1838-1830              1838              1830          0.011854         -0.027202         -0.011841          0.024704
Line_2377             Line 1846-1831              1846              1831            0.3907         -0.014857          -0.38664          0.019441
Line_2378             Line 1864-1831              1864              1831          -0.34018          0.036322           0.34264         -0.035441
Line_2379             Line 1976-1833              1976              1833          -0.26218            0.3825           0.26963          -0.37512
Line_2380             Line 2047-1833              2047              1833           0.35276          -0.32686          -0.34323           0.33712
Line_2381             Line 1960-1834              1960              1834          0.017414          0.010225          -0.01741         -0.012415
Line_2382             Line 1944-1835              1944              1835          -0.17194          0.073527           0.17338         -0.076835
Line_2383             Line 1975-1836              1975              1836          0.077551         -0.055161         -0.077246          0.050141
Line_2384             Line 2102-1836              2102              1836         -0.022114          0.059532          0.022246         -0.064141
Line_2385             Line 1962-1837              1962              1837           0.15577          0.097779          -0.15501          -0.10251
Line_2386             Line 2102-1837              2102              1837         -0.032886         -0.076532           0.03311          0.071509
Line_2387             Line 2010-1839              2010              1839           0.61027          -0.27718          -0.60798           0.28493
Line_2388             Line 2100-1839              2100              1839          -0.31735         -0.018785           0.31868          0.018816
Line_2389             Line 2010-1840              2010              1840            0.2316          -0.22649          -0.23107           0.22216
Line_2390             Line 2032-1841              2032              1841          0.071768         0.0039072           -0.0714            -0.014
Line_2391             Line 1842-2054              1842              2054           -0.0286            -0.005          0.028617        -0.0015828
Line_2392             Line 2000-1843              2000              1843           0.68199          -0.21339          -0.65101           0.25515
Line_2393             Line 2070-1844              2070              1844           0.12681          -0.10053           -0.1265          0.098872
Line_2394             Line 1939-1845              1939              1845         -0.053134         -0.091883          0.053858          0.079883
Line_2395             Line 1945-1845              1945              1845          -0.42752          0.010412             0.434          0.012247
Line_2396             Line 1992-1846              1992              1846          -0.29746          -0.11185           0.30036           0.11208
Line_2397             Line 2080-1846              2080              1846          -0.13034         -0.043886           0.13108          0.035521
Line_2398             Line 1925-1847              1925              1847           0.39746         -0.039243          -0.39389          0.041671
Line_2399             Line 1939-1848              1939              1848         -0.055666          0.062883          0.056058            -0.075
Line_2400             Line 1849-2071              1849              2071           -0.0747            -0.021           0.07483          0.014624
Line_2401             Line 1945-1850              1945              1850           0.17799           0.13007          -0.17682          -0.13278
Line_2402             Line 1991-1850              1991              1850         -0.097451          -0.11577          0.097717           0.11378
Line_2403             Line 1918-1852              1918              1852          0.079111         0.0015686           -0.0791            -0.002
Line_2404             Line 1926-1853              1926              1853          0.061142           0.06767         -0.061013         -0.072129
Line_2405             Line 1986-1853              1986              1853            -0.017         -0.031799          0.017013          0.028129
Line_2406             Line 1924-1854              1924              1854          -0.10268          0.032079           0.10272          -0.03309
Line_2407             Line 2101-1855              2101              1855          -0.56884           0.18257            0.5815          -0.15779
Line_2408             Line 1986-1856              1986              1856         0.0054566           0.14449        -0.0045569          -0.14968
Line_2409             Line 2047-1856              2047              1856          0.082737          -0.12776         -0.082143           0.12468
Line_2410             Line 1858-1998              1858              1998           -0.0418            -0.015          0.041837         0.0086051
Line_2411             Line 1862-1860              1862              1860           -0.3345           0.12913           0.33578          -0.12833
Line_2412             Line 2093-1861              2093              1861          0.018826         -0.021351         -0.018809          0.013473
Line_2413             Line 2023-1863              2023              1863           0.50355          -0.18419          -0.49299           0.20155
Line_2414             Line 1866-1865              1866              1865           -0.1154             -0.02            0.1154          0.020001
Line_2415             Line 1949-1865              1949              1865          0.095837         -0.070145         -0.095381          0.061949
Line_2416             Line 1963-1865              1963              1865          -0.30067          0.086573           0.30246         -0.087173
Line_2417             Line 2090-1865              2090              1865            0.3301        -0.0043741          -0.32688         0.0050458
Line_2418             Line 1946-1867              1946              1867           0.16099         0.0062174          -0.16052         -0.010001
Line_2419             Line 1880-1868              1880              1868           0.32555          0.048326          -0.32307         -0.047789
Line_2420             Line 2105-1868              2105              1868          -0.22427         -0.035646           0.22637          0.032789
Line_2421             Line 1877-1869              1877              1869          -0.24923           0.17421            0.2509           -0.1748
Line_2422             Line 1978-1869              1978              1869           0.35189          -0.14182           -0.3498            0.1438
Line_2423             Line 1881-1873              1881              1873            0.6666          0.035726          -0.65689         -0.011555
Line_2424             Line 1994-1873              1994              1873           -0.1121            -0.043           0.11255          0.034266
Line_2425             Line 2013-1873              2013              1873          -0.46503           0.11515           0.47097           -0.1016
Line_2426             Line 1873-2070              1873              2070          -0.16833          0.045888           0.16954         -0.050533
Line_2427             Line 1876-1875              1876              1875          -0.60504         0.0012844           0.61124         0.0068644
Line_2428             Line 1877-1875              1877              1875           0.83556          -0.23582          -0.83264           0.24021
Line_2429             Line 1878-1876              1878              1876          -0.35126          0.050861           0.35224         -0.050284
Line_2430             Line 1877-1880              1877              1880           -0.7033          0.080041           0.71322        -0.0074939
Line_2431             Line 2065-1877              2065              1877          -0.11665          0.013144           0.11698         -0.018432
Line_2432             Line 1935-1878              1935              1878         -0.095989          0.029779          0.096682         -0.039228
Line_2433             Line 1932-1880              1932              1880          -0.86245         0.0061792           0.86798         0.0090649
Line_2434             Line 1947-1880              1947              1880          -0.49393          0.090959           0.50146         -0.075796
Line_2435             Line 2050-1880              2050              1880          -0.34995           -0.1214           0.35097            0.1221
Line_2436             Line 2000-1881              2000              1881          -0.78089           0.19739           0.78963          -0.17356
Line_2437             Line 2033-1881              2033              1881          -0.34503         0.0074027           0.34955        -0.0061738
Line_2438             Line 2035-1881              2035              1881          -0.42715         -0.096355           0.42887           0.09874
Line_2439             Line 2079-1881              2079              1881          -0.46427          -0.07179           0.46618          0.075262
Line_2440             Line 2016-1882              2016              1882            -0.033             -0.02          0.033006          0.017214
Line_2441             Line 2273-1882              2273              1882          -0.70633           0.35239           0.75812          -0.24831
Line_2442             Line 2333-1882              2333              1882          -0.71735           0.27379           0.73951          -0.22631
Line_2443             Line 2064-1883              2064              1883          -0.94934           0.21748            0.9652          -0.16926
Line_2444             Line 2244-1883              2244              1883          -0.18581         -0.011729            0.1878       -0.00033699
Line_2445             Line 2278-1883              2278              1883          -0.21174          0.079454           0.21407         -0.085497
Line_2446             Line 1884-2061              1884              2061         -0.083298           0.10031          0.083879          -0.10549
Line_2447             Line 2110-1884              2110              1884           -0.1264            -0.025           0.12677          0.020315
Line_2448             Line 1934-1885              1934              1885          0.099162          -0.04115         -0.098693          0.034564
Line_2449             Line 2111-1885              2111              1885       -1.7764e-15       -7.1054e-15        3.5649e-07         -0.008675
Line_2450             Line 1961-1886              1961              1886           -0.0226          0.015245          0.022605         -0.017357
Line_2451             Line 1943-1888              1943              1888          -0.24103          0.071801           0.24197         -0.073625
Line_2452             Line 1890-1889              1890              1889           -0.0055            -0.001            0.0055             0.001
Line_2453             Line 1987-1889              1987              1889          0.094171          0.050009         -0.094012         -0.052519
Line_2454             Line 1892-1891              1892              1891          -0.18726         -0.014842           0.18726          0.014846
Line_2455             Line 2021-1891              2021              1891           0.21743          0.013954          -0.21696         -0.014846
Line_2456             Line 2041-1892              2041              1892           -0.1332        -0.0061712           0.13336         0.0048421
Line_2457             Line 1923-1893              1923              1893          -0.37602          0.066661           0.37744         -0.065085
Line_2458             Line 1900-1895              1900              1895           0.14737         -0.086849          -0.14712          0.085693
Line_2459             Line 1927-1895              1927              1895         0.0092914         -0.029342        -0.0092844          0.026728
Line_2460             Line 1896-2060              1896              2060       -2.2737e-13       -4.5475e-13                 0       -3.0224e-05
Line_2461             Line 1897-1988              1897              1988          -0.10207          -0.10648           0.10244          0.098016
Line_2462             Line 1899-1898              1899              1898                 0                 0                 0                 0
Line_2463             Line 2014-1898              2014              1898          0.043552          0.026611         -0.043521         -0.029164
Line_2464             Line 1903-1900              1903              1900           0.25261         -0.028862          -0.25198          0.027717
Line_2465             Line 2073-1900              2073              1900         -0.024407          0.025493          0.024409         -0.025868
Line_2466             Line 1901-1924              1901              1924          0.060034          0.067519         -0.060018         -0.068079
Line_2467             Line 1902-2002              1902              2002           0.39963         -0.049852          -0.39565          0.054565
Line_2468             Line 2073-1902              2073              1902          -0.18285        -0.0045099           0.18349         0.0006463
Line_2469             Line 2075-1902              2075              1902          -0.24452          -0.03491           0.24554          0.033651
Line_2470             Line 2104-1903              2104              1903          -0.28443          0.088943           0.28993         -0.089746
Line_2471             Line 1907-1906              1907              1906           0.72523          0.043254          -0.72523         -0.043202
Line_2472             Line 1906-1928              1906              1928           0.13648          0.025932           -0.1363            -0.028
Line_2473             Line 1959-1906              1959              1906          -0.16727        -0.0028021           0.16794        -0.0002044
Line_2474             Line 1914-1907              1914              1907           -0.4587            0.1088           0.47737         -0.089274
Line_2475             Line 1907-1929              1907              1929           0.22265           0.13665            -0.222          -0.13751
Line_2476             Line 1908-1920              1908              1920           -0.0308            -0.026            0.0308          0.025962
Line_2477             Line 1909-1919              1909              1919           -0.0286             -0.02            0.0286           0.01997
Line_2478             Line 2097-1910              2097              1910          -0.14399         -0.043132           0.14417          0.041972
Line_2479             Line 1996-1911              1996              1911          -0.48791           0.16813           0.49222          -0.15942
Line_2480             Line 2112-1911              2112              1911           0.53257          -0.12297          -0.52522           0.13842
Line_2481             Line 2096-1912              2096              1912          0.052625         -0.052449          -0.05258          0.050496
Line_2482             Line 2086-1913              2086              1913           -0.4563         0.0021619           0.45915         0.0010012
Line_2483             Line 1915-1914              1915              1914           -0.1352            -0.042            0.1352          0.042002
Line_2484             Line 1975-1914              1975              1914          -0.20395          0.033161             0.205         -0.036295
Line_2485             Line 2038-1914              2038              1914          -0.11759           0.10833            0.1185          -0.11451
Line_2486             Line 2100-1916              2100              1916           0.15245         -0.006215          -0.15216         0.0029764
Line_2487             Line 2066-1920              2066              1920          -0.42714           0.24073            0.4273          -0.24041
Line_2488             Line 2072-1920              2072              1920           0.55474          0.052001          -0.55075         -0.044881
Line_2489             Line 1922-1921              1922              1921           -0.4602          -0.27227            0.4602            0.2723
Line_2490             Line 1995-1921              1995              1921            0.2439         -0.072277          -0.24352          0.071579
Line_2491             Line 2012-1922              2012              1922           -0.1235         -0.084703           0.12361          0.083445
Line_2492             Line 2080-1922              2080              1922          0.059837         -0.022677         -0.059789          0.019751
Line_2493             Line 2076-1923              2076              1923          -0.23632          0.098324           0.23652         -0.098661
Line_2494             Line 1933-1925              1933              1925          -0.55822         -0.052192           0.56145          0.056875
Line_2495             Line 2073-1927              2073              1927           0.20726         -0.020983          -0.20709          0.020342
Line_2496             Line 2018-1929              2018              1929          -0.07903          -0.10565          0.079101           0.10451
Line_2497             Line 1930-2074              1930              2074           0.80063           0.15708          -0.79124          -0.13848
Line_2498             Line 1977-1931              1977              1931         -0.030314         -0.090432          0.030496          0.083862
Line_2499             Line 2095-1933              2095              1933          -0.35084          0.028217           0.35172         -0.027808
Line_2500             Line 1988-1934              1988              1934           0.15319         -0.045101          -0.15196           0.03815
Line_2501             Line 1936-2044              1936              2044           -0.0769            -0.013          0.076916          0.012168
Line_2502             Line 1937-2045              1937              2045            -0.066             -0.01          0.066012         0.0091658
Line_2503             Line 1938-2091              1938              2091            -0.055            -0.012          0.055061         0.0085564
Line_2504             Line 1941-2105              1941              2105           -0.1692            -0.025           0.17037          0.020646
Line_2505             Line 1993-1943              1993              1943          -0.17528           0.08511           0.17613         -0.089801
Line_2506             Line 2049-1944              2049              1944          -0.17102          0.068767           0.17194         -0.073527
Line_2507             Line 2015-1946              2015              1946           0.31233          0.025705          -0.30829         -0.025217
Line_2508             Line 1948-1947              1948              1947          0.061269           0.14557         -0.061269          -0.14556
Line_2509             Line 2025-1949              2025              1949            0.1511         -0.062141          -0.15084          0.060145
Line_2510             Line 1951-1950              1951              1950          -0.18915          0.073335           0.19028         -0.078478
Line_2511             Line 1953-1952              1953              1952          -0.21826         -0.020509           0.21856           0.01952
Line_2512             Line 1953-2093              1953              2093           0.13806         0.0015087          -0.13753        -0.0086486
Line_2513             Line 1956-1955              1956              1955          -0.17109           0.37749           0.17109          -0.37747
Line_2514             Line 2033-1955              2033              1955           0.21853          -0.37195          -0.21399           0.37747
Line_2515             Line 1958-1957              1958              1957                 0                 0                 0                 0
Line_2516             Line 1957-1987              1957              1987          -0.16496         -0.025269           0.16536          0.020015
Line_2517             Line 2060-1957              2060              1957         -0.044015        -0.0080245          0.044058        0.00026924
Line_2518             Line 1973-1963              1973              1963           -0.1043             -0.03           0.10439          0.027874
Line_2519             Line 2048-1965              2048              1965         0.0054143         -0.077205        -0.0050137          0.065182
Line_2520             Line 2084-1965              2084              1965           0.20373           0.12972          -0.20269          -0.13218
Line_2521             Line 1966-2090              1966              2090          -0.23136         -0.053826           0.23295          0.049665
Line_2522             Line 2114-1966              2114              1966         -0.017384         -0.080282          0.017565          0.075846
Line_2523             Line 1987-1967              1987              1967           0.20048           0.14638          -0.19998          -0.14746
Line_2524             Line 2048-1968              2048              1968          -0.17461          0.010205           0.17563         -0.017049
Line_2525             Line 1968-2113              1968              2113          -0.22403         0.0020491           0.22577        -0.0071749
Line_2526             Line 1999-1970              1999              1970            0.4501           -0.1947           -0.4461           0.20211
Line_2527             Line 2038-1970              2038              1970          -0.23868         -0.045486            0.2408           0.04313
Line_2528             Line 2047-1971              2047              1971           -0.6508           0.42962           0.67821          -0.38971
Line_2529             Line 2091-1972              2091              1972        5.6664e-07        -0.0092191       -8.8818e-16       -3.5527e-15
Line_2530             Line 1976-1974              1976              1974          -0.02092         0.0074992          0.020951         -0.016424
Line_2531             Line 2037-1977              2037              1977           0.15687          -0.05187          -0.15619          0.045552
Line_2532             Line 1978-2013              1978              2013          -0.36949           0.13382           0.37273          -0.13015
Line_2533             Line 1979-2074              1979              2074           -0.1099            -0.008           0.10996         0.0072667
Line_2534             Line 1980-2077              1980              2077       -1.4211e-14            -0.006        1.6838e-07         0.0050739
Line_2535             Line 1982-1981              1982              1981                 0                 0                 0                 0
Line_2536             Line 1987-1981              1987              1981           0.32019        -0.0065433          -0.31719         0.0067179
Line_2537             Line 2063-1984              2063              1984                 0                 0        8.0869e-08        -0.0037811
Line_2538             Line 1987-2014              1987              2014          0.043581          0.024167         -0.043552         -0.026611
Line_2539             Line 1988-2108              1988              2108           0.29997           0.10045          -0.29842          -0.10063
Line_2540             Line 1991-1989              1991              1989          0.071051           0.10577         -0.070919          -0.10728
Line_2541             Line 2049-1989              2049              1989           0.10292         -0.082767          -0.10278           0.08128
Line_2542             Line 1990-2079              1990              2079          -0.26695         -0.048231           0.26728          0.047822
Line_2543             Line 2078-1995              2078              1995           0.30094          -0.32148           -0.2988           0.32439
Line_2544             Line 2085-1996              2085              1996          -0.36104           0.10903           0.36461          -0.10541
Line_2545             Line 2023-2001              2023              2001          -0.52555           0.16919            0.5326          -0.15636
Line_2546             Line 2011-2003              2011              2003          0.076928          0.029122           -0.0769             -0.03
Line_2547             Line 2006-2004              2006              2004          0.087929          0.029106           -0.0879             -0.03
Line_2548             Line 2007-2005              2007              2005          0.016501         0.0089657           -0.0165             -0.01
Line_2549             Line 2008-2006              2008              2006           -0.1978              -0.1           0.19825          0.098338
Line_2550             Line 2010-2006              2010              2006           0.55146              0.23          -0.54998          -0.22744
Line_2551             Line 2009-2007              2009              2007       -8.8818e-16                 0        5.3587e-08        -0.0041548
Line_2552             Line 2010-2007              2010              2007           0.09344          0.023922         -0.093402         -0.024811
Line_2553             Line 2011-2010              2011              2010          -0.32643          -0.23612           0.32643           0.23614
Line_2554             Line 2019-2018              2019              2018                 0                 0                 0                 0
Line_2555             Line 2040-2021              2040              2021            -0.144            -0.023           0.14415          0.021166
Line_2556             Line 2056-2021              2056              2021          -0.27725         -0.043036           0.27764          0.043478
Line_2557             Line 2058-2021              2058              2021         -0.066108         -0.012332          0.066179         0.0098185
Line_2558             Line 2035-2022              2035              2022           0.35025          0.086355          -0.34907         -0.085819
Line_2559             Line 2037-2022              2037              2022          -0.50919           0.16537           0.51252          -0.15891
Line_2560             Line 2026-2025              2026              2025            0.1511         -0.062138           -0.1511          0.062141
Line_2561             Line 2029-2064              2029              2064          -0.92376           0.29181           0.94934          -0.21407
Line_2562             Line 2075-2032              2075              2032           0.24452           0.03491          -0.24097         -0.038907
Line_2563             Line 2050-2034              2050              2034           0.20265          0.099395          -0.20257         -0.099595
Line_2564             Line 2058-2034              2058              2034         -0.090992         -0.019668           0.09107          0.016844
Line_2565             Line 2037-2036              2037              2036           0.18618          -0.15185          -0.18618           0.15185
Line_2566             Line 2036-2039              2036              2039           0.10888         0.0079183           -0.1088             -0.01
Line_2567             Line 2055-2037              2055              2037          -0.10429         -0.041206           0.10453          0.038351
Line_2568             Line 2106-2038              2106              2038         0.0072077          0.099081        -0.0065761          -0.10775
Line_2569             Line 2053-2042              2053              2042           -0.1473            -0.039           0.14753          0.037129
Line_2570             Line 2052-2045              2052              2045          -0.30442         -0.044058           0.30619          0.043714
Line_2571             Line 2069-2046              2069              2046         -0.089222           0.13186          0.089275           -0.1321
Line_2572             Line 2051-2079              2051              2079           -0.1968            -0.025           0.19699          0.023967
Line_2573             Line 2057-2052              2057              2052           -0.1747            -0.042           0.17472          0.016058
Line_2574             Line 2248-2054              2248              2054           0.14579          0.022463          -0.14512         -0.030417
Line_2575             Line 2059-2091              2059              2091          -0.33386         -0.042193           0.33652          0.042692
Line_2576             Line 2067-2107              2067              2107           0.22939         -0.091435          -0.22808          0.089535
Line_2577             Line 2074-2072              2074              2072           0.68127           0.13122          -0.67895          -0.12793
Line_2578             Line 2081-2076              2081              2076       -2.2737e-13       -9.0949e-13        2.2737e-13       -9.9539e-06
Line_2579             Line 2094-2078              2094              2078           -0.0967            -0.034          0.096741           0.03344
Line_2580             Line 2115-2080              2115              2080           -0.0705         -0.066581          0.070501          0.066563
Line_2581             Line 2089-2088              2089              2088             0.178          -0.15725            -0.178           0.15725
Line_2582             Line 2092-2088              2092              2088         -0.061998         -0.031457          0.062102          0.024366
Line_2583             Line 2091-2090              2091              2090          -0.53448         -0.067029           0.53448          0.067058
Line_2584             Line 2099-2097              2099              2097         -0.053855         -0.026792          0.053891          0.025132
Line_2585             Line 2099-2098              2099              2098        -0.0078451          0.082393         0.0079209         -0.084068
Line_2586             Line 2109-2108              2109              2108                 0                 0                 0                 0
Line_2587             Line 2166-2116              2166              2116           0.31342           0.13151          -0.31272          -0.13129
Line_2588             Line 2116-2167              2116              2167           0.17682          0.093293          -0.17669         -0.093969
Line_2589             Line 2216-2117              2216              2117         -0.082815          0.053924          0.083212         -0.064989
Line_2590             Line 2117-2235              2117              2235          -0.19811          0.044989           0.19986          -0.04909
Line_2591             Line 2118-2131              2118              2131         -0.020055           0.12753          0.020166          -0.12936
Line_2592             Line 2118-2134              2118              2134          -0.17985          -0.17753           0.18073            0.1757
Line_2593             Line 2123-2119              2123              2119          -0.56371         -0.052091           0.56445           0.05374
Line_2594             Line 2119-2220              2119              2220         -0.025354         -0.026591          0.025358          0.025851
Line_2595             Line 2119-2311              2119              2311           0.12013          0.018294          -0.11994         -0.022142
Line_2596             Line 2368-2119              2368              2119          -0.11041        -0.0080499           0.11043         0.0076008
Line_2597             Line 2368-2119              2368              2119          -0.11041        -0.0080499           0.11043         0.0076008
Line_2598             Line 2369-2119              2369              2119             -0.02             -0.01          0.020001         0.0092836
Line_2599             Line 2245-2120              2245              2120           -0.2367          0.054134           0.23906         -0.059335
Line_2600             Line 2120-2365              2120              2365          -0.34396          0.044335           0.34656         -0.042995
Line_2601             Line 2122-2121              2122              2121          -0.22248         -0.028038           0.22248          0.028044
Line_2602             Line 2121-2158              2121              2158          -0.35553           -0.0993           0.35872           0.10125
Line_2603             Line 2199-2121              2199              2121          -0.17039           0.02266           0.17121         -0.025646
Line_2604             Line 2121-2380              2121              2380          -0.13506           0.04382           0.13646         -0.058004
Line_2605             Line 2122-2315              2122              2315           0.13258          0.016038           -0.1319            -0.024
Line_2606             Line 2306-2123              2306              2123          -0.47989         -0.020376           0.48081          0.022091
Line_2607             Line 2124-2129              2124              2129         -0.082955         -0.069559          0.083118          0.067982
Line_2608             Line 2250-2124              2250              2124         -0.038217        -0.0006167          0.038275         -0.010266
Line_2609             Line 2124-2308              2124              2308         0.0026686          0.042087        -0.0026168         -0.048877
Line_2610             Line 2229-2125              2229              2125          -0.45884        -0.0088044           0.46294          0.014491
Line_2611             Line 2125-2377              2125              2377          -0.56084         -0.038491           0.56699          0.050349
Line_2612             Line 2126-2132              2126              2132          -0.32034          0.047757           0.32066         -0.047733
Line_2613             Line 2194-2126              2194              2126         -0.090466           0.11189          0.090535          -0.11276
Line_2614             Line 2127-2284              2127              2284           0.13172         -0.058642          -0.13138          0.056391
Line_2615             Line 2290-2127              2290              2127            0.2115          -0.10908          -0.20962            0.1068
Line_2616             Line 2128-2365              2128              2365            -0.055            -0.015          0.055009           0.01409
Line_2617             Line 2129-2193              2129              2193          -0.17302         -0.096982           0.17392           0.08566
Line_2618             Line 2130-2137              2130              2137             -0.05            -0.017          0.050113         0.0062034
Line_2619             Line 2131-2306              2131              2306          -0.23997          0.049359           0.24009         -0.049624
Line_2620             Line 2132-2196              2132              2196          -0.46056         -0.007267           0.46145         0.0084522
Line_2621             Line 2134-2133              2134              2133           0.44399          0.025257          -0.44399         -0.025238
Line_2622             Line 2269-2133              2269              2133           -0.4423         -0.022766           0.44399          0.025238
Line_2623             Line 2194-2134              2194              2134         -0.049334          -0.14496          0.049754           0.14037
Line_2624             Line 2337-2134              2337              2134            -0.065            -0.025          0.065095          0.018335
Line_2625             Line 2164-2135              2164              2135          0.056359        -0.0046544         -0.056242        -0.0012379
Line_2626             Line 2135-2268              2135              2268         -0.093658        -0.0047621          0.093832        -0.0014273
Line_2627             Line 2251-2136              2251              2136          -0.33153           0.14018           0.33565          -0.13839
Line_2628             Line 2136-2282              2136              2282          -0.38865           0.12639           0.39306          -0.12332
Line_2629             Line 2137-2142              2137              2142           -0.1355        -0.0069586           0.13561         0.0064387
Line_2630             Line 2146-2137              2146              2137          -0.16991         -0.028843           0.17107          0.025947
Line_2631             Line 2137-2348              2137              2348          -0.19559         -0.066192           0.19886          0.063016
Line_2632             Line 2139-2138              2139              2138           0.11858       -1.1154e-05          -0.11858         1.256e-05
Line_2633             Line 2138-2169              2138              2169           0.12574         -0.044176          -0.12522          0.035847
Line_2634             Line 2173-2138              2173              2138          -0.86254         -0.017349           0.86999          0.028918
Line_2635             Line 2138-2377              2138              2377          -0.52505          -0.36373           0.53986           0.39847
Line_2636             Line 2255-2139              2255              2139          -0.47139          -0.11314           0.47308           0.11631
Line_2637             Line 2139-2304              2139              2304          -0.30856          -0.38262           0.30936           0.38411
Line_2638             Line 2140-2339              2140              2339          -0.15087          0.042783           0.15129         -0.047127
Line_2639             Line 2349-2140              2349              2140          -0.04145           -0.0195          0.041483          0.014035
Line_2640             Line 2349-2140              2349              2140          -0.04145           -0.0195          0.041483          0.014035
Line_2641             Line 2345-2141              2345              2141           -0.2184          0.044575           0.21951         -0.047725
Line_2642             Line 2141-2357              2141              2357          -0.46931         -0.092275           0.47589           0.10453
Line_2643             Line 2142-2316              2142              2316          -0.24051         -0.036439           0.24495          0.033891
Line_2644             Line 2143-2187              2143              2187          -0.35493        -0.0064563           0.35853         0.0084217
Line_2645             Line 2294-2143              2294              2143          -0.20226          0.028756           0.20303         -0.032544
Line_2646             Line 2145-2144              2145              2144          0.084995          0.018184           -0.0849            -0.022
Line_2647             Line 2145-2328              2145              2328             -0.15         -0.029184           0.15092          0.020453
Line_2648             Line 2189-2146              2189              2146             -0.02            -0.005          0.020007        0.00084299
Line_2649             Line 2169-2147              2169              2147         -0.044987          0.063537          0.045056         -0.066191
Line_2650             Line 2147-2233              2147              2233          -0.20996          0.024191           0.21046          -0.02626
Line_2651             Line 2148-2374              2148              2374            -0.045            -0.006          0.045004         0.0057453
Line_2652             Line 2313-2149              2313              2149          0.035024        -0.0025116            -0.035            -0.003
Line_2653             Line 2229-2150              2229              2150            0.4874         -0.016615          -0.47847          0.025155
Line_2654             Line 2150-2322              2150              2322           0.42847         -0.035155          -0.42027          0.039956
Line_2655             Line 2164-2151              2164              2151         0.0046414         -0.005057        -0.0046405         -0.001181
Line_2656             Line 2151-2323              2151              2323        -0.0053595       -0.00081901         0.0053607        -0.0054184
Line_2657             Line 2152-2260              2152              2260          -0.35099          0.058597           0.35383         -0.056588
Line_2658             Line 2290-2152              2290              2152           -0.2695          0.071706           0.27109         -0.073597
Line_2659             Line 2374-2153              2374              2153        -0.0054925          -0.20332             0.007               0.2
Line_2660             Line 2154-2200              2154              2200          -0.14096          0.086879           0.14134         -0.089533
Line_2661             Line 2154-2303              2154              2303           0.13196         -0.088879          -0.13174          0.087256
Line_2662             Line 2360-2155              2360              2155          -0.23532         -0.050754           0.23588          0.050162
Line_2663             Line 2155-2362              2155              2362          -0.28688         -0.060162           0.28738          0.060102
Line_2664             Line 2156-2157              2156              2157          -0.21772         -0.021354           0.22034          0.012107
Line_2665             Line 2366-2156              2366              2156          -0.10159         -0.027648           0.10182          0.021354
Line_2666             Line 2158-2157              2158              2157          -0.65346          -0.50589           0.65346           0.50596
Line_2667             Line 2214-2157              2214              2157          -0.42785          -0.14822           0.42972           0.15116
Line_2668             Line 2351-2157              2351              2157          -0.31172         -0.031555           0.31431          0.031134
Line_2669             Line 2213-2158              2213              2158          -0.29251          -0.40043           0.29474           0.40465
Line_2670             Line 2160-2159              2160              2159          -0.12053          -0.13613           0.12083           0.13419
Line_2671             Line 2159-2165              2159              2165          -0.31525            0.1908           0.32914          -0.18465
Line_2672             Line 2159-2251              2159              2251          -0.14955           0.17635           0.15151          -0.17957
Line_2673             Line 2284-2159              2284              2159           0.10138         -0.066391          -0.10114          0.063697
Line_2674             Line 2375-2159              2375              2159          -0.26519         -0.044523           0.26531          0.044376
Line_2675             Line 2279-2160              2279              2160          0.059574         -0.082155         -0.059371          0.076126
Line_2676             Line 2298-2161              2298              2161         -0.025283          0.014685          0.025314         -0.024645
Line_2677             Line 2161-2375              2161              2375          -0.15521         0.0046447           0.15529         -0.005477
Line_2678             Line 2162-2195              2162              2195           -0.1499            -0.055           0.15004          0.053588
Line_2679             Line 2163-2196              2163              2196        1.7764e-15        7.1054e-15        5.0352e-09        -0.0018961
Line_2680             Line 2233-2165              2233              2165          -0.45026         -0.034979           0.45051          0.035427
Line_2681             Line 2165-2263              2165              2263           0.34377         -0.017412          -0.34284          0.017888
Line_2682             Line 2296-2165              2296              2165         -0.053453          -0.53579          0.053812           0.53658
Line_2683             Line 2328-2165              2328              2165          -0.47986           0.14562           0.49378          -0.12391
Line_2684             Line 2166-2168              2166              2168             0.137          0.038092          -0.13658         -0.043587
Line_2685             Line 2171-2166              2171              2166           -0.3397          -0.15094           0.34075           0.15161
Line_2686             Line 2282-2166              2282              2166          -0.44306           0.11432           0.44573          -0.11198
Line_2687             Line 2297-2166              2297              2166             -0.05            -0.011          0.050003          0.010596
Line_2688             Line 2338-2166              2338              2166           -0.3746         -0.075374           0.37946          0.077216
Line_2689             Line 2167-2169              2167              2169          0.019082          -0.02051         -0.019069          0.015857
Line_2690             Line 2286-2167              2286              2167           0.02835         -0.039776         -0.028338          0.038076
Line_2691             Line 2167-2287              2167              2287           0.76506             0.127          -0.76228          -0.11956
Line_2692             Line 2167-2371              2167              2371           0.12998          0.031749           -0.1299            -0.033
Line_2693             Line 2263-2168              2263              2168           0.14794         -0.057888          -0.14791          0.057554
Line_2694             Line 2168-2275              2168              2275           0.47962             0.024           -0.4781         -0.022063
Line_2695             Line 2168-2370              2168              2370           0.11496          0.025688           -0.1149            -0.027
Line_2696             Line 2299-2169              2299              2169         -0.099809         -0.079716           0.10038          0.072007
Line_2697             Line 2307-2169              2307              2169           -0.1139          0.008321           0.11392        -0.0086572
Line_2698             Line 2205-2170              2205              2170          -0.47388          0.051652           0.48329          -0.04146
Line_2699             Line 2206-2170              2206              2170         0.0023688          -0.10485        -0.0022434           0.10234
Line_2700             Line 2241-2170              2241              2170          -0.12935         -0.039385           0.12999          0.029939
Line_2701             Line 2275-2170              2275              2170            0.2683         -0.020937          -0.26727          0.019636
Line_2702             Line 2170-2327              2170              2327         -0.070456         -0.073951           0.07061          0.069989
Line_2703             Line 2367-2170              2367              2170         -0.063937         -0.046739           0.06403          0.042446
Line_2704             Line 2330-2171              2330              2171          -0.21898          0.072511            0.2198         -0.074766
Line_2705             Line 2173-2172              2173              2172           0.41197         -0.017009          -0.41197          0.017027
Line_2706             Line 2180-2172              2180              2172          -0.12159         -0.028182           0.12161          0.027864
Line_2707             Line 2172-2341              2172              2341          -0.14008         -0.040457           0.14011          0.040178
Line_2708             Line 2172-2356              2172              2356           0.32555         -0.034434          -0.32437          0.034709
Line_2709             Line 2173-2179              2173              2179           0.28134        -0.0027363          -0.28094         0.0025068
Line_2710             Line 2173-2332              2173              2332          0.089325          0.017095         -0.089314         -0.017443
Line_2711             Line 2174-2257              2174              2257          -0.39172         -0.088508            0.3934          0.091755
Line_2712             Line 2267-2174              2267              2174          -0.32396         -0.072578           0.32672          0.073508
Line_2713             Line 2185-2175              2185              2175           -0.1549          -0.03415           0.15494          0.033795
Line_2714             Line 2175-2186              2175              2186          -0.30884         -0.065795            0.3094          0.065709
Line_2715             Line 2176-2247              2176              2247           -0.0999            -0.035            0.1001          0.029514
Line_2716             Line 2177-2232              2177              2232          0.027898         0.0022452          -0.02784          -0.01298
Line_2717             Line 2352-2177              2352              2177           0.11636          0.023993           -0.1158         -0.029245
Line_2718             Line 2178-2199              2178              2199         -0.090086          0.041024          0.090488          -0.04666
Line_2719             Line 2209-2178              2209              2178         -0.029016          0.035725          0.029086         -0.041024
Line_2720             Line 2179-2299              2179              2299           0.11004         -0.039507          -0.10999          0.038716
Line_2721             Line 2332-2180              2332              2180          0.041314         0.0074428         -0.041312        -0.0078182
Line_2722             Line 2181-2339              2181              2339                 0       -1.4211e-14         6.608e-10          -0.00073
Line_2723             Line 2182-2340              2182              2340             -0.02             -0.02          0.020004          0.019276
Line_2724             Line 2183-2235              2183              2235            -0.035             -0.01          0.035043         0.0037346
Line_2725             Line 2184-2286              2184              2286          0.099346          -0.02637          -0.09925          0.023776
Line_2726             Line 2296-2184              2296              2184           0.13845         -0.024797          -0.13835           0.02337
Line_2727             Line 2325-2185              2325              2185                 0                 0         4.929e-10       -0.00084963
Line_2728             Line 2188-2186              2188              2186          0.063097           0.39314         -0.063097          -0.39312
Line_2729             Line 2193-2186              2193              2186          -0.27082          -0.12766            0.2737           0.12614
Line_2730             Line 2309-2186              2309              2186          -0.26894         -0.027493           0.26947           0.02671
Line_2731             Line 2221-2187              2221              2187          -0.73621           0.16287           0.75918          -0.10206
Line_2732             Line 2225-2187              2225              2187          -0.52591         -0.017633           0.53178          0.029489
Line_2733             Line 2352-2187              2352              2187          -0.47516        -0.0010584           0.48491            0.0154
Line_2734             Line 2221-2188              2221              2188          -0.24857          0.050156           0.25117         -0.055063
Line_2735             Line 2324-2188              2324              2188          -0.45892         -0.016232           0.46093          0.018861
Line_2736             Line 2285-2190              2285              2190           -0.0709         -0.015002          0.071093         0.0033877
Line_2737             Line 2190-2382              2190              2382          -0.15299         -0.021388           0.15379          0.013824
Line_2738             Line 2228-2191              2228              2191         -0.021204          0.020277          0.021213          -0.02182
Line_2739             Line 2250-2191              2250              2191          -0.11868         -0.053383           0.11951          0.047503
Line_2740             Line 2191-2276              2191              2276          -0.44496        -0.0080454           0.44701          0.010898
Line_2741             Line 2191-2335              2191              2335          0.074437         -0.057638         -0.074221          0.050451
Line_2742             Line 2192-2237              2192              2237           0.10682           -0.1205          -0.10659            0.1187
Line_2743             Line 2274-2192              2274              2192           0.30773          -0.05061          -0.30672          0.050502
Line_2744             Line 2196-2195              2196              2195          -0.12318          0.042497           0.12318         -0.042495
Line_2745             Line 2212-2195              2212              2195          -0.36985          0.087599           0.37426          -0.07905
Line_2746             Line 2336-2195              2336              2195        -0.0069835         -0.017309         0.0069899         0.0048197
Line_2747             Line 2368-2195              2368              2195          -0.10897           -0.0439           0.10907          0.041783
Line_2748             Line 2204-2196              2204              2196          -0.26215           0.12787           0.26569          -0.12853
Line_2749             Line 2220-2196              2220              2196          -0.17526         -0.060851            0.1754          0.060122
Line_2750             Line 2302-2196              2302              2196             -0.01            -0.005              0.01         0.0046894
Line_2751             Line 2274-2197              2274              2197          -0.66301           0.27589           0.66741           -0.2675
Line_2752             Line 2197-2333              2197              2333          -0.64321           0.32415           0.66435          -0.28379
Line_2753             Line 2198-2258              2198              2258         -0.065528         -0.037623          0.065689           0.02778
Line_2754             Line 2198-2272              2198              2272         0.0055276          0.022623        -0.0055183         -0.027074
Line_2755             Line 2200-2361              2200              2361          -0.24624          0.046533           0.24996         -0.052049
Line_2756             Line 2202-2201              2202              2201             0.015             0.005            -0.015            -0.005
Line_2757             Line 2202-2376              2202              2376            -0.044            -0.013          0.044095         0.0051017
Line_2758             Line 2203-2205              2203              2205          -0.29356          0.096834           0.29898         -0.095652
Line_2759             Line 2320-2203              2320              2203           -0.0899            -0.023          0.090428          0.015176
Line_2760             Line 2328-2203              2328              2203          0.059139           0.14469         -0.057672          -0.15801
Line_2761             Line 2210-2204              2210              2204          -0.52112          -0.10207           0.52215           0.10418
Line_2762             Line 2356-2206              2356              2206           0.13247         -0.077709          -0.13227          0.074847
Line_2763             Line 2207-2209              2207              2209           -0.1389        7.1054e-15             0.139        -0.0011173
Line_2764             Line 2208-2255              2208              2255          -0.36109         -0.088767           0.36149           0.08914
Line_2765             Line 2341-2208              2341              2208          -0.19111         -0.052178           0.19119          0.051767
Line_2766             Line 2209-2351              2209              2351          -0.22289         -0.034608           0.22382          0.031555
Line_2767             Line 2316-2210              2316              2210          -0.40195         -0.056465           0.41422          0.067066
Line_2768             Line 2211-2214              2211              2214          -0.29582          -0.12324           0.29595           0.12322
Line_2769             Line 2224-2211              2224              2211          -0.13071          -0.10107           0.13092          0.099237
Line_2770             Line 2295-2212              2295              2212          -0.28866           0.11358           0.28995           -0.1136
Line_2771             Line 2224-2213              2224              2213          -0.16108          0.086265           0.16161         -0.089847
Line_2772             Line 2215-2217              2215              2217          0.038454         -0.051089         -0.038428          0.049814
Line_2773             Line 2278-2215              2278              2215          0.098843         -0.038947         -0.098454          0.031089
Line_2774             Line 2218-2216              2218              2216          -0.02272          0.062764          0.022815         -0.068924
Line_2775             Line 2237-2217              2237              2217          0.091548         -0.037145         -0.091472          0.035307
Line_2776             Line 2245-2218              2245              2218          0.020486         -0.092661         -0.020289          0.085508
Line_2777             Line 2301-2218              2301              2218             -0.06            -0.015          0.060059         0.0099991
Line_2778             Line 2219-2251              2219              2251             -0.06            -0.015          0.060127         0.0093949
Line_2779             Line 2223-2221              2223              2221          -0.24131          -0.14172           0.24163           0.14139
Line_2780             Line 2221-2238              2221              2238           0.28415         -0.080289          -0.28068          0.078179
Line_2781             Line 2222-2227              2222              2227          0.096231          -0.10975         -0.095853            0.1048
Line_2782             Line 2222-2352              2222              2352          -0.17313          0.080754            0.1739         -0.084934
Line_2783             Line 2240-2223              2240              2223          -0.12085          -0.11181           0.12141           0.10672
Line_2784             Line 2224-2318              2224              2318           0.13789         -0.021195          -0.13725          0.016521
Line_2785             Line 2276-2225              2276              2225          -0.44801         -0.011898           0.45501          0.024248
Line_2786             Line 2362-2226              2362              2226           -0.3129           0.20886            0.3179          -0.20442
Line_2787             Line 2227-2339              2227              2339          0.095853           -0.1048         -0.095683           0.10244
Line_2788             Line 2267-2228              2267              2228          0.079159          0.042578         -0.078696         -0.050277
Line_2789             Line 2230-2229              2230              2229           0.16857         -0.011545          -0.16846           0.01042
Line_2790             Line 2355-2230              2355              2230           0.28094        -0.0033552          -0.27847         0.0015455
Line_2791             Line 2231-2236              2231              2236         -0.016879          0.014673          0.016891          -0.01963
Line_2792             Line 2334-2231              2334              2231          0.013128          0.016658         -0.013121         -0.019673
Line_2793             Line 2292-2232              2292              2232          -0.25202        -0.0092327           0.25544         0.0066366
Line_2794             Line 2232-2362              2232              2362           -0.4015         -0.055656           0.40693          0.061313
Line_2795             Line 2233-2259              2233              2259          0.049953           0.01162          -0.04995            -0.012
Line_2796             Line 2233-2259              2233              2259          0.049953           0.01162          -0.04995            -0.012
Line_2797             Line 2234-2361              2234              2361           0.27613          -0.10855          -0.27475           0.10799
Line_2798             Line 2235-2257              2235              2257           -0.3448          0.025355           0.34915         -0.022368
Line_2799             Line 2236-2359              2236              2359          -0.18079          -0.02337           0.18206          0.017384
Line_2800             Line 2247-2237              2247              2237             -0.28         -0.077514            0.2807          0.076898
Line_2801             Line 2273-2237              2273              2237           0.29732          -0.14201          -0.29557           0.14215
Line_2802             Line 2238-2298              2238              2298           0.14078          -0.10818          -0.14062           0.10696
Line_2803             Line 2268-2239              2268              2239          -0.10083          0.086114           0.10187         -0.093675
Line_2804             Line 2239-2380              2239              2380          -0.22177          0.083675           0.22431         -0.086566
Line_2805             Line 2335-2240              2335              2240         0.0092208         -0.080451        -0.0090484          0.071806
Line_2806             Line 2338-2241              2338              2241          0.030558        -0.0096614         -0.030551         0.0073854
Line_2807             Line 2246-2242              2246              2242           0.23131         -0.029531          -0.23019          0.026513
Line_2808             Line 2242-2280              2242              2280           0.18019         -0.046513          -0.17947          0.042151
Line_2809             Line 2309-2243              2309              2243           0.18604        -0.0045071          -0.18575         0.0031397
Line_2810             Line 2324-2243              2324              2243          -0.16663         0.0032322           0.16675        -0.0041397
Line_2811             Line 2310-2244              2310              2244          0.029398          0.036683         -0.029322         -0.045918
Line_2812             Line 2346-2244              2346              2244           -0.0999            -0.027           0.10023          0.022647
Line_2813             Line 2246-2258              2246              2258          -0.37121         0.0045309           0.37583       -0.00011766
Line_2814             Line 2248-2269              2248              2269          -0.26069           0.02447            0.2624         -0.027234
Line_2815             Line 2249-2262              2249              2262         0.0057779         -0.089904         -0.005565          0.081466
Line_2816             Line 2252-2311              2252              2311            -0.035             -0.01          0.035039         0.0021418
Line_2817             Line 2253-2274              2253              2274           -0.0799            -0.015          0.080046         0.0096289
Line_2818             Line 2323-2254              2323              2254          -0.15134          0.063645           0.15219         -0.069153
Line_2819             Line 2254-2380              2254              2380          -0.19219          0.064153           0.19395         -0.070046
Line_2820             Line 2256-2283              2256              2283           0.37837          0.039641            -0.378         -0.039263
Line_2821             Line 2287-2256              2287              2256           0.61938          0.086557          -0.61817         -0.083641
Line_2822             Line 2258-2257              2258              2257           0.84405           0.21753          -0.84405          -0.21745
Line_2823             Line 2257-2260              2257              2260          0.016581           0.05688         -0.016534         -0.061046
Line_2824             Line 2262-2257              2262              2257         -0.084335          -0.10147          0.084926          0.091184
Line_2825             Line 2258-2261              2258              2261          0.018579          0.057126         -0.018531         -0.061287
Line_2826             Line 2261-2260              2261              2260          0.014496          -0.14275         -0.014496           0.14275
Line_2827             Line 2271-2260              2271              2260          -0.23718         -0.030579           0.23784          0.028845
Line_2828             Line 2331-2260              2331              2260         -0.067565          -0.10698          0.069963          0.093676
Line_2829             Line 2266-2261              2266              2261           -0.0899             -0.02          0.089956          0.018776
Line_2830             Line 2272-2261              2272              2261          -0.32316         -0.038229            0.3242          0.038477
Line_2831             Line 2365-2261              2365              2261          -0.40157          0.028906           0.40346         -0.026681
Line_2832             Line 2270-2264              2270              2264           0.12872         -0.020219          -0.12861          0.019126
Line_2833             Line 2264-2271              2264              2271          -0.10119         -0.074126           0.10128          0.072611
Line_2834             Line 2355-2265              2355              2265          -0.37084        0.00035525           0.37579          0.001073
Line_2835             Line 2265-2378              2265              2378          -0.46269         -0.015073             0.463          0.015417
Line_2836             Line 2272-2270              2272              2270           0.19888        -0.0060041          -0.19862         0.0052188
Line_2837             Line 2274-2273              2274              2273           0.21524          -0.25991          -0.21524           0.25992
Line_2838             Line 2310-2273              2310              2273          -0.30429          -0.12882           0.30533           0.12907
Line_2839             Line 2376-2273              2376              2273           -0.2439           0.14622           0.24903          -0.14836
Line_2840             Line 2277-2366              2277              2366             -0.04            -0.003              0.04         0.0029316
Line_2841             Line 2280-2279              2280              2279           0.17947         -0.042151          -0.17947          0.042155
Line_2842             Line 2281-2334              2281              2334          0.093117          0.038802         -0.093028         -0.040658
Line_2843             Line 2338-2281              2338              2281           0.11424          0.039035          -0.11412         -0.040802
Line_2844             Line 2283-2326              2283              2326            0.2481          0.006263          -0.24787         -0.006628
Line_2845             Line 2285-2314              2285              2314         4.091e-07        -0.0089981        4.4409e-16                 0
Line_2846             Line 2288-2344              2288              2344         -0.072566           -0.1298          0.072686           0.12897
Line_2847             Line 2288-2345              2288              2345         -0.043334            0.0888          0.043499         -0.093575
Line_2848             Line 2310-2289              2310              2289          0.055089         0.0021367            -0.055             -0.02
Line_2849             Line 2291-2305              2291              2305            -0.027             -0.01          0.027027         -0.010666
Line_2850             Line 2308-2292              2308              2292          -0.18628         0.0078766           0.18702         -0.010767
Line_2851             Line 2327-2293              2327              2293          -0.07561         -0.071989          0.075693          0.069692
Line_2852             Line 2293-2330              2293              2330          -0.21759          0.066982           0.21798         -0.068169
Line_2853             Line 2336-2294              2336              2294          -0.13232          0.037399           0.13236         -0.037962
Line_2854             Line 2379-2295              2379              2295          -0.16491           0.14687           0.16776          -0.15158
Line_2855             Line 2304-2300              2304              2300          -0.42526          -0.41611           0.42752           0.42116
Line_2856             Line 2300-2353              2300              2353           -0.2434          -0.15875           0.24676           0.15736
Line_2857             Line 2354-2300              2354              2300           0.42692           0.31512          -0.42392           -0.3094
Line_2858             Line 2303-2343              2303              2343          -0.10406          -0.15526           0.10416           0.15492
Line_2859             Line 2305-2316              2305              2316         -0.062027        -0.0023343          0.062094        -0.0074261
Line_2860             Line 2312-2313              2312              2313           -0.2698            -0.036           0.27008          0.035917
Line_2861             Line 2319-2313              2319              2313          -0.17514           0.19059           0.17901          -0.19209
Line_2862             Line 2313-2381              2313              2381          -0.64301           0.12269           0.67864         -0.073889
Line_2863             Line 2329-2317              2329              2317            0.2794        -0.0049018           -0.2783          0.004395
Line_2864             Line 2317-2350              2317              2350          0.058501         -0.024395          -0.05839          0.019989
Line_2865             Line 2318-2321              2318              2321          0.080247         -0.028521         -0.080008          0.023078
Line_2866             Line 2374-2319              2374              2319          -0.13541           0.18558           0.14014          -0.19059
Line_2867             Line 2321-2323              2321              2323        -0.0098915         -0.027078         0.0099228          0.018172
Line_2868             Line 2322-2323              2322              2323           0.33037         -0.044956          -0.32855          0.046169
Line_2869             Line 2323-2329              2323              2329            0.4001          0.015574           -0.3993         -0.015098
Line_2870             Line 2323-2380              2323              2380           -0.1743          0.061077           0.17688         -0.072621
Line_2871             Line 2359-2324              2359              2324          -0.30696         -0.062384           0.30897          0.062227
Line_2872             Line 2324-2379              2324              2379           0.23168         -0.092227           -0.2295          0.087499
Line_2873             Line 2326-2367              2326              2367         0.0010737         -0.043372         -0.001064          0.041805
Line_2874             Line 2340-2339              2340              2339           0.41679           0.12866          -0.41679          -0.12864
Line_2875             Line 2342-2339              2342              2339          -0.43906          -0.20552           0.44006           0.20733
Line_2876             Line 2343-2339              2343              2339          -0.43245          -0.24558           0.43321           0.24704
Line_2877             Line 2342-2343              2342              2343         -0.092438         -0.021327          0.092488          0.019665
Line_2878             Line 2344-2342              2344              2342          -0.19359          -0.12897           0.19456           0.12637
Line_2879             Line 2347-2342              2347              2342          -0.14926         -0.032243           0.14938          0.031696
Line_2880             Line 2347-2342              2347              2342         -0.032636         -0.020757           0.03265          0.016778
Line_2881             Line 2348-2379              2348              2379          -0.32376          -0.10102            0.3345           0.10539
Line_2882             Line 2350-2366              2350              2366          -0.06151         -0.029989          0.061588          0.024717
Line_2883             Line 2353-2378              2353              2378          -0.46656          -0.20336           0.47208            0.2127
Line_2884             Line 2354-2377              2354              2377          -0.62282          -0.35912           0.63121           0.38024
Line_2885             Line 2358-2357              2358              2357         -0.073543         -0.038098          0.073543          0.038099
Line_2886             Line 2357-2363              2357              2363           0.22717          0.083719          -0.22629         -0.085537
Line_2887             Line 2357-2372              2357              2372           0.26497          0.074963           -0.2646         -0.075132
Line_2888             Line 2357-2372              2357              2372           0.26497          0.074963           -0.2646         -0.075132
Line_2889             Line 2358-2361              2358              2361          0.032543          0.018098         -0.032515          -0.02417
Line_2890             Line 2363-2360              2363              2360        -0.0075112          0.026537         0.0075188         -0.028246
Line_2891             Line 2362-2361              2362              2361          -0.38141          -0.33027           0.38141            0.3303
Line_2892             Line 2364-2367              2364              2367            -0.065            -0.005          0.065001         0.0049342
Line_2893             Line 2373-2372              2373              2372           -0.3997             -0.13            0.3997           0.13002
Line_2894             Line 2378-2377              2378              2377           0.40099            0.3037          -0.40099          -0.30368
Line_2895             Line 2381-2380              2381              2380         -0.064192        6.6246e-06          0.064192       -6.2125e-06
Line_2896             Line 2382-2381              2382              2381          -0.18379         -0.017824           0.18422          0.016404

OTHER ALGEBRAIC VARIABLES:
                                    

q PV 1                       0.94761
q PV 2                      -0.56599
q PV 3                        0.4492
q PV 5                       -1.3727
q PV 6                       0.69597
q PV 7                         6.377
q PV 8                      -0.76429
q PV 9                       0.55367
q PV 10                       2.1498
q PV 11                       1.0739
q PV 12                       1.1584
q PV 13                      0.18299
q PV 14                      0.14158
q PV 15                       7.5259
q PV 16                       0.3448
q PV 17                     0.041298
q PV 18                      0.48839
q PV 19                      0.52529
q PV 20                       0.5799
q PV 21                      0.25727
q PV 22                      0.30089
q PV 23                      -1.5377
q PV 24                      0.48138
q PV 25                       3.3407
q PV 26                     0.065816
q PV 27                     0.067805
q PV 28                       1.6537
q PV 29                      0.39112
q PV 30                      0.35068
q PV 31                       1.3579
q PV 32                       3.5173
q PV 33                     -0.73958
q PV 34                      -1.0453
q PV 35                      0.69121
q PV 36                       0.7954
q PV 37                       2.6728
q PV 38                       1.1683
q PV 39                      0.74741
q PV 40                     -0.12431
q PV 41                       7.7698
q PV 42                       1.1477
q PV 43                      0.62918
q PV 44                    -0.003793
q PV 45                     -0.20393
q PV 46                     0.044053
q PV 47                     0.095456
q PV 48                     0.002558
q PV 49                      0.53331
q PV 50                      0.12334
q PV 51                    -0.017221
q PV 52                      0.36874
q PV 53                      0.20309
q PV 54                       0.1274
q PV 55                    -0.074206
q PV 56                    -0.065749
q PV 57                      0.30618
q PV 58                      0.40354
q PV 59                      0.21439
q PV 60                      0.02823
q PV 61                      0.24358
q PV 62                     -0.34175
q PV 63                     0.031045
q PV 64                      0.18595
q PV 65                     -0.39839
q PV 66                     -0.36833
q PV 67                    -0.091223
q PV 68                      0.13987
q PV 69                      0.23292
q PV 70                      0.73675
q PV 71                      0.46343
q PV 72                     0.075384
q PV 73                    -0.038356
q PV 74                      0.15829
q PV 75                      0.42228
q PV 76                     0.040191
q PV 77                      0.43953
q PV 78                     -0.34554
q PV 79                    -0.001379
q PV 80                      -0.2268
q PV 81                      0.76715
q PV 82                      0.83889
q PV 83                       1.3825
q PV 84                      0.26465
q PV 85                      0.35631
q PV 86                      0.16659
q PV 87                      0.15729
q PV 88                      -0.1144
q PV 89                     0.058535
q PV 90                     0.095456
q PV 91                    -0.086881
q PV 92                      0.29253
q PV 93                      0.30468
q PV 94                      0.19981
q PV 95                       0.1527
q PV 96                     -0.53841
q PV 97                      0.15565
q PV 98                    -0.093653
q PV 99                      0.32387
q PV 100                     0.25077
q PV 101                     0.13128
q PV 102                   -0.030318
q PV 103                     0.12723
q PV 104                     0.17757
q PV 105                     0.27999
q PV 106                    -0.50946
q PV 107                    0.073806
q PV 108                   -0.094081
q PV 109                   -0.080493
q PV 110                    -0.13836
q PV 111                    -0.19839
q PV 112                     0.29308
q PV 113                     0.24526
q PV 114                    0.066164
q PV 115                      0.3107
q PV 116                   -0.025522
q PV 117                     0.20993
q PV 118                     0.10048
q PV 119                     0.14019
q PV 120                     0.35092
q PV 121                     0.23709
q PV 122                      0.1708
q PV 123                     0.47703
q PV 124                     0.15679
q PV 125                     0.27226
q PV 126                     0.14624
q PV 127                    -0.72913
q PV 128                    -0.84928
q PV 129                     0.21025
q PV 130                     0.17669
q PV 131                     0.34703
q PV 132                     0.27521
q PV 133                    0.058542
q PV 134                     0.25578
q PV 135                     0.22666
q PV 136                     0.12668
q PV 137                   -0.008045
q PV 138                     0.47021
q PV 139                    0.027035
q PV 140                     0.69175
q PV 141                    -0.52533
q PV 142                    0.087056
q PV 143                     0.21758
q PV 144                     0.10967
q PV 145                     0.33875
q PV 146                     0.36162
q PV 147                     0.70861
q PV 148                   -0.010853
q PV 149                    -0.13164
q PV 150                     0.30716
q PV 151                     0.20726
q PV 152                     0.28572
q PV 153                     0.33777
q PV 154                     0.35309
q PV 155                    -0.16042
q PV 156                      0.2557
q PV 157                     0.60751
q PV 158                    0.048448
q PV 159                     0.19065
q PV 160                     0.43976
q PV 161                     0.22776
q PV 162                     0.35443
q PV 163                    0.089592
q PV 164                     0.21213
q PV 165                     0.41879
q PV 166                      0.2668
q PV 167                      0.3639
q PV 168                     0.26453
q PV 169                    0.091544
q PV 170                    0.086829
q PV 171                     0.18752
q PV 172                     0.27075
q PV 173                     0.32059
q PV 174                     0.13779
q PV 175                     0.21218
q PV 176                    -0.48161
q PV 177                     0.19722
q PV 178                     0.36916
q PV 179                    -0.95171
q PV 180                     0.24234
q PV 181                     0.11236
q PV 182                     0.50003
q PV 183                    -0.43649
q PV 184                    -0.83563
q PV 185                     0.27174
q PV 186                    0.081559
q PV 187                     0.21815
q PV 188                   -0.010056
q PV 189                    -0.18696
q PV 190                    0.036793
q PV 191                     0.37331
q PV 192                     0.10267
q PV 193                     0.22304
q PV 194                     0.24215
q PV 195                     0.33724
q PV 196                    0.037193
q PV 197                    0.045643
q PV 198                    0.061811
q PV 199                     0.00617
q PV 200                   -0.065951
q PV 201                    0.096845
q PV 202                   -0.045252
q PV 203                    0.020779
q PV 204                   -0.044995
q PV 205                    -0.40508
q PV 206                    -0.15269
q PV 207                     0.31007
q PV 208                    -0.13635
q PV 209                     0.25881
q PV 210                      0.4828
q PV 211                    0.074289
q PV 212                    0.003522
q PV 213                    0.060038
q PV 214                     0.11089
q PV 215                   -0.053666
q PV 216                   -0.010011
q PV 217                    0.093422
q PV 218                   -0.005478
q PV 219                     0.21665
q PV 220                     0.49464
q PV 221                     0.11731
q PV 222                     0.12477
q PV 223                   -0.051087
q PV 224                     0.39418
q PV 225                     0.15131
q PV 226                     0.25414
q PV 227                     0.39976
q PV 228                   -0.018058
q PV 229                    0.060291
q PV 230                    -0.33286
q PV 231                     0.48246
q PV 232                     0.35646
q PV 233                    -0.18384
q PV 234                      0.3673
q PV 235                      0.4677
q PV 236                    0.043451
q PV 237                     0.01923
q PV 238                     0.11158
q PV 239                    -0.12202
q PV 240                    0.018323
q PV 241                     0.29426
q PV 242                      0.2113
q PV 243                     0.30407
q PV 244                    -0.37331
q PV 245                     -0.2526
q PV 246                     0.22846
q PV 247                     0.16042
q PV 248                   -0.009314
q PV 249                     0.32171
q PV 250                     0.49749
q PV 251                   -0.043165
q PV 252                    0.081344
q PV 253                      0.2254
q PV 254                    0.058326
q PV 255                    0.015245
q PV 256                     0.16061
q PV 257                     0.22326
q PV 258                     0.08402
q PV 259                     0.28524
q PV 260                     0.17839
q PV 261                       0.445
q PV 262                    -0.02388
q PV 263                     0.25146
q PV 264                     0.33711
q PV 265                    0.092714
q PV 266                    0.061255
q PV 267                     0.11639
q PV 268                     0.11542
q PV 269                    -0.39594
q PV 270                    0.017862
q PV 271                    -0.15429
q PV 272                    -0.34855
q PV 273                   -0.055751
q PV 274                     0.16477
q PV 275                   -0.001085
q PV 276                     0.26217
q PV 277                     0.20662
q PV 278                      0.1186
q PV 279                     0.30338
q PV 280                    0.017615
q PV 281                    -0.13824
q PV 282                   -0.029581
q PV 283                     0.25993
q PV 284                   -0.041083
q PV 285                    0.078161
q PV 286                    -0.33398
q PV 287                    -0.24232
q PV 288                     0.10485
q PV 289                       0.206
q PV 290                     0.68941
q PV 291                   -0.007711
q PV 292                     0.12734
q PV 293                     0.10366
q PV 294                    -0.18971
q PV 295                    0.066936
q PV 296                     0.24665
q PV 297                     0.23205
q PV 298                    -0.47828
q PV 299                     0.12212
q PV 300                      0.4121
q PV 301                     0.52412
q PV 302                    0.045616
q PV 303                     0.18975
q PV 304                     0.48061
q PV 305                    0.086933
q PV 306                    0.088687
q PV 307                    0.082032
q PV 308                    0.008693
q PV 309                     0.49102
q PV 310                    0.081507
q PV 311                   -0.017371
q PV 312                     0.17067
q PV 313                    0.018794
q PV 314                    -0.53859
q PV 315                     0.16165
q PV 316                    0.042321
q PV 317                     0.22922
q PV 318                     0.35876
q PV 319                    0.005342
q PV 320                     0.45009
q PV 321                     0.39834
q PV 322                     0.41907
q PV 323                     0.10975
q PV 324                     0.19933
q PV 325                     0.40476
q PV 326                    -0.66529
q PV 327                    -0.42259
q Slack 4                     10.251
p Slack 4                      26.56

