load,law,method,step_s,iteration,residual_2,correction_2
PQ,unmodified,Euler,0.0005,1,66.68276092583748,25.399298653813773
PQ,unmodified,Euler,0.0005,2,11.182895600953,57.56565630687833
PQ,unmodified,Euler,0.0005,3,52.479729856720624,33.16620385432045
PQ,unmodified,Euler,0.0005,4,16.728181302928487,27.373998646447383
PQ,unmodified,Euler,0.0005,5,10.827679819858375,74.29862016547918
PQ,unmodified,Euler,0.0005,6,87.63195295205364,39.63351655262373
PQ,unmodified,Euler,0.0005,7,23.36972956257553,26.386585238772525
PQ,unmodified,Euler,0.0005,8,9.977178811280119,46.726750828678966
PQ,unmodified,Euler,0.0005,9,33.63629483091963,29.124009808613042
PQ,unmodified,Euler,0.0005,10,11.235500384639556,28.7463024630277
PQ,unmodified,Euler,0.0005,11,13.043790840590109,29.55893468947234
PQ,unmodified,Euler,0.0005,12,12.706389583355383,32.196931544579016
PQ,unmodified,Euler,0.0005,13,15.825732487817195,38.875864196871106
PQ,unmodified,Euler,0.0005,14,18.08010413390406,42.38657644817071
PQ,unmodified,Euler,0.0005,15,26.204709811287454,24.93392784734507
PQ,unmodified,Euler,0.0005,16,9.5937039782543,60.67032863106639
PQ,unmodified,Euler,0.0005,17,58.239931491848274,35.17810647828919
PQ,unmodified,Euler,0.0005,18,18.335753206174015,39.278539338214614
PQ,unmodified,Euler,0.0005,19,22.314947993390824,100.67305446815786
PQ,unmodified,Euler,0.0005,20,154.8076282754747,53.492309528436806
PQ,unmodified,Euler,0.0005,21,42.41259227163038,35.55411240947646
PQ,unmodified,Euler,0.0005,22,15.999600522747244,3825.248746037442
PQ,unmodified,Euler,0.0005,23,561943.1612611789,1912.705125932635
PQ,unmodified,Euler,0.0005,24,140486.69804649206,956.5796494284408
PQ,unmodified,Euler,0.0005,25,35123.2636542597,478.55305026635887
PQ,unmodified,Euler,0.0005,26,8782.075617925379,4186.003014266075
PQ,unmodified,Euler,0.0005,27,479831.24209802516,2379.071745812697
PQ,unmodified,Euler,0.0005,28,152841.27990903275,1257.6859398960944
PQ,unmodified,Euler,0.0005,29,42955.06199168582,660.771965278288
PQ,unmodified,Euler,0.0005,30,11951.192352665283,425.23683655806036
PQ,unmodified,Euler,0.0005,31,5158.820735943154,356.44501642852794
PQ,unmodified,Euler,0.0005,32,3588.203469586708,382.6326012678674
PQ,unmodified,Euler,0.0005,33,4243.678975158023,234.60213436565044
PQ,unmodified,Euler,0.0005,34,1244.174514536987,198.11356926195666
PQ,unmodified,Euler,0.0005,35,572.9149977386828,126.76171170708862
PQ,unmodified,Euler,0.0005,36,216.4641237465328,67.27392321273521
PQ,unmodified,Euler,0.0005,37,59.094602301461016,88.07646530309553
PQ,unmodified,Euler,0.0005,38,183.26440984112432,101.10238085965963
PQ,unmodified,Euler,0.0005,39,138.41382295194384,69.35542477900744
PQ,unmodified,Euler,0.0005,40,122.33666810360023,1175.1519249427508
PQ,unmodified,Euler,0.0005,41,48388.30743609769,591.0614701190451
PQ,unmodified,Euler,0.0005,42,12163.674755876742,316.0279548201901
PQ,unmodified,Euler,0.0005,43,3554.9574215519892,586.6451868105552
PQ,unmodified,Euler,0.0005,44,5327.207836489759,643.2012186182336
PQ,unmodified,Euler,0.0005,45,11843.980429439911,447.4465032262102
PQ,unmodified,Euler,0.0005,46,6767.925108725413,234.04050227030552
PQ,unmodified,Euler,0.0005,47,1859.0376002140151,141.81788091615854
PQ,unmodified,Euler,0.0005,48,729.5712029426138,98.1054344960439
PQ,unmodified,Euler,0.0005,49,258.3038031950181,160.7444098715692
PQ,unmodified,Euler,0.0005,50,452.49457637755773,337.42836578917024
PQ,unmodified,Euler,0.0005,51,3382.1716521199555,257.23357972436895
PQ,unmodified,Euler,0.0005,52,1861.1530687901916,137.1421545358333
PQ,unmodified,Euler,0.0005,53,469.2497202493112,184.9035831148861
PQ,unmodified,Euler,0.0005,54,822.5519686424777,146.85700254295284
PQ,unmodified,Euler,0.0005,55,447.98788415743064,2498.482500855612
PQ,unmodified,Euler,0.0005,56,376847.3247114519,1249.9367578829585
PQ,unmodified,Euler,0.0005,57,94226.52023100287,653.4107867522491
PQ,unmodified,Euler,0.0005,58,23748.00876496591,374.953013997743
PQ,unmodified,Euler,0.0005,59,7579.817337613992,757.0836455555277
PQ,unmodified,Euler,0.0005,60,37372.394105224914,422.0710426662949
PQ,unmodified,Euler,0.0005,61,11642.682439602393,235.35559208484037
PQ,unmodified,Euler,0.0005,62,3089.5865864186635,365.45651401722495
PQ,unmodified,Euler,0.0005,63,5747.205954150216,352.8533515166946
PQ,unmodified,Euler,0.0005,64,5719.221759040625,4566.3863293728855
PQ,unmodified,Euler,0.0005,65,1.382428577013395e6,2284.1899047956626
PQ,unmodified,Euler,0.0005,66,345613.8253237675,7223.787137902733
PQ,unmodified,Euler,0.0005,67,3.2755862110607885e6,3614.932603670114
PQ,unmodified,Euler,0.0005,68,819235.5152130887,1811.092152186362
PQ,unmodified,Euler,0.0005,69,205542.4428579468,910.4072336965668
PQ,unmodified,Euler,0.0005,70,51855.897292813286,1375.046771282807
PQ,unmodified,Euler,0.0005,71,114802.91832788716,721.3768759515181
PQ,unmodified,Euler,0.0005,72,31358.746609888352,491.43523163909254
PQ,unmodified,Euler,0.0005,73,14447.17119929537,276.61692349031233
PQ,unmodified,Euler,0.0005,74,4268.951538538888,169.7560447351444
PQ,unmodified,Euler,0.0005,75,1278.5351384087892,149.75969494845367
PQ,unmodified,Euler,0.0005,76,1058.9280270909767,122.15302095313459
PQ,unmodified,Euler,0.0005,77,552.0115895409475,147.27389066748793
PQ,unmodified,Euler,0.0005,78,550.0265325061414,139.91833637652417
PQ,unmodified,Euler,0.0005,79,462.9899562560461,122.19811854602357
PQ,unmodified,Euler,0.0005,80,316.9686704308868,144.62223740492433
PQ,unmodified,Euler,0.0005,81,645.7337783238128,399.53662954275364
PQ,unmodified,Euler,0.0005,82,2559.8667394520553,209.6482034501591
PQ,unmodified,Euler,0.0005,83,690.5741135054609,171.47339830044876
PQ,unmodified,Euler,0.0005,84,494.61590354731635,155.15830223910828
PQ,unmodified,Euler,0.0005,85,471.8894188124201,148.9108144728287
PQ,unmodified,Euler,0.0005,86,598.918086904873,101.9613182814127
PQ,unmodified,Euler,0.0005,87,235.9773655673971,318.8060875115066
PQ,unmodified,Euler,0.0005,88,4667.0666567574535,189.86869544383012
PQ,unmodified,Euler,0.0005,89,1494.231413995023,183.6843018161417
PQ,unmodified,Euler,0.0005,90,1461.8923257262293,260.7914968055647
PQ,unmodified,Euler,0.0005,91,1500.570026526043,1143.1628551341714
PQ,unmodified,Euler,0.0005,92,63531.29886251233,651.871453956804
PQ,unmodified,Euler,0.0005,93,20857.438044734216,362.7293357700892
PQ,unmodified,Euler,0.0005,94,5863.732856137443,2655.2983139976554
PQ,unmodified,Euler,0.0005,95,242391.9251966397,1336.743711426153
PQ,unmodified,Euler,0.0005,96,61472.4961665196,686.2202106146552
PQ,unmodified,Euler,0.0005,97,16105.733618163038,17830.31185673653
PQ,unmodified,Euler,0.0005,98,9.27751015933911e6,8918.647841834205
PQ,unmodified,Euler,0.0005,99,2.321515880859005e6,4475.380077593585
PQ,unmodified,Euler,0.0005,100,585250.2115945134,2275.2538436030545
PQ,unmodified,Euler,0.0005,101,152202.42233049014,1176.8243562805114
PQ,unmodified,Euler,0.0005,102,41363.334873641696,628.2505284559153
PQ,unmodified,Euler,0.0005,103,11886.28937505525,1047.17887501205
PQ,unmodified,Euler,0.0005,104,39551.60748912056,847.135368269922
PQ,unmodified,Euler,0.0005,105,25475.623965723527,449.3544536157045
PQ,unmodified,Euler,0.0005,106,7372.185480860376,783.4758896658144
PQ,unmodified,Euler,0.0005,107,36257.351914558814,402.9914666296268
PQ,unmodified,Euler,0.0005,108,9087.905263694396,365.2971264232611
PQ,unmodified,Euler,0.0005,109,4199.004836649433,258.510049919367
PQ,unmodified,Euler,0.0005,110,2306.6204893401755,396.40245283675205
PQ,unmodified,Euler,0.0005,111,6484.320877969714,273.76900825878425
PQ,unmodified,Euler,0.0005,112,2650.8809970970738,152.91513543316898
PQ,unmodified,Euler,0.0005,113,793.1927970643842,195.86674109754466
PQ,unmodified,Euler,0.0005,114,1417.3328709316906,200.8419449319284
PQ,unmodified,Euler,0.0005,115,2535.077270640932,108.86874587080558
PQ,unmodified,Euler,0.0005,116,644.4131527203201,95.75112503809397
PQ,unmodified,Euler,0.0005,117,397.1784471087706,156.6521450626118
PQ,unmodified,Euler,0.0005,118,710.8782479652192,321.4950616965179
PQ,unmodified,Euler,0.0005,119,2085.7492333180558,818.0241769587398
PQ,unmodified,Euler,0.0005,120,27310.553562329675,416.28667745123505
PQ,unmodified,Euler,0.0005,121,6841.687604239761,212.64656813553623
PQ,unmodified,Euler,0.0005,122,1773.183636068589,141.54430790045592
PQ,unmodified,Euler,0.0005,123,928.8417148851861,167.97421724269785
PQ,unmodified,Euler,0.0005,124,467.3344222665762,1273.8816172624788
PQ,unmodified,Euler,0.0005,125,79603.14228589878,651.5902865224019
PQ,unmodified,Euler,0.0005,126,20550.30620326817,407.60996483157373
PQ,unmodified,Euler,0.0005,127,8177.33871032354,234.6512269953163
PQ,unmodified,Euler,0.0005,128,2104.633137068955,4063.2392438506063
PQ,unmodified,Euler,0.0005,129,930874.6962947331,5096.483535582288
PQ,unmodified,Euler,0.0005,130,1.462167646416347e6,2997.463618676137
PQ,unmodified,Euler,0.0005,131,497934.3840443819,12101.983717433284
PQ,unmodified,Euler,0.0005,132,7.761009282919042e6,6078.758550468673
PQ,unmodified,Euler,0.0005,133,1.9555337792074918e6,3041.8667017856983
PQ,unmodified,Euler,0.0005,134,489170.03856403014,1531.5126667507943
PQ,unmodified,Euler,0.0005,135,122426.00803970789,868.8248220939184
PQ,unmodified,Euler,0.0005,136,31866.117653596066,475.23284501316795
PQ,unmodified,Euler,0.0005,137,8317.969821329167,254.4606669808823
PQ,unmodified,Euler,0.0005,138,2516.2171520862244,5014.452841369336
PQ,unmodified,Euler,0.0005,139,917183.0032523461,2981.057853320877
PQ,unmodified,Euler,0.0005,140,322277.0338222396,1492.3875622373837
PQ,unmodified,Euler,0.0005,141,80731.07031252394,761.0244294835538
PQ,unmodified,Euler,0.0005,142,20944.510644915,385.0740265555627
PQ,unmodified,Euler,0.0005,143,5352.406079163576,214.24645100978884
PQ,unmodified,Euler,0.0005,144,1553.1954604028526,114.5776480775129
PQ,unmodified,Euler,0.0005,145,405.21951944560743,123.7778314401689
PQ,unmodified,Euler,0.0005,146,387.7004119352888,176.9757271154762
PQ,unmodified,Euler,0.0005,147,958.7165165160947,197.99721327523176
PQ,unmodified,Euler,0.0005,148,961.661209457838,227.98871997560542
PQ,unmodified,Euler,0.0005,149,1630.9374489332483,143.50255785250968
PQ,unmodified,Euler,0.0005,150,470.31647048421974,103.30000699485079
PQ,unmodified,Euler,0.0005,151,154.43143752333253,563.2977665413595
PQ,unmodified,Euler,0.0005,152,14326.378639103004,293.90719904114684
PQ,unmodified,Euler,0.0005,153,3708.880757269402,1034.8224771423356
PQ,unmodified,Euler,0.0005,154,16409.674557268376,565.9619923337366
PQ,unmodified,Euler,0.0005,155,5214.592137866461,297.4909890516859
PQ,unmodified,Euler,0.0005,156,1372.7470375437244,155.59692004241407
PQ,unmodified,Euler,0.0005,157,417.76363435852323,89.09907591726567
PQ,unmodified,Euler,0.0005,158,169.95790677687515,54.073470144368095
PQ,unmodified,Euler,0.0005,159,50.58419363439204,103.17100817544997
PQ,unmodified,Euler,0.0005,160,327.782133536127,58.357501344776516
PQ,unmodified,Euler,0.0005,161,84.34131127844127,152.3166245075608
PQ,unmodified,Euler,0.0005,162,356.32668992354826,81.3354437957095
PQ,unmodified,Euler,0.0005,163,97.56253868375292,45.74307286396347
PQ,unmodified,Euler,0.0005,164,30.304938280044098,35.89850827826175
PQ,unmodified,Euler,0.0005,165,15.4670110173211,94.79404079341934
PQ,unmodified,Euler,0.0005,166,139.29136465757344,52.971117341089254
PQ,unmodified,Euler,0.0005,167,39.97054084226664,2840.2729519472873
PQ,unmodified,Euler,0.0005,168,403613.22962607053,1420.2756244452169
PQ,unmodified,Euler,0.0005,169,100904.13186682627,711.7358605627963
PQ,unmodified,Euler,0.0005,170,25226.75646857149,356.4312765840917
PQ,unmodified,Euler,0.0005,171,6307.847024561449,184.91111292616793
PQ,unmodified,Euler,0.0005,172,1579.1504291800138,115.76018604824522
PQ,unmodified,Euler,0.0005,173,485.5662568289908,141.60470329056773
PQ,unmodified,Euler,0.0005,174,306.2632543107627,82.27459731031529
PQ,unmodified,Euler,0.0005,175,123.41526296955332,48.42216821696006
PQ,unmodified,Euler,0.0005,176,52.45886298385454,164.1109149970751
PQ,unmodified,Euler,0.0005,177,823.1798075206092,262.9096003393695
PQ,unmodified,Euler,0.0005,178,5564.0608842479205,379.4954212140907
PQ,unmodified,Euler,0.0005,179,3014.8623376823,1113.4445538169725
PQ,unmodified,Euler,0.0005,180,28872.93959557474,799.3256097345998
PQ,unmodified,Euler,0.0005,181,16477.810444449246,1670.4909662796977
PQ,unmodified,Euler,0.0005,182,71148.97412481839,5772.176770941039
PQ,unmodified,Euler,0.0005,183,930454.7743721759,3411.1913389296283
PQ,unmodified,Euler,0.0005,184,322593.9387546578,1827.0716838614803
PQ,unmodified,Euler,0.0005,185,92205.88897625987,950.0151706049409
PQ,unmodified,Euler,0.0005,186,24891.32830023055,477.8594612101093
PQ,unmodified,Euler,0.0005,187,6283.381221136662,298.84968262630093
PQ,unmodified,Euler,0.0005,188,2452.7273088398656,165.46533705297716
PQ,unmodified,Euler,0.0005,189,705.8235906272068,112.45711852961188
PQ,unmodified,Euler,0.0005,190,208.86724385317015,273.6355596420286
PQ,unmodified,Euler,0.0005,191,3189.490759608279,356.47413647082277
PQ,unmodified,Euler,0.0005,192,5679.3562434629785,273.8516887510753
PQ,unmodified,Euler,0.0005,193,3189.5392605768207,269.84377725229206
PQ,unmodified,Euler,0.0005,194,2581.4690076281177,166.87448288491362
PQ,unmodified,Euler,0.0005,195,934.1978689781134,113.93436462664836
PQ,unmodified,Euler,0.0005,196,626.5212124440809,14301.75840567759
PQ,unmodified,Euler,0.0005,197,1.045724095306975e7,7157.044448951769
PQ,unmodified,Euler,0.0005,198,2.6187941565438174e6,3582.323457320452
PQ,unmodified,Euler,0.0005,199,655461.8797607566,1804.3297540720955
PQ,unmodified,Euler,0.0005,200,164639.72443410594,904.0818204609086
PQ,unmodified,Euler,5.0e-5,1,66.68276092583748,11.216150135198333
PQ,unmodified,Euler,5.0e-5,2,24.252541293099934,53.64643234513789
PQ,unmodified,Euler,5.0e-5,3,43.34527808322274,274.7659570946703
PQ,unmodified,Euler,5.0e-5,4,1134.0868183922548,139.5572105743877
PQ,unmodified,Euler,5.0e-5,5,292.8455703102353,75.57801541992824
PQ,unmodified,Euler,5.0e-5,6,85.76878301398101,52.30699712874412
PQ,unmodified,Euler,5.0e-5,7,41.115149065241425,438.50219074780557
PQ,unmodified,Euler,5.0e-5,8,47192.49261175586,222.70906428250424
PQ,unmodified,Euler,5.0e-5,9,12044.747875737043,129.29864638138488
PQ,unmodified,Euler,5.0e-5,10,3076.3379674300772,76.75661910643302
PQ,unmodified,Euler,5.0e-5,11,773.5646847749887,374.989612891336
PQ,unmodified,Euler,5.0e-5,12,2235.9869237996577,440.8683784847716
PQ,unmodified,Euler,5.0e-5,13,44824.53327106767,291.1578826963596
PQ,unmodified,Euler,5.0e-5,14,18522.788470029038,9619.161021702883
PQ,unmodified,Euler,5.0e-5,15,1.778805402509448e6,5831.797859239296
PQ,unmodified,Euler,5.0e-5,16,708520.755428178,2942.209651328697
PQ,unmodified,Euler,5.0e-5,17,189391.4280854612,1483.3859303813324
PQ,unmodified,Euler,5.0e-5,18,50436.97284162791,838.4462820453085
PQ,unmodified,Euler,5.0e-5,19,15204.869027924187,637.9442574970445
PQ,unmodified,Euler,5.0e-5,20,23760.48135347181,12828.73478372027
PQ,unmodified,Euler,5.0e-5,21,2.4710992749496764e6,27966.988034057063
PQ,unmodified,Euler,5.0e-5,22,1.1747929105743783e7,14056.472891442732
PQ,unmodified,Euler,5.0e-5,23,2.9677932102705576e6,8474.141087166092
PQ,unmodified,Euler,5.0e-5,24,1.0784680777018664e6,4315.642333354851
PQ,unmodified,Euler,5.0e-5,25,279691.83035845443,2388.733955884635
PQ,unmodified,Euler,5.0e-5,26,91133.41358840844,1463.3645083589058
PQ,unmodified,Euler,5.0e-5,27,82362.86463946244,877.264334184019
PQ,unmodified,Euler,5.0e-5,28,22669.950365276167,456.9112144524998
PQ,unmodified,Euler,5.0e-5,29,5901.134535443734,291.42729149710624
PQ,unmodified,Euler,5.0e-5,30,9160.089376149066,175.97246957348884
PQ,unmodified,Euler,5.0e-5,31,4709.129323645823,152.04895389275433
PQ,unmodified,Euler,5.0e-5,32,6027.9365740082885,479.65649711788404
PQ,unmodified,Euler,5.0e-5,33,41450.38055932305,309.82576528048605
PQ,unmodified,Euler,5.0e-5,34,20220.6359741998,169.1615209383145
PQ,unmodified,Euler,5.0e-5,35,5180.239858842009,124.30577787459124
PQ,unmodified,Euler,5.0e-5,36,2622.1987913074213,135.13869074285506
PQ,unmodified,Euler,5.0e-5,37,1841.957421301003,105.77711128846865
PQ,unmodified,Euler,5.0e-5,38,2589.0432194669884,85.51991075585603
PQ,unmodified,Euler,5.0e-5,39,746.7346664593299,97.90871892736911
PQ,unmodified,Euler,5.0e-5,40,1159.3776858968579,80.99868627738567
PQ,unmodified,Euler,5.0e-5,41,447.9532765637384,73.10786804489075
PQ,unmodified,Euler,5.0e-5,42,468.8797667413918,111.43959488666353
PQ,unmodified,Euler,5.0e-5,43,2815.250096490394,325.0564317147609
PQ,unmodified,Euler,5.0e-5,44,33265.96637593473,524.4611238727763
PQ,unmodified,Euler,5.0e-5,45,9427.524672163348,265.2825357436635
PQ,unmodified,Euler,5.0e-5,46,2437.117792588579,246.30565709777107
PQ,unmodified,Euler,5.0e-5,47,13801.906675951746,226.12112072227987
PQ,unmodified,Euler,5.0e-5,48,13259.599626257963,130.2784412348209
PQ,unmodified,Euler,5.0e-5,49,3837.7760348514216,328.1074027400208
PQ,unmodified,Euler,5.0e-5,50,2785.4657389501303,166.2737695988607
PQ,unmodified,Euler,5.0e-5,51,771.1980377716187,90.01220806131674
PQ,unmodified,Euler,5.0e-5,52,235.49439707364385,308.58242237165996
PQ,unmodified,Euler,5.0e-5,53,42340.51070762637,189.28468272851825
PQ,unmodified,Euler,5.0e-5,54,10640.30541590376,108.54976757565028
PQ,unmodified,Euler,5.0e-5,55,3234.0046893414956,75.3434119172433
PQ,unmodified,Euler,5.0e-5,56,836.0443202019852,77.06156205896498
PQ,unmodified,Euler,5.0e-5,57,338.716286639634,70.14526131351784
PQ,unmodified,Euler,5.0e-5,58,567.4268606369019,147.39775532184365
PQ,unmodified,Euler,5.0e-5,59,362.75870144470474,82.0890904736575
PQ,unmodified,Euler,5.0e-5,60,284.35057547206264,57.316066690109096
PQ,unmodified,Euler,5.0e-5,61,196.40236535785908,184.62256248182135
PQ,unmodified,Euler,5.0e-5,62,523.1538447470645,95.04439082631191
PQ,unmodified,Euler,5.0e-5,63,139.19584318072685,58.66986066091966
PQ,unmodified,Euler,5.0e-5,64,52.20636630774687,70.24031067214342
PQ,unmodified,Euler,5.0e-5,65,74.61840453097602,55.24076229798876
PQ,unmodified,Euler,5.0e-5,66,56.83112962722931,172.49510660457986
PQ,unmodified,Euler,5.0e-5,67,447.0845994027268,90.00738477913465
PQ,unmodified,Euler,5.0e-5,68,120.80971315530712,55.16198506405752
PQ,unmodified,Euler,5.0e-5,69,45.73450118229103,79.58993082535605
PQ,unmodified,Euler,5.0e-5,70,95.22515851601672,53.53348286758036
PQ,unmodified,Euler,5.0e-5,71,42.89599890111868,199.43395066396815
PQ,unmodified,Euler,5.0e-5,72,597.8735209322214,103.49454082188697
PQ,unmodified,Euler,5.0e-5,73,160.87128538682728,60.58061045662111
PQ,unmodified,Euler,5.0e-5,74,55.130785751171494,62.52350306566043
PQ,unmodified,Euler,5.0e-5,75,58.54085604085289,56.97928198212704
PQ,unmodified,Euler,5.0e-5,76,48.78889452195707,70.56095648723169
PQ,unmodified,Euler,5.0e-5,77,74.83007827766436,53.03794009715002
PQ,unmodified,Euler,5.0e-5,78,42.189577989228425,248.61131408971963
PQ,unmodified,Euler,5.0e-5,79,928.4224610721616,126.63944893188533
PQ,unmodified,Euler,5.0e-5,80,241.060958696153,69.93165438646822
PQ,unmodified,Euler,5.0e-5,81,73.27795363204682,52.89431688216702
PQ,unmodified,Euler,5.0e-5,82,41.915102799450096,228.54364694651193
PQ,unmodified,Euler,5.0e-5,83,785.0667210774902,117.30107675783294
PQ,unmodified,Euler,5.0e-5,84,206.8680545660627,65.49781426687612
PQ,unmodified,Euler,5.0e-5,85,64.48052313546211,54.92262003269809
PQ,unmodified,Euler,5.0e-5,86,45.24668167859479,95.54670735585543
PQ,unmodified,Euler,5.0e-5,87,136.92663217775583,57.16500065098386
PQ,unmodified,Euler,5.0e-5,88,49.015739798451925,68.58881923761551
PQ,unmodified,Euler,5.0e-5,89,744.7072485247269,2034.6576727229856
PQ,unmodified,Euler,5.0e-5,90,62086.610340095955,1033.0977872780734
PQ,unmodified,Euler,5.0e-5,91,16010.845274012987,516.1238165202767
PQ,unmodified,Euler,5.0e-5,92,4003.1933834877195,258.1046480612399
PQ,unmodified,Euler,5.0e-5,93,1001.9433255383113,131.41767419513033
PQ,unmodified,Euler,5.0e-5,94,259.76756350448585,71.55776180372528
PQ,unmodified,Euler,5.0e-5,95,77.00821476885538,52.131944110307
PQ,unmodified,Euler,5.0e-5,96,40.867555284873625,577.8894358172383
PQ,unmodified,Euler,5.0e-5,97,5014.49640440717,311.6600781257749
PQ,unmodified,Euler,5.0e-5,98,1587.7282516960859,168.3420782107049
PQ,unmodified,Euler,5.0e-5,99,1261.9668634937793,147.04029192030163
PQ,unmodified,Euler,5.0e-5,100,4545.269974126937,15396.490576112998
PQ,unmodified,Euler,5.0e-5,101,3.5604313221750148e6,30917.379778988958
PQ,unmodified,Euler,5.0e-5,102,1.4354586471843123e7,15815.03868859989
PQ,unmodified,Euler,5.0e-5,103,3.75618141420053e6,7909.244321501801
PQ,unmodified,Euler,5.0e-5,104,939473.393873771,3954.7476412937744
PQ,unmodified,Euler,5.0e-5,105,234888.3271275309,1977.90702856536
PQ,unmodified,Euler,5.0e-5,106,58750.2740738595,995.0465389580971
PQ,unmodified,Euler,5.0e-5,107,14862.68598222729,498.95109957479383
PQ,unmodified,Euler,5.0e-5,108,3764.8380432026124,262.94660695606973
PQ,unmodified,Euler,5.0e-5,109,1102.6994332718205,155.54833974562968
PQ,unmodified,Euler,5.0e-5,110,3302.819712282387,114.08617874586416
PQ,unmodified,Euler,5.0e-5,111,1868.0728235462277,64.67592640218172
PQ,unmodified,Euler,5.0e-5,112,618.7750034360462,365.07410312236897
PQ,unmodified,Euler,5.0e-5,113,2001.0571137789257,190.17326053144208
PQ,unmodified,Euler,5.0e-5,114,560.6793456875366,100.84318345068533
PQ,unmodified,Euler,5.0e-5,115,190.09201621797655,66.52716761538798
PQ,unmodified,Euler,5.0e-5,116,119.65392786735288,61.232811274800646
PQ,unmodified,Euler,5.0e-5,117,66.33391701063877,57.59034695960947
PQ,unmodified,Euler,5.0e-5,118,54.726387176232755,92.6596602429491
PQ,unmodified,Euler,5.0e-5,119,128.24879920708298,56.524997934904725
PQ,unmodified,Euler,5.0e-5,120,48.106050397947236,81.68473630818599
PQ,unmodified,Euler,5.0e-5,121,100.18642524257507,73.53770277824837
PQ,unmodified,Euler,5.0e-5,122,1092.6617434993393,146.83397668562333
PQ,unmodified,Euler,5.0e-5,123,416.3619937832575,79.24476474292935
PQ,unmodified,Euler,5.0e-5,124,137.80767913742204,3831.4307241989
PQ,unmodified,Euler,5.0e-5,125,8.884865945255028e6,1924.4453020584729
PQ,unmodified,Euler,5.0e-5,126,2.221225365390242e6,962.8193277431988
PQ,unmodified,Euler,5.0e-5,127,555308.2498749366,482.42205293763374
PQ,unmodified,Euler,5.0e-5,128,138828.70702094375,248.533003320745
PQ,unmodified,Euler,5.0e-5,129,34708.93061130579,131.1561076184029
PQ,unmodified,Euler,5.0e-5,130,8679.520831633461,129.8849663601606
PQ,unmodified,Euler,5.0e-5,131,2183.9451370163756,71.50690139908221
PQ,unmodified,Euler,5.0e-5,132,562.7642098381344,59.57362732433679
PQ,unmodified,Euler,5.0e-5,133,263.2716625217417,91.0082660656199
PQ,unmodified,Euler,5.0e-5,134,221.87627196416673,59.37272008917499
PQ,unmodified,Euler,5.0e-5,135,224.59259358827597,136.89998475753825
PQ,unmodified,Euler,5.0e-5,136,2715.8274979787175,87.8668510491165
PQ,unmodified,Euler,5.0e-5,137,1409.084584063354,89.32539042662592
PQ,unmodified,Euler,5.0e-5,138,520.752792423061,62.662883951134276
PQ,unmodified,Euler,5.0e-5,139,142.5225878119543,18291.850599051693
PQ,unmodified,Euler,5.0e-5,140,5.026493656971824e6,9146.758834921839
PQ,unmodified,Euler,5.0e-5,141,1.2568484175092313e6,4573.629378095175
PQ,unmodified,Euler,5.0e-5,142,314238.9480071295,2287.862706362062
PQ,unmodified,Euler,5.0e-5,143,78609.4347256516,1144.4691115983417
PQ,unmodified,Euler,5.0e-5,144,19671.542019735756,572.8749472189787
PQ,unmodified,Euler,5.0e-5,145,4927.390253798044,288.9137098757337
PQ,unmodified,Euler,5.0e-5,146,1254.2330413213072,947.9252212078088
PQ,unmodified,Euler,5.0e-5,147,368193.6230938997,477.37901349379104
PQ,unmodified,Euler,5.0e-5,148,93331.19511912491,261.75860572398057
PQ,unmodified,Euler,5.0e-5,149,28535.90548845528,243.21179111397478
PQ,unmodified,Euler,5.0e-5,150,26074.150042105673,130.51308503288985
PQ,unmodified,Euler,5.0e-5,151,6546.40358377591,306.2537173997401
PQ,unmodified,Euler,5.0e-5,152,5037.016335387239,161.23634931797653
PQ,unmodified,Euler,5.0e-5,153,1883.1672292876758,85.98373701012243
PQ,unmodified,Euler,5.0e-5,154,746.1766518494958,501.2919934173636
PQ,unmodified,Euler,5.0e-5,155,62829.72525315273,1404.6551118865646
PQ,unmodified,Euler,5.0e-5,156,518805.85788301256,1006.1257182956481
PQ,unmodified,Euler,5.0e-5,157,269461.96704212547,1004.0082951073769
PQ,unmodified,Euler,5.0e-5,158,270056.09926148126,538.0984530709528
PQ,unmodified,Euler,5.0e-5,159,77048.98688102719,278.15394459717703
PQ,unmodified,Euler,5.0e-5,160,20321.047792391673,142.0441581547455
PQ,unmodified,Euler,5.0e-5,161,5132.313523211959,95.63651484665412
PQ,unmodified,Euler,5.0e-5,162,2583.3102669212617,90.05828810402883
PQ,unmodified,Euler,5.0e-5,163,795.1680730733004,55.826256595457956
PQ,unmodified,Euler,5.0e-5,164,341.4072514015228,943.0046710237239
PQ,unmodified,Euler,5.0e-5,165,13342.568256009159,474.1976162360714
PQ,unmodified,Euler,5.0e-5,166,3375.5604874058595,237.46715912371005
PQ,unmodified,Euler,5.0e-5,167,847.8483523561681,120.94434714807147
PQ,unmodified,Euler,5.0e-5,168,219.90153669214325,67.36930105755515
PQ,unmodified,Euler,5.0e-5,169,68.17511458367997,53.8844218101007
PQ,unmodified,Euler,5.0e-5,170,45.24054287205011,505.5525105988958
PQ,unmodified,Euler,5.0e-5,171,74331.65689310261,254.39522989778465
PQ,unmodified,Euler,5.0e-5,172,18582.93488075288,133.56697217573813
PQ,unmodified,Euler,5.0e-5,173,4645.863604295197,162.32759942156815
PQ,unmodified,Euler,5.0e-5,174,1209.9839477871321,85.90833017747674
PQ,unmodified,Euler,5.0e-5,175,306.066554446136,55.09158205353986
PQ,unmodified,Euler,5.0e-5,176,83.88331298365185,181.15079571866596
PQ,unmodified,Euler,5.0e-5,177,492.36352265639124,94.63356439839968
PQ,unmodified,Euler,5.0e-5,178,133.88324914921506,54.49606219795278
PQ,unmodified,Euler,5.0e-5,179,48.03296092434803,67.13296299699884
PQ,unmodified,Euler,5.0e-5,180,67.38671837094766,53.09612300861009
PQ,unmodified,Euler,5.0e-5,181,42.413484890635964,133.02238140493364
PQ,unmodified,Euler,5.0e-5,182,265.4888532116121,73.05378540827401
PQ,unmodified,Euler,5.0e-5,183,83.77199230251637,51.73857028656176
PQ,unmodified,Euler,5.0e-5,184,40.50207571160408,924.47431622669
PQ,unmodified,Euler,5.0e-5,185,12837.5926303708,463.3194754479698
PQ,unmodified,Euler,5.0e-5,186,3225.2238161242144,232.7237772162608
PQ,unmodified,Euler,5.0e-5,187,812.6971735935539,119.72392684494032
PQ,unmodified,Euler,5.0e-5,188,215.10668085886564,66.57057517747106
PQ,unmodified,Euler,5.0e-5,189,66.58104905636999,53.86444280638825
PQ,unmodified,Euler,5.0e-5,190,43.48097306215186,96.14761334500844
PQ,unmodified,Euler,5.0e-5,191,150.08556671328807,57.00206693944357
PQ,unmodified,Euler,5.0e-5,192,50.69360679974022,65.74742136938193
PQ,unmodified,Euler,5.0e-5,193,64.97441124660637,53.31690410214447
PQ,unmodified,Euler,5.0e-5,194,42.5316549365048,111.13164548710533
PQ,unmodified,Euler,5.0e-5,195,186.98130060547467,62.85241022092755
PQ,unmodified,Euler,5.0e-5,196,59.56633530377847,55.99540995810635
PQ,unmodified,Euler,5.0e-5,197,47.08251713151218,75.63845535194729
PQ,unmodified,Euler,5.0e-5,198,85.9544171374792,52.13494127506387
PQ,unmodified,Euler,5.0e-5,199,40.829982192698395,506.7353802536393
PQ,unmodified,Euler,5.0e-5,200,3857.8874133516324,254.71948727499887
PQ,unmodified,Euler,5.0e-6,1,66.68276092583748,6.994601277367617
PQ,unmodified,Euler,5.0e-6,2,7.317480839930269,64.95573582577956
PQ,unmodified,Euler,5.0e-6,3,63.25613155367011,290.1209082775345
PQ,unmodified,Euler,5.0e-6,4,1261.9012543179904,148.79058667774493
PQ,unmodified,Euler,5.0e-6,5,331.908397986179,82.57170260360037
PQ,unmodified,Euler,5.0e-6,6,102.21857199194409,66.21383115812246
PQ,unmodified,Euler,5.0e-6,7,65.73017132179167,148.83662869872208
PQ,unmodified,Euler,5.0e-6,8,332.1138434675915,82.59132831321229
PQ,unmodified,Euler,5.0e-6,9,102.26716856415985,66.20484384144757
PQ,unmodified,Euler,5.0e-6,10,65.71232919537444,149.20607084871892
PQ,unmodified,Euler,5.0e-6,11,333.76463511019534,82.74893310286338
PQ,unmodified,Euler,5.0e-6,12,102.65784333111162,66.13387741146728
PQ,unmodified,Euler,5.0e-6,13,65.57152771457447,152.23686453985954
PQ,unmodified,Euler,5.0e-6,14,347.46174105255733,84.04913282048474
PQ,unmodified,Euler,5.0e-6,15,105.909228407807,65.62491357709379
PQ,unmodified,Euler,5.0e-6,16,64.56613934986034,182.45438310557853
PQ,unmodified,Euler,5.0e-6,17,499.08662561042246,97.53625613402454
PQ,unmodified,Euler,5.0e-6,18,142.6262596508431,65.05618599802035
PQ,unmodified,Euler,5.0e-6,19,63.45188484390864,262.5498653228489
PQ,unmodified,Euler,5.0e-6,20,1033.4534747861533,135.43257116141888
PQ,unmodified,Euler,5.0e-6,21,274.9878954161996,77.03006560701307
PQ,unmodified,Euler,5.0e-6,22,88.95858486750713,70.59271042390952
PQ,unmodified,Euler,5.0e-6,23,74.71142917821453,87.22642282802549
PQ,unmodified,Euler,5.0e-6,24,114.06790225766025,64.8510710998225
PQ,unmodified,Euler,5.0e-6,25,63.05240216921902,339.70666112007905
PQ,unmodified,Euler,5.0e-6,26,1730.1169291801882,173.00584409114254
PQ,unmodified,Euler,5.0e-6,27,448.7338975758453,93.23685517669539
PQ,unmodified,Euler,5.0e-6,28,130.3294502490338,64.60990704204477
PQ,unmodified,Euler,5.0e-6,29,62.58432355780443,783.5151279397771
PQ,unmodified,Euler,5.0e-6,30,9203.692546367027,393.0940670177097
PQ,unmodified,Euler,5.0e-6,31,2316.649374763823,199.2522231256598
PQ,unmodified,Euler,5.0e-6,32,595.2147452820457,105.30613328576533
PQ,unmodified,Euler,5.0e-6,33,166.25497988161433,66.64389092212149
PQ,unmodified,Euler,5.0e-6,34,66.58678093586528,134.14183649018594
PQ,unmodified,Euler,5.0e-6,35,269.77135032425446,76.51373596702096
PQ,unmodified,Euler,5.0e-6,36,87.77000963638113,71.26728730459432
PQ,unmodified,Euler,5.0e-6,37,76.14612135950696,84.10631884219627
PQ,unmodified,Euler,5.0e-6,38,106.05339617316466,65.60544816451011
PQ,unmodified,Euler,5.0e-6,39,64.52784230447641,184.0416020037237
PQ,unmodified,Euler,5.0e-6,40,507.8077680004786,98.26407780497297
PQ,unmodified,Euler,5.0e-6,41,144.76277364056372,65.16783824812428
PQ,unmodified,Euler,5.0e-6,42,63.66986949855148,238.1461003590302
PQ,unmodified,Euler,5.0e-6,43,850.264953991907,123.70470187084756
PQ,unmodified,Euler,5.0e-6,44,229.42447367944382,72.5082409442708
PQ,unmodified,Euler,5.0e-6,45,78.82102325940471,79.61800641231676
PQ,unmodified,Euler,5.0e-6,46,95.03638931462636,68.01337946265048
PQ,unmodified,Euler,5.0e-6,47,69.35152885203861,108.01904569546303
PQ,unmodified,Euler,5.0e-6,48,174.93149286470413,67.36242837164605
PQ,unmodified,Euler,5.0e-6,49,68.03036479314846,117.89556440280545
PQ,unmodified,Euler,5.0e-6,50,208.38298840437167,70.44715017168349
PQ,unmodified,Euler,5.0e-6,51,74.40364095425149,87.98090322248899
PQ,unmodified,Euler,5.0e-6,52,116.04973751645811,64.74591282061127
PQ,unmodified,Euler,5.0e-6,53,62.84808460836439,421.8302408009476
PQ,unmodified,Euler,5.0e-6,54,2667.7354006684463,213.42916550558874
PQ,unmodified,Euler,5.0e-6,55,682.9279113793361,111.95869164810836
PQ,unmodified,Euler,5.0e-6,56,187.92430788069856,68.5157219631486
PQ,unmodified,Euler,5.0e-6,57,70.37976409441885,102.23985736877268
PQ,unmodified,Euler,5.0e-6,58,156.7140015333162,65.92278648967171
PQ,unmodified,Euler,5.0e-6,59,65.15360381445626,162.65159370886843
PQ,unmodified,Euler,5.0e-6,60,396.62855351651984,88.60315333565703
PQ,unmodified,Euler,5.0e-6,61,117.69707964012254,64.67808834404732
PQ,unmodified,Euler,5.0e-6,62,62.71648075582784,524.3593620372427
PQ,unmodified,Euler,5.0e-6,63,4122.165108468041,264.1894296390497
PQ,unmodified,Euler,5.0e-6,64,1046.4011413278392,136.22409811828317
PQ,unmodified,Euler,5.0e-6,65,278.2115864540532,77.3486256392083
PQ,unmodified,Euler,5.0e-6,66,89.69588781752815,70.20711323645968
PQ,unmodified,Euler,5.0e-6,67,73.89746873702006,89.29798311987133
PQ,unmodified,Euler,5.0e-6,68,119.55028897428018,64.62105790715502
PQ,unmodified,Euler,5.0e-6,69,62.60592797123703,714.583315800847
PQ,unmodified,Euler,5.0e-6,70,7655.491421207176,358.758605886084
PQ,unmodified,Euler,5.0e-6,71,1929.6208606753287,182.35578389133656
PQ,unmodified,Euler,5.0e-6,72,498.5473538017689,97.4910925661469
PQ,unmodified,Euler,5.0e-6,73,142.49420579388755,65.04956272573533
PQ,unmodified,Euler,5.0e-6,74,63.43896561998243,264.2548937714657
PQ,unmodified,Euler,5.0e-6,75,1046.9197860750965,136.25571030994647
PQ,unmodified,Euler,5.0e-6,76,278.34072510992945,77.36137799561685
PQ,unmodified,Euler,5.0e-6,77,89.72546631905966,70.19213553027035
PQ,unmodified,Euler,5.0e-6,78,73.86594211636424,89.38335457672159
PQ,unmodified,Euler,5.0e-6,79,119.77898531618467,64.61534457176577
PQ,unmodified,Euler,5.0e-6,80,62.59485811681825,747.5123763026262
PQ,unmodified,Euler,5.0e-6,81,8377.300711822945,375.1577701286337
PQ,unmodified,Euler,5.0e-6,82,2110.062026299426,190.41917856995627
PQ,unmodified,Euler,5.0e-6,83,543.6115867272666,101.20271782577693
PQ,unmodified,Euler,5.0e-6,84,153.5506579306283,65.70430894868467
PQ,unmodified,Euler,5.0e-6,85,64.72246271269061,176.4121743684189
PQ,unmodified,Euler,5.0e-6,86,466.57819204589856,94.77989210853401
PQ,unmodified,Euler,5.0e-6,87,134.6789587701481,64.72385870835764
PQ,unmodified,Euler,5.0e-6,88,62.80527657341677,448.2595966624072
PQ,unmodified,Euler,5.0e-6,89,3012.496299988149,226.49076641372005
PQ,unmodified,Euler,5.0e-6,90,769.0743602239936,118.1459811061653
PQ,unmodified,Euler,5.0e-6,91,209.2691625467508,70.53286408955769
PQ,unmodified,Euler,5.0e-6,92,74.58480675875016,87.53277059867257
PQ,unmodified,Euler,5.0e-6,93,114.8705446357695,64.80522006138314
PQ,unmodified,Euler,5.0e-6,94,62.96327500255961,369.061768334326
PQ,unmodified,Euler,5.0e-6,95,2042.0456510056576,187.4202895102023
PQ,unmodified,Euler,5.0e-6,96,526.6238684075123,99.81816958089624
PQ,unmodified,Euler,5.0e-6,97,149.37796323840246,65.43542167381504
PQ,unmodified,Euler,5.0e-6,98,64.19380829342451,200.11812974118735
PQ,unmodified,Euler,5.0e-6,99,600.3993327984567,105.7102570039451
PQ,unmodified,Euler,5.0e-6,100,167.53347142531527,66.74649229449645
PQ,unmodified,Euler,5.0e-6,101,66.79196565787721,131.31634203971254
PQ,unmodified,Euler,5.0e-6,102,258.52639073962655,75.3979443908023
PQ,unmodified,Euler,5.0e-6,103,85.22879366525062,72.96653975659275
PQ,unmodified,Euler,5.0e-6,104,79.8205715322975,78.26968175468683
PQ,unmodified,Euler,5.0e-6,105,91.8447774368256,69.20893292259956
PQ,unmodified,Euler,5.0e-6,106,71.81110948269048,95.9871734207646
PQ,unmodified,Euler,5.0e-6,107,138.13182066034733,64.85066682938579
PQ,unmodified,Euler,5.0e-6,108,63.05161605598221,339.935091258098
PQ,unmodified,Euler,5.0e-6,109,1732.4444886347171,173.1178221681833
PQ,unmodified,Euler,5.0e-6,110,449.3149718262475,93.28744606125433
PQ,unmodified,Euler,5.0e-6,111,130.47092372519154,64.61271638352096
PQ,unmodified,Euler,5.0e-6,112,62.58976620790158,764.278159759231
PQ,unmodified,Euler,5.0e-6,113,8757.300019195645,383.5095807729523
PQ,unmodified,Euler,5.0e-6,114,2205.056723791814,194.53050054127533
PQ,unmodified,Euler,5.0e-6,115,567.3391303893903,103.1081704508769
PQ,unmodified,Euler,5.0e-6,116,159.3872185101597,66.11608539848201
PQ,unmodified,Euler,5.0e-6,117,65.53625101264116,153.02997545330936
PQ,unmodified,Euler,5.0e-6,118,351.09152593167084,84.3914200517407
PQ,unmodified,Euler,5.0e-6,119,106.77360836237513,65.51180841799618
PQ,unmodified,Euler,5.0e-6,120,64.34377043918835,192.35601637570088
PQ,unmodified,Euler,5.0e-6,121,554.7264562816594,102.09935690704731
PQ,unmodified,Euler,5.0e-6,122,156.28357721463524,65.89237996099497
PQ,unmodified,Euler,5.0e-6,123,65.09351418100529,164.3576165428536
PQ,unmodified,Euler,5.0e-6,124,404.9925175100427,89.36013235948793
PQ,unmodified,Euler,5.0e-6,125,119.71675511007008,64.61687139469143
PQ,unmodified,Euler,5.0e-6,126,62.59781631178515,738.2671060342483
PQ,unmodified,Euler,5.0e-6,127,8171.3604320822105,370.55288837953776
PQ,unmodified,Euler,5.0e-6,128,2058.579937080191,188.15367684628447
PQ,unmodified,Euler,5.0e-6,129,530.7533564911456,100.15633065732119
PQ,unmodified,Euler,5.0e-6,130,150.3917942406027,65.49856706147288
PQ,unmodified,Euler,5.0e-6,131,64.31776252637684,193.63252245610516
PQ,unmodified,Euler,5.0e-6,132,562.113397230794,102.69129871781543
PQ,unmodified,Euler,5.0e-6,133,158.10100215349743,66.0221433691833
PQ,unmodified,Euler,5.0e-6,134,65.35014699510646,157.46150604565656
PQ,unmodified,Euler,5.0e-6,135,371.7201742241374,86.31833690481193
PQ,unmodified,Euler,5.0e-6,136,111.70521750802033,65.01399470033148
PQ,unmodified,Euler,5.0e-6,137,63.36960983139654,274.0395694590636
PQ,unmodified,Euler,5.0e-6,138,1125.8846113034908,140.98747428988563
PQ,unmodified,Euler,5.0e-6,139,298.0083212981462,79.2941695262431
PQ,unmodified,Euler,5.0e-6,140,94.2648628648968,68.27502652525575
PQ,unmodified,Euler,5.0e-6,141,69.886145041027,104.85054194900889
PQ,unmodified,Euler,5.0e-6,142,164.81953680004483,66.53021335749786
PQ,unmodified,Euler,5.0e-6,143,66.35981437581368,137.5372353754907
PQ,unmodified,Euler,5.0e-6,144,283.60109992025116,77.88021214755912
PQ,unmodified,Euler,5.0e-6,145,90.93301311031004,69.61102100497574
PQ,unmodified,Euler,5.0e-6,146,72.64794562188264,93.02483316351585
PQ,unmodified,Euler,5.0e-6,147,129.73738193519077,64.59885375524541
PQ,unmodified,Euler,5.0e-6,148,62.5629118784916,876.383261093267
PQ,unmodified,Euler,5.0e-6,149,11514.775578304925,439.38528049653416
PQ,unmodified,Euler,5.0e-6,150,2894.398589444197,222.10285253981746
PQ,unmodified,Euler,5.0e-6,151,739.5637278188552,116.06201077650825
PQ,unmodified,Euler,5.0e-6,152,201.9516989257947,69.82928324996571
PQ,unmodified,Euler,5.0e-6,153,73.1042286024175,91.57730566518177
PQ,unmodified,Euler,5.0e-6,154,125.73119803485963,64.55619340335876
PQ,unmodified,Euler,5.0e-6,155,62.48030748517572,5234.336179561834
PQ,unmodified,Euler,5.0e-6,156,410762.2786405654,2617.3671512730234
PQ,unmodified,Euler,5.0e-6,157,102706.19151912662,1309.0818046253848
PQ,unmodified,Euler,5.0e-6,158,25692.176870062984,655.3382091773321
PQ,unmodified,Euler,5.0e-6,159,6438.701776267194,329.27053697582335
PQ,unmodified,Euler,5.0e-6,160,1625.4479756856933,167.8935785864398
PQ,unmodified,Euler,5.0e-6,161,422.60584768767745,90.937591458354
PQ,unmodified,Euler,5.0e-6,162,123.9807402408731,64.55696273006507
PQ,unmodified,Euler,5.0e-6,163,62.48179667011816,4104.0060020702385
PQ,unmodified,Euler,5.0e-6,164,252512.7459421047,2052.25690643341
PQ,unmodified,Euler,5.0e-6,165,63143.809834007305,1026.6364839994847
PQ,unmodified,Euler,5.0e-6,166,15801.587411469314,514.3360663479206
PQ,unmodified,Euler,5.0e-6,167,3966.0783388149507,259.21787745615717
PQ,unmodified,Euler,5.0e-6,168,1007.3890606423078,133.82525750075254
PQ,unmodified,Euler,5.0e-6,169,268.49951499397775,76.3877089038556
PQ,unmodified,Euler,5.0e-6,170,87.48111283366958,71.44190119074635
PQ,unmodified,Euler,5.0e-6,171,76.51971376972755,83.38704029862053
PQ,unmodified,Euler,5.0e-6,172,104.24721201834994,65.8676685253423
PQ,unmodified,Euler,5.0e-6,173,65.04469965761893,165.78870306751162
PQ,unmodified,Euler,5.0e-6,174,412.07588351307686,89.99722072125698
PQ,unmodified,Euler,5.0e-6,175,121.4298688081801,64.582198391122
PQ,unmodified,Euler,5.0e-6,176,62.5306551529246,1112.0562397059268
PQ,unmodified,Euler,5.0e-6,177,18540.47398507549,556.9673497050076
PQ,unmodified,Euler,5.0e-6,178,4650.790791861189,280.3732859791883
PQ,unmodified,Euler,5.0e-6,179,1178.5298675210815,144.0571206459186
PQ,unmodified,Euler,5.0e-6,180,311.12634723012576,80.57128336300683
PQ,unmodified,Euler,5.0e-6,181,97.32577993053587,67.32498225956951
PQ,unmodified,Euler,5.0e-6,182,67.95475099273469,118.57467764580774
PQ,unmodified,Euler,5.0e-6,183,210.79059777806535,70.68031129052174
PQ,unmodified,Euler,5.0e-6,184,74.896968073801,86.7873892876887
PQ,unmodified,Euler,5.0e-6,185,112.92252448435286,64.92464848622647
PQ,unmodified,Euler,5.0e-6,186,63.19555671148689,304.63096944178903
PQ,unmodified,Euler,5.0e-6,187,1391.2828612986789,155.85515062348733
PQ,unmodified,Euler,5.0e-6,188,364.1745971886345,85.61714320780312
PQ,unmodified,Euler,5.0e-6,189,109.89774858293767,65.16962134517243
PQ,unmodified,Euler,5.0e-6,190,63.67335376663802,237.8118010684248
PQ,unmodified,Euler,5.0e-6,191,847.8794984545974,123.54483446606045
PQ,unmodified,Euler,5.0e-6,192,228.83187218705365,72.44965246604657
PQ,unmodified,Euler,5.0e-6,193,78.69369599251094,79.80085948983101
PQ,unmodified,Euler,5.0e-6,194,95.47341737178537,67.8721401420758
PQ,unmodified,Euler,5.0e-6,195,69.06379157509224,109.89565157318172
PQ,unmodified,Euler,5.0e-6,196,181.06243086954828,67.89702161634031
PQ,unmodified,Euler,5.0e-6,197,69.11443750809872,109.55579951276347
PQ,unmodified,Euler,5.0e-6,198,179.94429213056347,67.79812102369056
PQ,unmodified,Euler,5.0e-6,199,68.91323632687504,110.93138236170336
PQ,unmodified,Euler,5.0e-6,200,184.4914227423948,68.2038031646216
PQ,unmodified,Trap,0.0005,1,66.68276092583748,70.34105919360817
PQ,unmodified,Trap,0.0005,2,235.05901681520203,45.09354138965981
PQ,unmodified,Trap,0.0005,3,60.272861736586464,37.23336847575521
PQ,unmodified,Trap,0.0005,4,21.867309982955145,40.16461883687938
PQ,unmodified,Trap,0.0005,5,24.494468735579733,30.81267298912001
PQ,unmodified,Trap,0.0005,6,14.700091210055872,99.06363044327558
PQ,unmodified,Trap,0.0005,7,152.51829472886286,53.055077437032
PQ,unmodified,Trap,0.0005,8,42.897728755047766,31.98729355261004
PQ,unmodified,Trap,0.0005,9,15.912418599452868,70.5203077057888
PQ,unmodified,Trap,0.0005,10,71.14771084909974,39.622949117778106
PQ,unmodified,Trap,0.0005,11,22.70938418533274,36.799744294918135
PQ,unmodified,Trap,0.0005,12,20.3280986073682,36.2905312969406
PQ,unmodified,Trap,0.0005,13,20.504685623940873,34.18392905312447
PQ,unmodified,Trap,0.0005,14,17.96753757550073,51.61424764151321
PQ,unmodified,Trap,0.0005,15,39.623272216511,31.99852117444631
PQ,unmodified,Trap,0.0005,16,15.807670543859834,62.22942892784668
PQ,unmodified,Trap,0.0005,17,60.08658912106818,38.649505045626384
PQ,unmodified,Trap,0.0005,18,23.40038719768779,42.24313372595931
PQ,unmodified,Trap,0.0005,19,40.94869876850729,48.88396605596034
PQ,unmodified,Trap,0.0005,20,70.14869010578184,38.69796378856463
PQ,unmodified,Trap,0.0005,21,25.66883185357635,42.46961831198341
PQ,unmodified,Trap,0.0005,22,25.484675523601155,32.60406280726818
PQ,unmodified,Trap,0.0005,23,15.252441972723776,106.80147464060461
PQ,unmodified,Trap,0.0005,24,177.46627493397526,56.799858017043064
PQ,unmodified,Trap,0.0005,25,49.596570821906326,33.44300706793646
PQ,unmodified,Trap,0.0005,26,17.412410653435032,46.210716626978716
PQ,unmodified,Trap,0.0005,27,33.028659158610786,31.41460386552875
PQ,unmodified,Trap,0.0005,28,15.280510316299313,210.87222607044427
PQ,unmodified,Trap,0.0005,29,691.076937290443,106.57400681055542
PQ,unmodified,Trap,0.0005,30,176.55636968232056,55.76893893451212
PQ,unmodified,Trap,0.0005,31,48.329948174144974,33.628960965026764
PQ,unmodified,Trap,0.0005,32,17.578589697033145,45.02912750461799
PQ,unmodified,Trap,0.0005,33,31.51652355797297,31.225009629767108
PQ,unmodified,Trap,0.0005,34,15.155003855771527,392.37571194534576
PQ,unmodified,Trap,0.0005,35,2393.0621349592957,196.81109653241222
PQ,unmodified,Trap,0.0005,36,602.0724160066036,99.6658714093564
PQ,unmodified,Trap,0.0005,37,154.3982965024445,52.470082124276715
PQ,unmodified,Trap,0.0005,38,42.793140195543536,32.63086563468858
PQ,unmodified,Trap,0.0005,39,16.550339734658902,55.71539003597418
PQ,unmodified,Trap,0.0005,40,48.25029207506122,33.62440666764616
PQ,unmodified,Trap,0.0005,41,17.573527417929423,45.09558985599047
PQ,unmodified,Trap,0.0005,42,31.60952015535551,31.228689898101656
PQ,unmodified,Trap,0.0005,43,15.158537722316797,366.27153407621745
PQ,unmodified,Trap,0.0005,44,2085.240317537138,183.80378707766116
PQ,unmodified,Trap,0.0005,45,525.1203169771234,93.25530032303057
PQ,unmodified,Trap,0.0005,46,135.17507209475045,49.479085819197614
PQ,unmodified,Trap,0.0005,47,38.053368338692074,31.87561028904999
PQ,unmodified,Trap,0.0005,48,15.793074401218451,77.84123368869062
PQ,unmodified,Trap,0.0005,49,94.18227867362981,42.48246955251537
PQ,unmodified,Trap,0.0005,50,28.052351473830544,31.29754840138802
PQ,unmodified,Trap,0.0005,51,15.225460544573286,198.6696326233437
PQ,unmodified,Trap,0.0005,52,613.4974389358888,100.58291676600376
PQ,unmodified,Trap,0.0005,53,157.25271055772234,52.9008661094848
PQ,unmodified,Trap,0.0005,54,43.49862490372972,32.75365370353768
PQ,unmodified,Trap,0.0005,55,16.675133120120844,53.81779765662112
PQ,unmodified,Trap,0.0005,56,45.019592106056066,33.02508391399326
PQ,unmodified,Trap,0.0005,57,16.95265064757223,50.37321659461439
PQ,unmodified,Trap,0.0005,58,39.44111081463607,32.08120482267308
PQ,unmodified,Trap,0.0005,59,15.997463112335558,68.9237142972577
PQ,unmodified,Trap,0.0005,60,73.83922428333307,38.648507105402274
PQ,unmodified,Trap,0.0005,61,23.217488230900223,32.74388562192082
PQ,unmodified,Trap,0.0005,62,16.66518730858311,53.95917623347412
PQ,unmodified,Trap,0.0005,63,45.25644117166381,33.06806262133355
PQ,unmodified,Trap,0.0005,64,16.996804719554277,49.90320933599715
PQ,unmodified,Trap,0.0005,65,38.70853423447697,31.97072917829665
PQ,unmodified,Trap,0.0005,66,15.887474374234408,73.25716121536915
PQ,unmodified,Trap,0.0005,67,83.41611291184093,40.483868388911866
PQ,unmodified,Trap,0.0005,68,25.474976814537236,31.76618281618895
PQ,unmodified,Trap,0.0005,69,15.684830531853118,84.52485214129695
PQ,unmodified,Trap,0.0005,70,111.05001368103983,45.47381031477175
PQ,unmodified,Trap,0.0005,71,32.14196915121878,31.253813598111783
PQ,unmodified,Trap,0.0005,72,15.182937293833739,267.17229573203815
PQ,unmodified,Trap,0.0005,73,1109.5135731955104,134.50646831928793
PQ,unmodified,Trap,0.0005,74,281.2133879645374,69.13892214166061
PQ,unmodified,Trap,0.0005,75,74.30108233423444,38.73823211689388
PQ,unmodified,Trap,0.0005,76,23.325432044811077,32.67880295520078
PQ,unmodified,Trap,0.0005,77,16.598996215927272,54.943644109339644
PQ,unmodified,Trap,0.0005,78,46.92288200432019,33.37501988887942
PQ,unmodified,Trap,0.0005,79,17.31381702077824,46.99786644742422
PQ,unmodified,Trap,0.0005,80,34.332550805863455,31.421936456738898
PQ,unmodified,Trap,0.0005,81,15.346723843728324,132.51182486224792
PQ,unmodified,Trap,0.0005,82,272.9348831769664,68.17251877189
PQ,unmodified,Trap,0.0005,83,72.23844946912781,38.3369157497975
PQ,unmodified,Trap,0.0005,84,22.844635749837185,32.98753100649861
PQ,unmodified,Trap,0.0005,85,16.914117756131986,50.798982590819136
PQ,unmodified,Trap,0.0005,86,40.110659648723285,32.18559653831506
PQ,unmodified,Trap,0.0005,87,16.101743210488575,65.54110986111358
PQ,unmodified,Trap,0.0005,88,66.76938267843185,37.26371194294069
PQ,unmodified,Trap,0.0005,89,21.583507131315887,34.076319341283956
PQ,unmodified,Trap,0.0005,90,18.049082491948464,42.374150471010154
PQ,unmodified,Trap,0.0005,91,27.90948269938302,31.31173494004898
PQ,unmodified,Trap,0.0005,92,15.239265793712512,185.7372077672771
PQ,unmodified,Trap,0.0005,93,536.2256717683393,94.20725120379133
PQ,unmodified,Trap,0.0005,94,137.94897473427645,49.92093736042822
PQ,unmodified,Trap,0.0005,95,38.73603842505148,31.974810775772383
PQ,unmodified,Trap,0.0005,96,15.891529524882051,73.08068762484314
PQ,unmodified,Trap,0.0005,97,83.01470362394926,40.40799207960879
PQ,unmodified,Trap,0.0005,98,25.37957294584401,31.794176578750857
PQ,unmodified,Trap,0.0005,99,15.712487877006774,82.63582631371821
PQ,unmodified,Trap,0.0005,100,106.14181928251689,44.62056342827534
PQ,unmodified,Trap,0.0005,101,30.947093853468058,31.20795737296343
PQ,unmodified,Trap,0.0005,102,15.13841757842777,704.8384216936124
PQ,unmodified,Trap,0.0005,103,7721.984283689758,352.76479039732686
PQ,unmodified,Trap,0.0005,104,1934.285077063976,177.07650456635167
PQ,unmodified,Trap,0.0005,105,487.3843411613676,89.94549050755595
PQ,unmodified,Trap,0.0005,106,125.7499202925106,47.950030431843466
PQ,unmodified,Trap,0.0005,107,35.73779917498739,31.573132804536648
PQ,unmodified,Trap,0.0005,108,15.494760114997602,103.03323409402938
PQ,unmodified,Trap,0.0005,109,165.0077873930992,54.054551590635675
PQ,unmodified,Trap,0.0005,110,45.41656446047611,33.097222689545944
PQ,unmodified,Trap,0.0005,111,17.02679633646445,49.59428629945231
PQ,unmodified,Trap,0.0005,112,38.23077041793133,31.90099810572951
PQ,unmodified,Trap,0.0005,113,15.818245882080832,76.52365556935713
PQ,unmodified,Trap,0.0005,114,91.02091380488747,41.90290978641699
PQ,unmodified,Trap,0.0005,115,27.29217435317189,31.386681803924915
PQ,unmodified,Trap,0.0005,116,15.312306051435066,144.22026439339845
PQ,unmodified,Trap,0.0005,117,323.29750408794706,73.85921279063356
PQ,unmodified,Trap,0.0005,118,84.79281939311285,40.74335364663827
PQ,unmodified,Trap,0.0005,119,25.80259919280626,31.676992226443428
PQ,unmodified,Trap,0.0005,120,15.596875244892129,91.64362657620792
PQ,unmodified,Trap,0.0005,121,130.54321607370758,48.733033435658804
PQ,unmodified,Trap,0.0005,122,36.91447069522941,31.719637803418827
PQ,unmodified,Trap,0.0005,123,15.63890166712165,88.00557683248728
PQ,unmodified,Trap,0.0005,124,120.38438421749073,47.05948833055908
PQ,unmodified,Trap,0.0005,125,34.422640989826995,31.430745702090714
PQ,unmodified,Trap,0.0005,126,15.35532923124674,130.01918316327522
PQ,unmodified,Trap,0.0005,127,262.7632596671261,66.96626102062615
PQ,unmodified,Trap,0.0005,128,69.70466381485399,37.84124485246215
PQ,unmodified,Trap,0.0005,129,22.257722440679142,33.43727714817091
PQ,unmodified,Trap,0.0005,130,17.378470072870495,46.490052604625475
PQ,unmodified,Trap,0.0005,131,33.59462916519777,31.35496511180046
PQ,unmodified,Trap,0.0005,132,15.281374366924812,158.03664341231683
PQ,unmodified,Trap,0.0005,133,388.20879618773694,80.60476683348406
PQ,unmodified,Trap,0.0005,134,100.98834615245723,43.70968953066737
PQ,unmodified,Trap,0.0005,135,29.696494617309465,31.205968714055746
PQ,unmodified,Trap,0.0005,136,15.136486827567587,819.36604430929
PQ,unmodified,Trap,0.0005,137,10435.318264498017,409.98008810802645
PQ,unmodified,Trap,0.0005,138,2612.616054768064,205.58643081722397
PQ,unmodified,Trap,0.0005,139,656.9593771548955,103.99788647659504
PQ,unmodified,Trap,0.0005,140,168.1117044118708,54.50992544202514
PQ,unmodified,Trap,0.0005,141,46.18502862388828,33.238179551232555
PQ,unmodified,Trap,0.0005,142,17.172115996706335,48.2043620200745
PQ,unmodified,Trap,0.0005,143,36.11789816426225,31.618649785517473
PQ,unmodified,Trap,0.0005,144,15.539477050789005,97.50846459825716
PQ,unmodified,Trap,0.0005,145,147.78638186553525,51.45967661902564
PQ,unmodified,Trap,0.0005,146,41.16080885751067,32.355157376906334
PQ,unmodified,Trap,0.0005,147,16.271844843743285,61.096706838113874
PQ,unmodified,Trap,0.0005,148,58.02102226002871,35.530576708243046
PQ,unmodified,Trap,0.0005,149,19.622497826257966,37.13242855397211
PQ,unmodified,Trap,0.0005,150,21.43169351193698,34.24185166505461
PQ,unmodified,Trap,0.0005,151,18.224862732393625,41.553573642818996
PQ,unmodified,Trap,0.0005,152,26.839012716810334,31.457190044383914
PQ,unmodified,Trap,0.0005,153,15.381179215034182,123.32552158304381
PQ,unmodified,Trap,0.0005,154,236.40447818762422,63.73618852895305
PQ,unmodified,Trap,0.0005,155,63.14252952497321,36.54637959920639
PQ,unmodified,Trap,0.0005,156,20.76053175212361,35.091127633548076
PQ,unmodified,Trap,0.0005,157,19.14010925349194,38.33674886794915
PQ,unmodified,Trap,0.0005,158,22.844430549871902,32.987655121204035
PQ,unmodified,Trap,0.0005,159,16.914247040582776,50.797358920064866
PQ,unmodified,Trap,0.0005,160,40.10809589171574,32.18519335984582
PQ,unmodified,Trap,0.0005,161,16.101340257984955,65.55314313712908
PQ,unmodified,Trap,0.0005,162,66.79390191884929,37.26854504827828
PQ,unmodified,Trap,0.0005,163,21.589105810674074,34.07037472474971
PQ,unmodified,Trap,0.0005,164,18.04278620739438,42.40515489909649
PQ,unmodified,Trap,0.0005,165,27.950339620629883,31.30756166970555
PQ,unmodified,Trap,0.0005,166,15.235203762401799,189.2713721743643
PQ,unmodified,Trap,0.0005,167,556.8261705822162,95.9482879502222
PQ,unmodified,Trap,0.0005,168,143.09489996011308,50.73122012682223
PQ,unmodified,Trap,0.0005,169,40.00373875976732,32.16876900876688
PQ,unmodified,Trap,0.0005,170,16.08491104614627,66.04896514625051
PQ,unmodified,Trap,0.0005,171,67.8081294338557,37.468458498297515
PQ,unmodified,Trap,0.0005,172,21.82133964298481,33.8339184405611
PQ,unmodified,Trap,0.0005,173,17.79321229305094,43.73485589166671
PQ,unmodified,Trap,0.0005,174,29.730702908876,31.20528639958865
PQ,unmodified,Trap,0.0005,175,15.13582595831069,873.1297352080938
PQ,unmodified,Trap,0.0005,176,11849.699422101821,436.8435539915107
PQ,unmodified,Trap,0.0005,177,2966.2103653727845,218.98122927503786
PQ,unmodified,Trap,0.0005,178,745.3553669765862,110.61924849545139
PQ,unmodified,Trap,0.0005,179,190.1998954812552,57.65033536964413
PQ,unmodified,Trap,0.0005,180,51.65993061985147,34.27916396640181
PQ,unmodified,Trap,0.0005,181,18.264579277881463,41.37949835216886
PQ,unmodified,Trap,0.0005,182,26.614618588588616,31.497484228449487
PQ,unmodified,Trap,0.0005,183,15.420607915763611,114.91695686464551
PQ,unmodified,Trap,0.0005,184,205.2664682396573,59.700978636138515
PQ,unmodified,Trap,0.0005,185,55.40036862869123,35.012283311705595
PQ,unmodified,Trap,0.0005,186,19.054200397273235,38.58029347989868
PQ,unmodified,Trap,0.0005,187,23.135601426912526,32.7948753510364
PQ,unmodified,Trap,0.0005,188,16.717130947536443,53.233698226991024
PQ,unmodified,Trap,0.0005,189,44.04768134405912,32.850643904729544
PQ,unmodified,Trap,0.0005,190,16.77403536500063,52.481747367025264
PQ,unmodified,Trap,0.0005,191,42.812081758742636,32.63396400565393
PQ,unmodified,Trap,0.0005,192,16.553485013477385,55.66205259510918
PQ,unmodified,Trap,0.0005,193,48.15797453807968,33.60693248971207
PQ,unmodified,Trap,0.0005,194,17.555270789505357,45.21801678152495
PQ,unmodified,Trap,0.0005,195,31.781383215918773,31.23601831532662
PQ,unmodified,Trap,0.0005,196,15.165653065282166,326.68367587328675
PQ,unmodified,Trap,0.0005,197,1658.840556767772,164.0918858112045
PQ,unmodified,Trap,0.0005,198,418.5276197811278,83.57053976753538
PQ,unmodified,Trap,0.0005,199,108.5565291683401,45.042093770199514
PQ,unmodified,Trap,0.0005,200,31.534572039106767,31.22575089351648
PQ,unmodified,Trap,5.0e-5,1,66.68276092583748,6.387503054915393
PQ,unmodified,Trap,5.0e-5,2,7.305292070746676,58.78100060933787
PQ,unmodified,Trap,5.0e-5,3,51.82292330739944,254.03645428791978
PQ,unmodified,Trap,5.0e-5,4,967.962166391446,130.51496982609245
PQ,unmodified,Trap,5.0e-5,5,255.49287477789224,72.97830755485477
PQ,unmodified,Trap,5.0e-5,6,79.88152056836837,60.905999431690695
PQ,unmodified,Trap,5.0e-5,7,55.63875864267371,108.00152815253118
PQ,unmodified,Trap,5.0e-5,8,174.95567579536538,64.21205274917409
PQ,unmodified,Trap,5.0e-5,9,61.844591086191755,77.4603649993669
PQ,unmodified,Trap,5.0e-5,10,89.99702742851986,59.002087415980895
PQ,unmodified,Trap,5.0e-5,11,52.21594075614288,213.29124182224612
PQ,unmodified,Trap,5.0e-5,12,682.3665394155828,110.88824624516211
PQ,unmodified,Trap,5.0e-5,13,184.43465400616495,65.23622752230253
PQ,unmodified,Trap,5.0e-5,14,63.83346520888267,73.34420101423544
PQ,unmodified,Trap,5.0e-5,15,80.6860051281072,60.67971012631505
PQ,unmodified,Trap,5.0e-5,16,55.22592240581472,112.60430799701867
PQ,unmodified,Trap,5.0e-5,17,190.1843652928651,65.86500127759457
PQ,unmodified,Trap,5.0e-5,18,65.0693514193781,71.35408976202527
PQ,unmodified,Trap,5.0e-5,19,76.36783847623813,62.153184928523004
PQ,unmodified,Trap,5.0e-5,20,57.94237387672905,91.16774536355469
PQ,unmodified,Trap,5.0e-5,21,124.66371597240135,59.37875100754254
PQ,unmodified,Trap,5.0e-5,22,52.88300460327399,166.33494592940923
PQ,unmodified,Trap,5.0e-5,23,414.98283622311016,88.82816873975518
PQ,unmodified,Trap,5.0e-5,24,118.34849592838373,58.969100042518704
PQ,unmodified,Trap,5.0e-5,25,52.156399255744425,217.48686174935216
PQ,unmodified,Trap,5.0e-5,26,709.435231030719,112.89386218011794
PQ,unmodified,Trap,5.0e-5,27,191.15678101024028,65.96387189288026
PQ,unmodified,Trap,5.0e-5,28,65.26349155594232,70.95479035162758
PQ,unmodified,Trap,5.0e-5,29,75.51573147256674,62.504844801752874
PQ,unmodified,Trap,5.0e-5,30,58.59628361602218,87.89277147793912
PQ,unmodified,Trap,5.0e-5,31,115.87062630973742,58.82818135190145
PQ,unmodified,Trap,5.0e-5,32,51.90726978082281,253.6616118650525
PQ,unmodified,Trap,5.0e-5,33,965.0799889597356,130.33588147459778
PQ,unmodified,Trap,5.0e-5,34,254.78979599693548,72.90529427336872
PQ,unmodified,Trap,5.0e-5,35,79.72106108221573,60.96078013039013
PQ,unmodified,Trap,5.0e-5,36,55.73912220905999,106.92389788981623
PQ,unmodified,Trap,5.0e-5,37,171.48328074011522,63.83724306137081
PQ,unmodified,Trap,5.0e-5,38,61.125066645607156,79.23955890692217
PQ,unmodified,Trap,5.0e-5,39,94.17823941294446,58.65898828970058
PQ,unmodified,Trap,5.0e-5,40,51.609112142047316,335.48472618226145
PQ,unmodified,Trap,5.0e-5,41,1688.170022459286,170.34641611018444
PQ,unmodified,Trap,5.0e-5,42,435.24791418598954,90.67585857596877
PQ,unmodified,Trap,5.0e-5,43,123.32579007135361,59.295093635710806
PQ,unmodified,Trap,5.0e-5,44,52.7360353541188,175.20598380568157
PQ,unmodified,Trap,5.0e-5,45,460.43218977904405,92.92528877422872
PQ,unmodified,Trap,5.0e-5,46,129.51983137166388,59.74167309087136
PQ,unmodified,Trap,5.0e-5,47,53.53073088282375,142.74174034701792
PQ,unmodified,Trap,5.0e-5,48,305.60944465919044,78.22409105203141
PQ,unmodified,Trap,5.0e-5,49,91.77854487204253,58.830427041510276
PQ,unmodified,Trap,5.0e-5,50,51.91123316250645,253.94277589554034
PQ,unmodified,Trap,5.0e-5,51,967.2556216787206,130.47287217139632
PQ,unmodified,Trap,5.0e-5,52,255.33481474405653,72.96427297829803
PQ,unmodified,Trap,5.0e-5,53,79.85277401022604,60.927868922776305
PQ,unmodified,Trap,5.0e-5,54,55.680232256802825,107.64872514386097
PQ,unmodified,Trap,5.0e-5,55,173.81384543804757,64.08883585767599
PQ,unmodified,Trap,5.0e-5,56,61.607326633021046,78.01600396979762
PQ,unmodified,Trap,5.0e-5,57,91.29319336352677,58.869949939795184
PQ,unmodified,Trap,5.0e-5,58,51.982392512273385,241.79645900543858
PQ,unmodified,Trap,5.0e-5,59,876.914784170769,124.59045664978322
PQ,unmodified,Trap,5.0e-5,60,232.82369997394713,70.53230507114466
PQ,unmodified,Trap,5.0e-5,61,74.61627440308733,62.953447207624734
PQ,unmodified,Trap,5.0e-5,62,59.44175703409784,84.51543173510376
PQ,unmodified,Trap,5.0e-5,63,107.13460700604512,58.4999412441061
PQ,unmodified,Trap,5.0e-5,64,51.331158057405766,666.7410641938386
PQ,unmodified,Trap,5.0e-5,65,6667.761837351864,334.6585767070731
PQ,unmodified,Trap,5.0e-5,66,1679.8470865733304,169.94057196302842
PQ,unmodified,Trap,5.0e-5,67,433.17190451797194,90.48851078514897
PQ,unmodified,Trap,5.0e-5,68,122.81561356932897,59.2563833959459
PQ,unmodified,Trap,5.0e-5,69,52.666976013625515,178.1203838563904
PQ,unmodified,Trap,5.0e-5,70,475.8844149992129,94.27699950182891
PQ,unmodified,Trap,5.0e-5,71,133.31711292621387,60.0614406861938
PQ,unmodified,Trap,5.0e-5,72,54.10857125862561,129.3638754568152
PQ,unmodified,Trap,5.0e-5,73,251.01130699919557,72.49712741689973
PQ,unmodified,Trap,5.0e-5,74,78.8314220507051,61.23674601314419
PQ,unmodified,Trap,5.0e-5,75,56.24468273046463,102.40093261256396
PQ,unmodified,Trap,5.0e-5,76,157.28158001969214,62.350685639936074
PQ,unmodified,Trap,5.0e-5,77,58.31125387482909,89.43148729235273
PQ,unmodified,Trap,5.0e-5,78,119.96358699576513,59.080882323563486
PQ,unmodified,Trap,5.0e-5,79,52.3560178341895,202.35476641663604
PQ,unmodified,Trap,5.0e-5,80,614.1728942266645,105.68077079894508
PQ,unmodified,Trap,5.0e-5,81,167.5168408396045,63.41709334176261
PQ,unmodified,Trap,5.0e-5,82,60.322617964220605,81.58299698368276
PQ,unmodified,Trap,5.0e-5,83,99.8325609620296,58.44818457503776
PQ,unmodified,Trap,5.0e-5,84,51.24044313554132,1137.0726065898546
PQ,unmodified,Trap,5.0e-5,85,19392.66675707718,569.2887359153744
PQ,unmodified,Trap,5.0e-5,86,4861.009146019782,286.15356854236074
PQ,unmodified,Trap,5.0e-5,87,1228.1715893270148,146.14715269765955
PQ,unmodified,Trap,5.0e-5,88,320.3567812164304,79.73079115176104
PQ,unmodified,Trap,5.0e-5,89,95.34964274337139,58.59275864469929
PQ,unmodified,Trap,5.0e-5,90,51.49406449004701,395.6101590340114
PQ,unmodified,Trap,5.0e-5,91,2347.4333121025193,199.9983107666673
PQ,unmodified,Trap,5.0e-5,92,599.9445493813051,104.56051396017742
PQ,unmodified,Trap,5.0e-5,93,163.98101288533124,63.03936559393479
PQ,unmodified,Trap,5.0e-5,94,59.60457394154508,83.95963345034855
PQ,unmodified,Trap,5.0e-5,95,105.73176502894412,58.46359075425812
PQ,unmodified,Trap,5.0e-5,96,51.26581061955244,933.5168344754717
PQ,unmodified,Trap,5.0e-5,97,13071.121930219457,467.675631096942
PQ,unmodified,Trap,5.0e-5,98,3280.635600643797,235.68517389944157
PQ,unmodified,Trap,5.0e-5,99,833.1689870371277,121.6410409838692
PQ,unmodified,Trap,5.0e-5,100,221.9365646724144,69.34766241865518
PQ,unmodified,Trap,5.0e-5,101,72.13275922156211,64.36877659003235
PQ,unmodified,Trap,5.0e-5,102,62.14417955735981,76.66328995265876
PQ,unmodified,Trap,5.0e-5,103,88.15186935887557,59.215450568134294
PQ,unmodified,Trap,5.0e-5,104,52.59412643197393,182.41685113998355
PQ,unmodified,Trap,5.0e-5,105,499.1164374784331,96.28107656688567
PQ,unmodified,Trap,5.0e-5,106,139.04470975953325,60.56395869452831
PQ,unmodified,Trap,5.0e-5,107,55.017752675937054,114.75976508790916
PQ,unmodified,Trap,5.0e-5,108,197.5368498249511,66.66625115936921
PQ,unmodified,Trap,5.0e-5,109,66.66033009372167,69.22736339888425
PQ,unmodified,Trap,5.0e-5,110,71.88079641406696,64.5135523022942
PQ,unmodified,Trap,5.0e-5,111,62.422179873679696,75.99579682628405
PQ,unmodified,Trap,5.0e-5,112,86.62278153884809,59.42537893064637
PQ,unmodified,Trap,5.0e-5,113,52.9677475681187,163.26478746331264
PQ,unmodified,Trap,5.0e-5,114,399.79913978618833,87.42270470905167
PQ,unmodified,Trap,5.0e-5,115,114.63192116606689,58.765236531816235
PQ,unmodified,Trap,5.0e-5,116,51.79629226294305,275.3981497113504
PQ,unmodified,Trap,5.0e-5,117,1137.5476029415404,140.90681816765834
PQ,unmodified,Trap,5.0e-5,118,297.7912356449954,77.42274949742568
PQ,unmodified,Trap,5.0e-5,119,89.90553100170561,58.9951076399649
PQ,unmodified,Trap,5.0e-5,120,52.20180947760218,212.66390610894038
PQ,unmodified,Trap,5.0e-5,121,678.3446059206074,110.58755451653236
PQ,unmodified,Trap,5.0e-5,122,183.43158659673773,65.12715292319395
PQ,unmodified,Trap,5.0e-5,123,63.61859916376179,73.7512778401236
PQ,unmodified,Trap,5.0e-5,124,81.58121924292459,60.446334307554544
PQ,unmodified,Trap,5.0e-5,125,54.80206927537526,118.14730851261338
PQ,unmodified,Trap,5.0e-5,126,209.37101699949926,67.97065266069858
PQ,unmodified,Trap,5.0e-5,127,69.29657317186951,66.51435691723321
PQ,unmodified,Trap,5.0e-5,128,66.3565288864314,69.57924666188487
PQ,unmodified,Trap,5.0e-5,129,72.61330446767174,64.07989562462483
PQ,unmodified,Trap,5.0e-5,130,61.58995601541559,77.96696837992764
PQ,unmodified,Trap,5.0e-5,131,91.17774467775894,58.85723158434537
PQ,unmodified,Trap,5.0e-5,132,51.96052054303657,240.71228068143637
PQ,unmodified,Trap,5.0e-5,133,869.0702723735361,124.07335437214698
PQ,unmodified,Trap,5.0e-5,134,230.89928242280882,70.33121259744951
PQ,unmodified,Trap,5.0e-5,135,74.19385829956096,63.20512165879031
PQ,unmodified,Trap,5.0e-5,136,59.918881874437425,82.91342179064328
PQ,unmodified,Trap,5.0e-5,137,103.1143749834467,58.436927077176115
PQ,unmodified,Trap,5.0e-5,138,51.22043521822282,4550.0713978649255
PQ,unmodified,Trap,5.0e-5,139,310534.47653060383,2275.2233155794697
PQ,unmodified,Trap,5.0e-5,140,77646.42411406881,1137.9870332176226
PQ,unmodified,Trap,5.0e-5,141,19424.41862877201,569.7452346351378
PQ,unmodified,Trap,5.0e-5,142,4868.944228089064,286.38300989485526
PQ,unmodified,Trap,5.0e-5,143,1230.1777663716794,146.2691960892038
PQ,unmodified,Trap,5.0e-5,144,320.90688649595927,79.77910477529954
PQ,unmodified,Trap,5.0e-5,145,95.46655605860349,58.60222088068066
PQ,unmodified,Trap,5.0e-5,146,51.51095185434421,398.57387790663904
PQ,unmodified,Trap,5.0e-5,147,2382.774526036905,201.46440048396616
PQ,unmodified,Trap,5.0e-5,148,608.7828188539519,105.25775479793646
PQ,unmodified,Trap,5.0e-5,149,166.17839332362732,63.27546270572747
PQ,unmodified,Trap,5.0e-5,150,60.05348225811861,82.452236718451
PQ,unmodified,Trap,5.0e-5,151,101.97110491567742,58.43021561183197
PQ,unmodified,Trap,5.0e-5,152,51.20887972807655,6913.073062530304
PQ,unmodified,Trap,5.0e-5,153,716808.7368200349,3456.6601387801297
PQ,unmodified,Trap,5.0e-5,154,179215.0013210673,1728.578558272093
PQ,unmodified,Trap,5.0e-5,155,44816.63711998281,864.7830353746372
PQ,unmodified,Trap,5.0e-5,156,11216.9683105518,433.378050458003
PQ,unmodified,Trap,5.0e-5,157,2817.048670253462,218.68694863133064
PQ,unmodified,Trap,5.0e-5,158,717.3087879191057,115.34989620059761
PQ,unmodified,Trap,5.0e-5,159,242.62010617630338,66.67734023086227
PQ,unmodified,Trap,5.0e-5,160,74.76064261224481,71.62959444194338
PQ,unmodified,Trap,5.0e-5,161,77.19272681874222,62.5473255599228
PQ,unmodified,Trap,5.0e-5,162,58.66795903185628,90.37280480261863
PQ,unmodified,Trap,5.0e-5,163,122.45883097655478,59.26375092422087
PQ,unmodified,Trap,5.0e-5,164,52.68146979760511,181.9342793105853
PQ,unmodified,Trap,5.0e-5,165,496.4773336395832,96.04978133599843
PQ,unmodified,Trap,5.0e-5,166,138.37354573633195,60.50991157641
PQ,unmodified,Trap,5.0e-5,167,54.91736724877661,116.53221133892453
PQ,unmodified,Trap,5.0e-5,168,203.6866391698181,67.3465504003512
PQ,unmodified,Trap,5.0e-5,169,68.0301021990501,67.75421982479382
PQ,unmodified,Trap,5.0e-5,170,68.85599863496469,66.93055682435894
PQ,unmodified,Trap,5.0e-5,171,67.19085468941091,68.6439009770614
PQ,unmodified,Trap,5.0e-5,172,70.6722882807675,65.42809743684514
PQ,unmodified,Trap,5.0e-5,173,64.20730397297207,72.7337826500998
PQ,unmodified,Trap,5.0e-5,174,79.34904633249445,61.02046989269264
PQ,unmodified,Trap,5.0e-5,175,55.84120115944309,105.14078671437534
PQ,unmodified,Trap,5.0e-5,176,165.80310580200134,63.23910880237193
PQ,unmodified,Trap,5.0e-5,177,59.984638970072936,82.66664327363601
PQ,unmodified,Trap,5.0e-5,178,102.50068885372688,58.43345317827413
PQ,unmodified,Trap,5.0e-5,179,51.21306179145822,30815.204832212097
PQ,unmodified,Trap,5.0e-5,180,1.424305263061983e7,15407.629775988911
PQ,unmodified,Trap,5.0e-5,181,3.5607758073048205e6,7703.870406485345
PQ,unmodified,Trap,5.0e-5,182,890206.7806766267,3852.0456278006377
PQ,unmodified,Trap,5.0e-5,183,222564.4539185164,1926.2448131712188
PQ,unmodified,Trap,5.0e-5,184,55653.93908993263,963.5667320353336
PQ,unmodified,Trap,5.0e-5,185,13926.325993872424,482.67135256669485
PQ,unmodified,Trap,5.0e-5,186,3494.4273186197106,243.12400314590275
PQ,unmodified,Trap,5.0e-5,187,886.6017765696364,125.23291371338551
PQ,unmodified,Trap,5.0e-5,188,235.23923490345018,70.79482720718615
PQ,unmodified,Trap,5.0e-5,189,75.1753110340053,62.68747774347395
PQ,unmodified,Trap,5.0e-5,190,58.942782746097016,86.54198136125973
PQ,unmodified,Trap,5.0e-5,191,112.33392785199442,58.657404523267886
PQ,unmodified,Trap,5.0e-5,192,51.60625107519804,332.11147083157056
PQ,unmodified,Trap,5.0e-5,193,1654.351910802401,168.68683563298006
PQ,unmodified,Trap,5.0e-5,194,426.7980189119493,89.90932602275706
PQ,unmodified,Trap,5.0e-5,195,121.2464688885968,59.148662958693414
PQ,unmodified,Trap,5.0e-5,196,52.47449562534517,190.57700265107596
PQ,unmodified,Trap,5.0e-5,197,544.7426026579029,100.11030878472253
PQ,unmodified,Trap,5.0e-5,198,150.3171857514342,61.64713093081664
PQ,unmodified,Trap,5.0e-5,199,57.000594819789455,96.78812681073299
PQ,unmodified,Trap,5.0e-5,200,140.50982308200733,60.70604253334801
PQ,unmodified,Trap,5.0e-6,1,66.68276092583748,7.07679114337532
PQ,unmodified,Trap,5.0e-6,2,7.318412024955896,65.78170103131535
PQ,unmodified,Trap,5.0e-6,3,64.88065783486002,300.5830154318083
PQ,unmodified,Trap,5.0e-6,4,1354.6710885042946,153.97897715380253
PQ,unmodified,Trap,5.0e-6,5,355.4903774123368,85.03785880858105
PQ,unmodified,Trap,5.0e-6,6,108.42504764207423,66.50472549607238
PQ,unmodified,Trap,5.0e-6,7,66.31472900283292,182.2082332341189
PQ,unmodified,Trap,5.0e-6,8,497.7840569307911,97.6056208385616
PQ,unmodified,Trap,5.0e-6,9,142.84157994491156,65.73353194914108
PQ,unmodified,Trap,5.0e-6,10,64.78566560162078,320.9126447116623
PQ,unmodified,Trap,5.0e-6,11,1544.1114667149038,163.89455133925492
PQ,unmodified,Trap,5.0e-6,12,402.74858219400784,89.36774981645979
PQ,unmodified,Trap,5.0e-6,13,119.74754949149958,65.55185735460354
PQ,unmodified,Trap,5.0e-6,14,64.42805071861258,463.6717686309032
PQ,unmodified,Trap,5.0e-6,15,3223.4897739165954,234.17612929738763
PQ,unmodified,Trap,5.0e-6,16,822.2241628166298,121.93807329915882
PQ,unmodified,Trap,5.0e-6,17,222.9377665791602,72.2324982210289
PQ,unmodified,Trap,5.0e-6,18,78.22944693583057,85.00006327554576
PQ,unmodified,Trap,5.0e-6,19,108.32868887110898,66.51797332346133
PQ,unmodified,Trap,5.0e-6,20,66.34115159396143,181.2001657975002
PQ,unmodified,Trap,5.0e-6,21,492.2913106933971,97.14576182062174
PQ,unmodified,Trap,5.0e-6,22,141.49878330456974,65.67806009184665
PQ,unmodified,Trap,5.0e-6,23,64.67636781363328,349.7284453875627
PQ,unmodified,Trap,5.0e-6,24,1833.8630643467736,178.0031143369619
PQ,unmodified,Trap,5.0e-6,25,475.07282676864486,95.6917241499414
PQ,unmodified,Trap,5.0e-6,26,137.29469230539044,65.5314258470978
PQ,unmodified,Trap,5.0e-6,27,64.38789450916222,495.30208200431434
PQ,unmodified,Trap,5.0e-6,28,3678.2843204516266,249.8377296838685
PQ,unmodified,Trap,5.0e-6,29,935.8818788215132,129.43035837550593
PQ,unmodified,Trap,5.0e-6,30,251.17551196299715,74.98828782638202
PQ,unmodified,Trap,5.0e-6,31,84.31248002239003,76.58880979425311
PQ,unmodified,Trap,5.0e-6,32,87.9499566810828,73.54701685624036
PQ,unmodified,Trap,5.0e-6,33,81.10266267824387,80.32899176835622
PQ,unmodified,Trap,5.0e-6,34,96.7496986268159,69.14618804491643
PQ,unmodified,Trap,5.0e-6,35,71.68717636652227,106.31489010416743
PQ,unmodified,Trap,5.0e-6,36,169.47013600234595,67.41624018238159
PQ,unmodified,Trap,5.0e-6,37,68.1450077274556,138.45881607381386
PQ,unmodified,Trap,5.0e-6,38,287.4393461444475,78.53930530518367
PQ,unmodified,Trap,5.0e-6,39,92.48666083883322,70.89021097556815
PQ,unmodified,Trap,5.0e-6,40,75.34900582472704,91.76057324441075
PQ,unmodified,Trap,5.0e-6,41,126.24588316118734,65.39581169489169
PQ,unmodified,Trap,5.0e-6,42,64.12167492127385,2099.3035918160144
PQ,unmodified,Trap,5.0e-6,43,66077.78650956758,1050.1613325248945
PQ,unmodified,Trap,5.0e-6,44,16535.488720575162,526.101472964417
PQ,unmodified,Trap,5.0e-6,45,4149.961084672574,265.10630760007405
PQ,unmodified,Trap,5.0e-6,46,1053.7682534754515,136.77891158980995
PQ,unmodified,Trap,5.0e-6,47,280.5067238127326,77.86307494362917
PQ,unmodified,Trap,5.0e-6,48,90.90088055872006,71.70685122727392
PQ,unmodified,Trap,5.0e-6,49,77.09501430711244,87.34895145746341
PQ,unmodified,Trap,5.0e-6,50,114.39851340392597,65.86985913635716
PQ,unmodified,Trap,5.0e-6,51,65.05466700334729,272.750982270041
PQ,unmodified,Trap,5.0e-6,52,1115.4179660469738,140.47187072155145
PQ,unmodified,Trap,5.0e-6,53,295.858275196509,79.35774879166081
PQ,unmodified,Trap,5.0e-6,54,94.4242768428669,70.02446072879783
PQ,unmodified,Trap,5.0e-6,55,73.51983685231146,97.84563522306608
PQ,unmodified,Trap,5.0e-6,56,143.544944898625,65.76411871886863
PQ,unmodified,Trap,5.0e-6,57,64.84597105628407,307.8421483664164
PQ,unmodified,Trap,5.0e-6,58,1420.892268777849,157.5153782279024
PQ,unmodified,Trap,5.0e-6,59,372.0068265516799,86.5691345992071
PQ,unmodified,Trap,5.0e-6,60,112.36502192995592,66.04803914039331
PQ,unmodified,Trap,5.0e-6,61,65.40709278910707,234.15751016995566
PQ,unmodified,Trap,5.0e-6,62,822.0934194491914,121.92919797693153
PQ,unmodified,Trap,5.0e-6,63,222.90531449174895,72.22936288725278
PQ,unmodified,Trap,5.0e-6,64,78.22265580690458,85.01312590458805
PQ,unmodified,Trap,5.0e-6,65,108.36198687476536,66.51338319590508
PQ,unmodified,Trap,5.0e-6,66,66.33199605821069,181.54738376923873
PQ,unmodified,Trap,5.0e-6,67,494.1797875721899,97.30408241615551
PQ,unmodified,Trap,5.0e-6,68,141.96036651472883,65.69668656228876
PQ,unmodified,Trap,5.0e-6,69,64.7130577913419,339.18528496466877
PQ,unmodified,Trap,5.0e-6,70,1724.9598636415858,172.83464793294755
PQ,unmodified,Trap,5.0e-6,71,447.88509236143625,93.35627808784436
PQ,unmodified,Trap,5.0e-6,72,130.67486099528008,65.3994930715278
PQ,unmodified,Trap,5.0e-6,73,64.12889442582758,1735.1559810721194
PQ,unmodified,Trap,5.0e-6,74,45142.12842582439,868.1946690824171
PQ,unmodified,Trap,5.0e-6,75,11301.581427783281,435.3337653059991
PQ,unmodified,Trap,5.0e-6,76,2841.5133128167554,220.16456779281978
PQ,unmodified,Trap,5.0e-6,77,726.7747708227758,115.28402730995158
PQ,unmodified,Trap,5.0e-6,78,199.27061816428616,69.98894680862787
PQ,unmodified,Trap,5.0e-6,79,73.44528246111321,98.13579119059962
PQ,unmodified,Trap,5.0e-6,80,144.39755683823734,65.80255209087474
PQ,unmodified,Trap,5.0e-6,81,64.92178679374331,293.52921353044854
PQ,unmodified,Trap,5.0e-6,82,1291.8367962233087,150.54752038454052
PQ,unmodified,Trap,5.0e-6,83,339.82255618223206,83.56768729933539
PQ,unmodified,Trap,5.0e-6,84,104.70845598913004,67.10019003479452
PQ,unmodified,Trap,5.0e-6,85,67.50757211989108,149.46439810805614
PQ,unmodified,Trap,5.0e-6,86,334.9504024305851,83.10710940014833
PQ,unmodified,Trap,5.0e-6,87,103.5574488499355,67.32370829920323
PQ,unmodified,Trap,5.0e-6,88,67.9580718044736,141.3898006954271
PQ,unmodified,Trap,5.0e-6,89,299.73755015658975,79.73372479990375
PQ,unmodified,Trap,5.0e-6,90,95.32111076326584,69.66666042129079
PQ,unmodified,Trap,5.0e-6,91,72.77043545032204,100.94976959983114
PQ,unmodified,Trap,5.0e-6,92,152.79729043811375,66.2510807759624
PQ,unmodified,Trap,5.0e-6,93,65.80985345212054,205.8768371725325
PQ,unmodified,Trap,5.0e-6,94,635.5064520799068,108.55934880028866
PQ,unmodified,Trap,5.0e-6,95,176.70117923113074,67.99818004617292
PQ,unmodified,Trap,5.0e-6,96,69.32654659196673,123.89792725163402
PQ,unmodified,Trap,5.0e-6,97,230.16170740372073,72.93295879879734
PQ,unmodified,Trap,5.0e-6,98,79.7540330942124,82.32693332779955
PQ,unmodified,Trap,5.0e-6,99,101.62226380959844,67.7481240111177
PQ,unmodified,Trap,5.0e-6,100,68.81760218815566,129.4607819807008
PQ,unmodified,Trap,5.0e-6,101,251.2936073282983,74.99987545540587
PQ,unmodified,Trap,5.0e-6,102,84.33853895114716,76.56312800082081
PQ,unmodified,Trap,5.0e-6,103,87.89098373373768,73.58876134573894
PQ,unmodified,Trap,5.0e-6,104,81.1947547903951,80.20321697456295
PQ,unmodified,Trap,5.0e-6,105,96.4469649163307,69.25169188398675
PQ,unmodified,Trap,5.0e-6,106,71.90610506195016,105.13234779014543
PQ,unmodified,Trap,5.0e-6,107,165.72106474581682,67.12996645955319
PQ,unmodified,Trap,5.0e-6,108,67.56749982352514,148.29642133639126
PQ,unmodified,Trap,5.0e-6,109,329.73597358589825,82.61243024566751
PQ,unmodified,Trap,5.0e-6,110,102.32830611990508,67.58581080452933
PQ,unmodified,Trap,5.0e-6,111,68.48824620647059,133.59526560196764
PQ,unmodified,Trap,5.0e-6,112,267.6006254997587,76.59991530500724
PQ,unmodified,Trap,5.0e-6,113,87.97546432393787,73.5290278921851
PQ,unmodified,Trap,5.0e-6,114,81.06299351088855,80.38356162605898
PQ,unmodified,Trap,5.0e-6,115,96.88119313385754,69.10112972378785
PQ,unmodified,Trap,5.0e-6,116,71.593778553143,106.83652428773193
PQ,unmodified,Trap,5.0e-6,117,171.13722678882132,67.54714382437572
PQ,unmodified,Trap,5.0e-6,118,68.4099020666052,134.65153080629287
PQ,unmodified,Trap,5.0e-6,119,271.8488993691603,77.01620576580015
PQ,unmodified,Trap,5.0e-6,120,88.9342868811027,72.88101306134355
PQ,unmodified,Trap,5.0e-6,121,79.6404655996261,82.50966154586445
PQ,unmodified,Trap,5.0e-6,122,102.07387452958928,67.64327841790393
PQ,unmodified,Trap,5.0e-6,123,68.60476561545626,132.0781137170708
PQ,unmodified,Trap,5.0e-6,124,261.5572150704804,76.00714856451809
PQ,unmodified,Trap,5.0e-6,125,86.61914030297454,74.544308142474
PQ,unmodified,Trap,5.0e-6,126,83.31706552999157,77.62061768219736
PQ,unmodified,Trap,5.0e-6,127,90.3356507848782,72.02469350980716
PQ,unmodified,Trap,5.0e-6,128,77.77997989397007,85.88943752243054
PQ,unmodified,Trap,5.0e-6,129,110.60748209596964,66.23219899588798
PQ,unmodified,Trap,5.0e-6,130,65.77234674003512,208.06243380723936
PQ,unmodified,Trap,5.0e-6,131,649.0711970345736,109.58342687886416
PQ,unmodified,Trap,5.0e-6,132,180.05067083408397,68.27898881292948
PQ,unmodified,Trap,5.0e-6,133,69.90031780276904,118.57686558970165
PQ,unmodified,Trap,5.0e-6,134,210.81665647405464,71.07089378539811
PQ,unmodified,Trap,5.0e-6,135,75.73358980948636,90.69084013123721
PQ,unmodified,Trap,5.0e-6,136,123.31952377865643,65.43940353603269
PQ,unmodified,Trap,5.0e-6,137,64.20718845515286,824.691116046206
PQ,unmodified,Trap,5.0e-6,138,10197.356936665126,413.64781523503746
PQ,unmodified,Trap,5.0e-6,139,2565.4671527775263,209.45743378916336
PQ,unmodified,Trap,5.0e-6,140,657.8040537976692,110.23799009630693
PQ,unmodified,Trap,5.0e-6,141,182.2080505380363,68.46310178843353
PQ,unmodified,Trap,5.0e-6,142,70.27779576421521,115.51384958479454
PQ,unmodified,Trap,5.0e-6,143,200.06591438252264,70.06245681091599
PQ,unmodified,Trap,5.0e-6,144,73.59964392580221,97.53926460268269
PQ,unmodified,Trap,5.0e-6,145,142.64742703483378,65.72527135114204
PQ,unmodified,Trap,5.0e-6,146,64.7693836615816,324.7460388809896
PQ,unmodified,Trap,5.0e-6,147,1581.221510182319,165.7680834872113
PQ,unmodified,Trap,5.0e-6,148,412.0091126363179,90.19765542767584
PQ,unmodified,Trap,5.0e-6,149,121.98192601570453,65.47333552617751
PQ,unmodified,Trap,5.0e-6,150,64.27379182920411,640.9441014107746
PQ,unmodified,Trap,5.0e-6,151,6159.497722380276,322.15286847158995
PQ,unmodified,Trap,5.0e-6,152,1556.0695137004018,164.50057494237768
PQ,unmodified,Trap,5.0e-6,153,405.7325300600173,89.63582496286367
PQ,unmodified,Trap,5.0e-6,154,120.46703697759779,65.52344297115395
PQ,unmodified,Trap,5.0e-6,155,64.37220831706837,509.5681116012788
PQ,unmodified,Trap,5.0e-6,156,3893.2247309053455,256.907967771145
PQ,unmodified,Trap,5.0e-6,157,989.6010245294584,132.82830476744937
PQ,unmodified,Trap,5.0e-6,158,264.5368931680666,76.29947623903927
PQ,unmodified,Trap,5.0e-6,159,87.28670554237294,74.02925899806726
PQ,unmodified,Trap,5.0e-6,160,82.16971740720787,78.94546175333586
PQ,unmodified,Trap,5.0e-6,161,93.44570121956438,70.44495158184284
PQ,unmodified,Trap,5.0e-6,162,74.40544847436367,94.67117647054312
PQ,unmodified,Trap,5.0e-6,163,134.3818256639611,65.45690042962704
PQ,unmodified,Trap,5.0e-6,164,64.24152790423166,712.8691911171529
PQ,unmodified,Trap,5.0e-6,165,7619.468539649165,357.9435486007652
PQ,unmodified,Trap,5.0e-6,166,1921.0296473814492,182.03486156071284
PQ,unmodified,Trap,5.0e-6,167,496.83722159548546,97.52648655299724
PQ,unmodified,Trap,5.0e-6,168,142.61005466949402,65.72369044611781
PQ,unmodified,Trap,5.0e-6,169,64.76626787337763,325.4958502609251
PQ,unmodified,Trap,5.0e-6,170,1588.5317556453476,166.1346761026359
PQ,unmodified,Trap,5.0e-6,171,413.8334265250873,90.36043329333266
PQ,unmodified,Trap,5.0e-6,172,122.42259987339511,65.46112341878914
PQ,unmodified,Trap,5.0e-6,173,64.24981732904625,692.0916813578104
PQ,unmodified,Trap,5.0e-6,174,7181.782481253125,347.6006971056189
PQ,unmodified,Trap,5.0e-6,175,1811.6164947437912,176.95950496632287
PQ,unmodified,Trap,5.0e-6,176,469.5185747798095,95.21858960343509
PQ,unmodified,Trap,5.0e-6,177,135.94037932826626,65.4937979162843
PQ,unmodified,Trap,5.0e-6,178,64.31397310026888,576.0280174666169
PQ,unmodified,Trap,5.0e-6,179,4974.989907081126,289.8877646854077
PQ,unmodified,Trap,5.0e-6,180,1259.9832150324714,148.77809567460528
PQ,unmodified,Trap,5.0e-6,181,331.881450757331,82.81618239751523
PQ,unmodified,Trap,5.0e-6,182,102.83368585150225,67.47498653000889
PQ,unmodified,Trap,5.0e-6,183,68.26382226004269,136.70404634817933
PQ,unmodified,Trap,5.0e-6,184,280.19973999138335,77.83308858329299
PQ,unmodified,Trap,5.0e-6,185,90.83087917003861,71.7454096995519
PQ,unmodified,Trap,5.0e-6,186,77.17794822925492,87.16508474659733
PQ,unmodified,Trap,5.0e-6,187,113.91740996741248,65.90884691491496
PQ,unmodified,Trap,5.0e-6,188,65.13170034157159,262.61823720416373
PQ,unmodified,Trap,5.0e-6,189,1034.081461756681,135.57884044464257
PQ,unmodified,Trap,5.0e-6,190,275.6060959675979,77.38399862259881
PQ,unmodified,Trap,5.0e-6,191,89.78573099964422,72.34867877247734
PQ,unmodified,Trap,5.0e-6,192,78.4813017044402,84.5234123445087
PQ,unmodified,Trap,5.0e-6,193,107.11715577562087,66.69397265674807
PQ,unmodified,Trap,5.0e-6,194,66.692678995588,169.33019141687862
PQ,unmodified,Trap,5.0e-6,195,429.9062781729987,91.78450125035666
PQ,unmodified,Trap,5.0e-6,196,126.3117329264657,65.39528145454537
PQ,unmodified,Trap,5.0e-6,197,64.12063510663123,2173.1567503450233
PQ,unmodified,Trap,5.0e-6,198,70808.77730186441,1087.0705716071436
PQ,unmodified,Trap,5.0e-6,199,17718.2353778587,544.5212410717592
PQ,unmodified,Trap,5.0e-6,200,4445.643570166815,274.24510590182337
PQ,OpenIPSL_1,Euler,0.0005,1,66.68276092583748,25.399298653813773
PQ,OpenIPSL_1,Euler,0.0005,2,9.801463260254895,64.89187065904186
PQ,OpenIPSL_1,Euler,0.0005,3,66.83033810361047,36.06678513621109
PQ,OpenIPSL_1,Euler,0.0005,4,19.874883446294216,22.196235455188862
PQ,OpenIPSL_1,Euler,0.0005,5,6.604828145946459,17.37414620740246
PQ,OpenIPSL_1,Euler,0.0005,6,4.657733807493644,12.334981749457853
PQ,OpenIPSL_1,Euler,0.0005,7,1.9872381808150719,7.979772054115429
PQ,OpenIPSL_1,Euler,0.0005,8,1.2324599142037214,24.482898133744943
PQ,OpenIPSL_1,Euler,0.0005,9,2.5130786924658275,11.898620237577948
PQ,OpenIPSL_1,Euler,0.0005,10,15.628902339468667,10.92604341512613
PQ,OpenIPSL_1,Euler,0.0005,11,3.928018039089134,10.525311712431348
PQ,OpenIPSL_1,Euler,0.0005,12,3.3851770048415593,7.050167358246824
PQ,OpenIPSL_1,Euler,0.0005,13,1.681678549939106,10.486051554634443
PQ,OpenIPSL_1,Euler,0.0005,14,4.189857573023373,7.8346889754912095
PQ,OpenIPSL_1,Euler,0.0005,15,3.4899194910239277,7.31097357719859
PQ,OpenIPSL_1,Euler,0.0005,16,1.7206384484512078,3.5712287957530653
PQ,OpenIPSL_1,Euler,0.0005,17,0.4009091751573544,1.3452632393482764
PQ,OpenIPSL_1,Euler,0.0005,18,0.05870737517871467,0.24923363336508322
PQ,OpenIPSL_1,Euler,0.0005,19,0.002379849845855404,0.008744200636333781
PQ,OpenIPSL_1,Euler,0.0005,20,4.351229084454008e-6,1.3581537988739186e-5
PQ,OpenIPSL_1,Euler,0.0005,21,1.2371026113196186e-11,4.2192323650339015e-11
PQ,OpenIPSL_1,Euler,5.0e-5,1,66.68276092583748,11.216150135198333
PQ,OpenIPSL_1,Euler,5.0e-5,2,23.163401956262035,6.629612930009193
PQ,OpenIPSL_1,Euler,5.0e-5,3,6.208335452139456,4.299553918968163
PQ,OpenIPSL_1,Euler,5.0e-5,4,4.191397169975769,7.2560004837001335
PQ,OpenIPSL_1,Euler,5.0e-5,5,20.344782699796788,4.320595047563108
PQ,OpenIPSL_1,Euler,5.0e-5,6,4.372294391353306,5.221173757817247
PQ,OpenIPSL_1,Euler,5.0e-5,7,12.52803037860351,11.963482133811041
PQ,OpenIPSL_1,Euler,5.0e-5,8,48.33834023501502,6.0602179424705565
PQ,OpenIPSL_1,Euler,5.0e-5,9,12.871654877228863,4.449686332685074
PQ,OpenIPSL_1,Euler,5.0e-5,10,4.68695353453455,2.7269068227457325
PQ,OpenIPSL_1,Euler,5.0e-5,11,3.3514114370191517,55.78363390466501
PQ,OpenIPSL_1,Euler,5.0e-5,12,1229.5927233331183,42.806873723630474
PQ,OpenIPSL_1,Euler,5.0e-5,13,707.389420986018,174.49616499572946
PQ,OpenIPSL_1,Euler,5.0e-5,14,10805.660683423994,94.76499115934428
PQ,OpenIPSL_1,Euler,5.0e-5,15,3238.7881749432113,47.9283493161021
PQ,OpenIPSL_1,Euler,5.0e-5,16,837.6682406250924,23.890167639928414
PQ,OpenIPSL_1,Euler,5.0e-5,17,209.4663326792791,11.9227289835732
PQ,OpenIPSL_1,Euler,5.0e-5,18,52.2928160557007,5.817045453697005
PQ,OpenIPSL_1,Euler,5.0e-5,19,12.556563552084121,2.6523569130655456
PQ,OpenIPSL_1,Euler,5.0e-5,20,2.3920051629640264,0.5734625317768336
PQ,OpenIPSL_1,Euler,5.0e-5,21,0.19892544739527848,0.07509945836457826
PQ,OpenIPSL_1,Euler,5.0e-5,22,0.01859490453661662,0.009717469026034738
PQ,OpenIPSL_1,Euler,5.0e-5,23,0.00026377016238117267,0.00014149675882726688
PQ,OpenIPSL_1,Euler,5.0e-5,24,5.622836146503856e-8,3.018132666808374e-8
PQ,OpenIPSL_1,Euler,5.0e-6,1,66.68276092583748,6.994601277367617
PQ,OpenIPSL_1,Euler,5.0e-6,2,1.5367381815761427,4.590216851372981
PQ,OpenIPSL_1,Euler,5.0e-6,3,0.3610007237929326,1.9030545330299797
PQ,OpenIPSL_1,Euler,5.0e-6,4,0.062050724379012184,0.4984646423273056
PQ,OpenIPSL_1,Euler,5.0e-6,5,0.004257092611476348,0.039636670195505416
PQ,OpenIPSL_1,Euler,5.0e-6,6,2.6917747107337113e-5,0.00025383407075383057
PQ,OpenIPSL_1,Euler,5.0e-6,7,1.1039368022617093e-9,1.0410966313992363e-8
PQ,OpenIPSL_1,Trap,0.0005,1,66.68276092583748,70.34105919360817
PQ,OpenIPSL_1,Trap,0.0005,2,234.98091127921495,37.93300190885313
PQ,OpenIPSL_1,Trap,0.0005,3,58.67539328088744,19.451251214944808
PQ,OpenIPSL_1,Trap,0.0005,4,16.198489761307588,98.83343746050201
PQ,OpenIPSL_1,Trap,0.0005,5,2141.7368945494277,52.646806334379356
PQ,OpenIPSL_1,Trap,0.0005,6,593.780502467606,70.46520552410215
PQ,OpenIPSL_1,Trap,0.0005,7,399.03036751361174,47.534950295944626
PQ,OpenIPSL_1,Trap,0.0005,8,142.60953782598816,25.24708548644228
PQ,OpenIPSL_1,Trap,0.0005,9,36.43743519709468,127.80432023647465
PQ,OpenIPSL_1,Trap,0.0005,10,833.0506269471997,65.32382623847106
PQ,OpenIPSL_1,Trap,0.0005,11,213.55039954766482,42.0825391065239
PQ,OpenIPSL_1,Trap,0.0005,12,109.87064178998642,78.4635303325162
PQ,OpenIPSL_1,Trap,0.0005,13,496.38862622560856,134.56998514178366
PQ,OpenIPSL_1,Trap,0.0005,14,1227.7685485016311,68.07325263936866
PQ,OpenIPSL_1,Trap,0.0005,15,308.98800103746737,38.720361485623556
PQ,OpenIPSL_1,Trap,0.0005,16,102.11849380848031,74.10216410321598
PQ,OpenIPSL_1,Trap,0.0005,17,542.4127217905162,42.65442278568937
PQ,OpenIPSL_1,Trap,0.0005,18,174.22338056188764,22.012909302519635
PQ,OpenIPSL_1,Trap,0.0005,19,45.887977988792564,10.838644337414685
PQ,OpenIPSL_1,Trap,0.0005,20,12.834012113531099,5.781978744709115
PQ,OpenIPSL_1,Trap,0.0005,21,3.2790018474873985,2.6209504098081493
PQ,OpenIPSL_1,Trap,0.0005,22,0.605102083546357,0.9098627618711043
PQ,OpenIPSL_1,Trap,0.0005,23,0.14267711785985263,0.3928337600304121
PQ,OpenIPSL_1,Trap,0.0005,24,0.027024517903612242,0.11972597851908974
PQ,OpenIPSL_1,Trap,0.0005,25,0.002513747010761939,0.013681585352292188
PQ,OpenIPSL_1,Trap,0.0005,26,3.282817075882087e-5,0.00018346580595914933
PQ,OpenIPSL_1,Trap,0.0005,27,5.903168745561078e-9,3.300272782871631e-8
PQ,OpenIPSL_1,Trap,5.0e-5,1,66.68276092583748,6.387503054915393
PQ,OpenIPSL_1,Trap,5.0e-5,2,1.4397402749216548,4.24509650323584
PQ,OpenIPSL_1,Trap,5.0e-5,3,0.3292752576676171,1.6612845879921478
PQ,OpenIPSL_1,Trap,5.0e-5,4,0.058094238346123296,0.39722836542109746
PQ,OpenIPSL_1,Trap,5.0e-5,5,0.016673096712963565,1.555843484785818
PQ,OpenIPSL_1,Trap,5.0e-5,6,0.4625581331852521,0.8378598727402844
PQ,OpenIPSL_1,Trap,5.0e-5,7,1.819999008995309,0.37819361373274535
PQ,OpenIPSL_1,Trap,5.0e-5,8,0.3909268428759796,0.1436533280444761
PQ,OpenIPSL_1,Trap,5.0e-5,9,0.055562344489584914,0.028483494900165687
PQ,OpenIPSL_1,Trap,5.0e-5,10,0.0021893841756226717,0.001218646882013287
PQ,OpenIPSL_1,Trap,5.0e-5,11,4.0063525283737694e-6,2.238124931128131e-6
PQ,OpenIPSL_1,Trap,5.0e-6,1,66.68276092583748,7.07679114337532
PQ,OpenIPSL_1,Trap,5.0e-6,2,1.5565796678318136,4.6337575488462255
PQ,OpenIPSL_1,Trap,5.0e-6,3,0.3677479402429284,1.934161064961775
PQ,OpenIPSL_1,Trap,5.0e-6,4,0.06407214543125625,0.5172118595375426
PQ,OpenIPSL_1,Trap,5.0e-6,5,0.0045816397934622475,0.043156572274247046
PQ,OpenIPSL_1,Trap,5.0e-6,6,3.1899059580223304e-5,0.00030471498770853875
PQ,OpenIPSL_1,Trap,5.0e-6,7,1.5902727782174976e-9,1.519255667478304e-8
PQ,OpenIPSL_2,Euler,0.0005,1,66.68276092583748,25.399298653813773
PQ,OpenIPSL_2,Euler,0.0005,2,9.773668074578225,24.295197886482743
PQ,OpenIPSL_2,Euler,0.0005,3,8.766237665767727,13.802599298516016
PQ,OpenIPSL_2,Euler,0.0005,4,2.3548159160726914,15.828289545226141
PQ,OpenIPSL_2,Euler,0.0005,5,2.0234562106986322,8.665110820590272
PQ,OpenIPSL_2,Euler,0.0005,6,0.941285349890326,31.41587574413726
PQ,OpenIPSL_2,Euler,0.0005,7,81.18907585796683,19.129257181678913
PQ,OpenIPSL_2,Euler,0.0005,8,20.575635819324233,13.053675851560365
PQ,OpenIPSL_2,Euler,0.0005,9,10.463878238268181,6.013897255062365
PQ,OpenIPSL_2,Euler,0.0005,10,2.153957179397164,3.463494637286627
PQ,OpenIPSL_2,Euler,0.0005,11,0.4569688729065411,0.7803980151731135
PQ,OpenIPSL_2,Euler,0.0005,12,0.0485498264570102,0.1367548512637995
PQ,OpenIPSL_2,Euler,0.0005,13,0.0011417859595635506,0.0027582493811558074
PQ,OpenIPSL_2,Euler,0.0005,14,7.26959199985477e-7,1.547994842432555e-6
PQ,OpenIPSL_2,Euler,5.0e-5,1,66.68276092583748,11.216150135198333
PQ,OpenIPSL_2,Euler,5.0e-5,2,23.167702011227085,6.491172583070501
PQ,OpenIPSL_2,Euler,5.0e-5,3,5.850250254834798,4.190362890379355
PQ,OpenIPSL_2,Euler,5.0e-5,4,3.407344954769643,4.141880730008481
PQ,OpenIPSL_2,Euler,5.0e-5,5,5.800964302813295,2.7487101167977617
PQ,OpenIPSL_2,Euler,5.0e-5,6,1.3763339298801869,39.28991481810546
PQ,OpenIPSL_2,Euler,5.0e-5,7,607.7446672516278,19.607784184904578
PQ,OpenIPSL_2,Euler,5.0e-5,8,151.886029528521,17.014685240471586
PQ,OpenIPSL_2,Euler,5.0e-5,9,69.67817939203753,9.39493439819193
PQ,OpenIPSL_2,Euler,5.0e-5,10,19.410938738879793,6.2368550646765755
PQ,OpenIPSL_2,Euler,5.0e-5,11,11.047683689845236,6.222484845531149
PQ,OpenIPSL_2,Euler,5.0e-5,12,11.797364706026936,1365.0827745264723
PQ,OpenIPSL_2,Euler,5.0e-5,13,505211.80952804495,684.2031536112369
PQ,OpenIPSL_2,Euler,5.0e-5,14,126865.28792501161,342.15077350305825
PQ,OpenIPSL_2,Euler,5.0e-5,15,31719.613212800723,171.24045154284482
PQ,OpenIPSL_2,Euler,5.0e-5,16,7937.20565445455,87.29586827214786
PQ,OpenIPSL_2,Euler,5.0e-5,17,1999.5120163208558,46.87736007855361
PQ,OpenIPSL_2,Euler,5.0e-5,18,543.7690834254663,43.07507763533902
PQ,OpenIPSL_2,Euler,5.0e-5,19,389.552635537151,32.11132822134016
PQ,OpenIPSL_2,Euler,5.0e-5,20,206.47417916645364,25.825362661915086
PQ,OpenIPSL_2,Euler,5.0e-5,21,147.25317971003565,19.599618663696564
PQ,OpenIPSL_2,Euler,5.0e-5,22,93.92980494799527,13.675407539166418
PQ,OpenIPSL_2,Euler,5.0e-5,23,49.13894881925193,8.830696593412826
PQ,OpenIPSL_2,Euler,5.0e-5,24,16.41331231297551,14.548961926990994
PQ,OpenIPSL_2,Euler,5.0e-5,25,63.78946347343443,7.49806728698007
PQ,OpenIPSL_2,Euler,5.0e-5,26,16.375512495036546,16.514446793778653
PQ,OpenIPSL_2,Euler,5.0e-5,27,115.05819396161618,9.512139187510824
PQ,OpenIPSL_2,Euler,5.0e-5,28,30.139977983096045,6.980128932114645
PQ,OpenIPSL_2,Euler,5.0e-5,29,13.465019831819454,4.705847179869941
PQ,OpenIPSL_2,Euler,5.0e-5,30,5.531645311492184,8.965394930150985
PQ,OpenIPSL_2,Euler,5.0e-5,31,44.77757451465836,5.832039682203193
PQ,OpenIPSL_2,Euler,5.0e-5,32,13.949747741252876,3.5407019753583397
PQ,OpenIPSL_2,Euler,5.0e-5,33,2.8751567865886654,1.2942372863006315
PQ,OpenIPSL_2,Euler,5.0e-5,34,1.490866421468479,0.7524461089882453
PQ,OpenIPSL_2,Euler,5.0e-5,35,0.2800265722297705,0.1928773908725145
PQ,OpenIPSL_2,Euler,5.0e-5,36,0.059241833781072714,0.06461533226885716
PQ,OpenIPSL_2,Euler,5.0e-5,37,0.007339124550193095,0.01078621273172975
PQ,OpenIPSL_2,Euler,5.0e-5,38,0.00022682994801110886,0.0003561907561487357
PQ,OpenIPSL_2,Euler,5.0e-5,39,2.499195897579515e-7,3.9341241329003567e-7
PQ,OpenIPSL_2,Euler,5.0e-6,1,66.68276092583748,6.994601277367617
PQ,OpenIPSL_2,Euler,5.0e-6,2,1.6692170120444356,4.603124915127672
PQ,OpenIPSL_2,Euler,5.0e-6,3,0.3520350519353323,1.8349913654744967
PQ,OpenIPSL_2,Euler,5.0e-6,4,0.06424286940277289,0.42849169803400255
PQ,OpenIPSL_2,Euler,5.0e-6,5,0.006316505619965335,0.03941033602516136
PQ,OpenIPSL_2,Euler,5.0e-6,6,4.635567780331342e-5,0.00030398384444345485
PQ,OpenIPSL_2,Euler,5.0e-6,7,3.4317603114453737e-9,2.1427045451508347e-8
PQ,OpenIPSL_2,Trap,0.0005,1,66.68276092583748,70.34105919360817
PQ,OpenIPSL_2,Trap,0.0005,2,234.98046052154868,40.871924217230486
PQ,OpenIPSL_2,Trap,0.0005,3,59.17914514725883,21.01535498138538
PQ,OpenIPSL_2,Trap,0.0005,4,16.15399071077638,13.200856996946232
PQ,OpenIPSL_2,Trap,0.0005,5,8.174791591043272,272.59614963344967
PQ,OpenIPSL_2,Trap,0.0005,6,4303.9570403391435,145.5585167965509
PQ,OpenIPSL_2,Trap,0.0005,7,1156.8562633185263,89.11405941268718
PQ,OpenIPSL_2,Trap,0.0005,8,522.1362346838671,351.95167492231514
PQ,OpenIPSL_2,Trap,0.0005,9,9697.974125524692,178.92891525477455
PQ,OpenIPSL_2,Trap,0.0005,10,2500.931126164763,99.28169287815913
PQ,OpenIPSL_2,Trap,0.0005,11,737.9562267564444,52.130795184848914
PQ,OpenIPSL_2,Trap,0.0005,12,188.8236319884021,27.65958534302716
PQ,OpenIPSL_2,Trap,0.0005,13,48.71884291473422,16.43508507484478
PQ,OpenIPSL_2,Trap,0.0005,14,13.667184494990698,9.65702370670486
PQ,OpenIPSL_2,Trap,0.0005,15,4.036583704978128,7.596481677440343
PQ,OpenIPSL_2,Trap,0.0005,16,1.6953826570241264,2.477738433664315
PQ,OpenIPSL_2,Trap,0.0005,17,0.6479055014285683,0.8256567824104101
PQ,OpenIPSL_2,Trap,0.0005,18,0.08065932786575458,0.16506766731829575
PQ,OpenIPSL_2,Trap,0.0005,19,0.0033522342109431917,0.007990877290993473
PQ,OpenIPSL_2,Trap,0.0005,20,8.68212506576324e-6,2.5199510585609386e-5
PQ,OpenIPSL_2,Trap,0.0005,21,7.584439910811229e-11,2.272507499245385e-10
PQ,OpenIPSL_2,Trap,5.0e-5,1,66.68276092583748,6.387503054915393
PQ,OpenIPSL_2,Trap,5.0e-5,2,1.5510922712161808,4.260603427161301
PQ,OpenIPSL_2,Trap,5.0e-5,3,0.32370799186337124,1.5720734435902657
PQ,OpenIPSL_2,Trap,5.0e-5,4,0.05939113263555031,0.34787464634288423
PQ,OpenIPSL_2,Trap,5.0e-5,5,0.016967803664106815,1.677052851573595
PQ,OpenIPSL_2,Trap,5.0e-5,6,0.5274719415215781,0.4116656154591815
PQ,OpenIPSL_2,Trap,5.0e-5,7,0.48924127738169704,0.15209998919648463
PQ,OpenIPSL_2,Trap,5.0e-5,8,0.05472330434033576,0.022123043308909834
PQ,OpenIPSL_2,Trap,5.0e-5,9,0.0012791995832956906,0.0005439015991246409
PQ,OpenIPSL_2,Trap,5.0e-5,10,8.113069143190309e-7,3.454600981533844e-7
PQ,OpenIPSL_2,Trap,5.0e-6,1,66.68276092583748,7.07679114337532
PQ,OpenIPSL_2,Trap,5.0e-6,2,1.690484674789697,4.644316541640191
PQ,OpenIPSL_2,Trap,5.0e-6,3,0.35809836893956243,1.8690429701203466
PQ,OpenIPSL_2,Trap,5.0e-6,4,0.06638890000642779,0.4460233538181031
PQ,OpenIPSL_2,Trap,5.0e-6,5,0.0067637930223875846,0.04261480586404208
PQ,OpenIPSL_2,Trap,5.0e-6,6,5.4489642685503e-5,0.000360093038545139
PQ,OpenIPSL_2,Trap,5.0e-6,7,4.779210294539182e-9,3.013745554328227e-8
ZIP_70_10_20,unmodified,Euler,0.0005,1,66.682760906657,18.52250690598035
ZIP_70_10_20,unmodified,Euler,0.0005,2,1.1265389967512327,4.0084516094229095
ZIP_70_10_20,unmodified,Euler,0.0005,3,0.265266274243453,1.398773913252441
ZIP_70_10_20,unmodified,Euler,0.0005,4,0.03206800385072547,0.22014446255381398
ZIP_70_10_20,unmodified,Euler,0.0005,5,0.0007943923634127133,0.005738805418778788
ZIP_70_10_20,unmodified,Euler,0.0005,6,5.398528544355067e-7,3.905464735127749e-6
ZIP_70_10_20,unmodified,Euler,5.0e-5,1,66.682760906657,5.637270743053871
ZIP_70_10_20,unmodified,Euler,5.0e-5,2,1.374773772669955,10.876096957374733
ZIP_70_10_20,unmodified,Euler,5.0e-5,3,1.8283641082177453,25.30031091816423
ZIP_70_10_20,unmodified,Euler,5.0e-5,4,9.799202542960167,14.275154486778904
ZIP_70_10_20,unmodified,Euler,5.0e-5,5,3.1104665899856587,11.511212881662821
ZIP_70_10_20,unmodified,Euler,5.0e-5,6,2.0283215039477653,21.5812421591259
ZIP_70_10_20,unmodified,Euler,5.0e-5,7,7.134794840260108,12.762348444111266
ZIP_70_10_20,unmodified,Euler,5.0e-5,8,2.4870724339056602,13.37072174526808
ZIP_70_10_20,unmodified,Euler,5.0e-5,9,2.7411776957286773,11.642596078510296
ZIP_70_10_20,unmodified,Euler,5.0e-5,10,2.0829195220835044,16.71934690945606
ZIP_70_10_20,unmodified,Euler,5.0e-5,11,4.29091268383807,11.074029234042468
ZIP_70_10_20,unmodified,Euler,5.0e-5,12,1.881736507800028,40.52217679806493
ZIP_70_10_20,unmodified,Euler,5.0e-5,13,25.104484346652175,21.306175774949562
ZIP_70_10_20,unmodified,Euler,5.0e-5,14,6.925388196966654,12.485209922493771
ZIP_70_10_20,unmodified,Euler,5.0e-5,15,2.380041915621984,14.262289758518923
ZIP_70_10_20,unmodified,Euler,5.0e-5,16,3.1201807005376696,11.092683118404647
ZIP_70_10_20,unmodified,Euler,5.0e-5,17,1.8906724457516937,29.906320937248594
ZIP_70_10_20,unmodified,Euler,5.0e-5,18,13.717095909250682,16.35264984324377
ZIP_70_10_20,unmodified,Euler,5.0e-5,19,4.083967461285573,10.973780886735346
ZIP_70_10_20,unmodified,Euler,5.0e-5,20,1.8481643819615188,114.75499719546777
ZIP_70_10_20,unmodified,Euler,5.0e-5,21,201.02324026979716,57.96303584447564
ZIP_70_10_20,unmodified,Euler,5.0e-5,22,51.242949319281664,29.510829240906517
ZIP_70_10_20,unmodified,Euler,5.0e-5,23,13.28346314251502,15.907363926688225
ZIP_70_10_20,unmodified,Euler,5.0e-5,24,3.86107630894236,11.17913124052396
ZIP_70_10_20,unmodified,Euler,5.0e-5,25,1.9109370641360806,265.15256917272467
ZIP_70_10_20,unmodified,Euler,5.0e-5,26,1072.7076863774669,133.11162611320464
ZIP_70_10_20,unmodified,Euler,5.0e-5,27,270.2436086770453,66.77871384031909
ZIP_70_10_20,unmodified,Euler,5.0e-5,28,68.0138105953899,33.84210636921426
ZIP_70_10_20,unmodified,Euler,5.0e-5,29,17.468392536825792,17.89194604709544
ZIP_70_10_20,unmodified,Euler,5.0e-5,30,4.883899705099747,11.43767809242982
ZIP_70_10_20,unmodified,Euler,5.0e-5,31,1.9988202708521692,29.209510364596397
ZIP_70_10_20,unmodified,Euler,5.0e-5,32,13.08537785913154,16.02278421271063
ZIP_70_10_20,unmodified,Euler,5.0e-5,33,3.921223585965816,10.950032118349819
ZIP_70_10_20,unmodified,Euler,5.0e-5,34,1.840568084070676,544.0801644818669
ZIP_70_10_20,unmodified,Euler,5.0e-5,35,4515.73038369607,272.67386375609874
ZIP_70_10_20,unmodified,Euler,5.0e-5,36,1133.988924131806,136.44569879508956
ZIP_70_10_20,unmodified,Euler,5.0e-5,37,283.94793144674657,68.4384256891569
ZIP_70_10_20,unmodified,Euler,5.0e-5,38,71.43654046508676,34.66029429041693
ZIP_70_10_20,unmodified,Euler,5.0e-5,39,18.323198570442475,18.273363910810207
ZIP_70_10_20,unmodified,Euler,5.0e-5,40,5.094248869787282,11.527979863287346
ZIP_70_10_20,unmodified,Euler,5.0e-5,41,2.0302886938049447,25.100314058539457
ZIP_70_10_20,unmodified,Euler,5.0e-5,42,9.666710154297915,14.152163718266994
ZIP_70_10_20,unmodified,Euler,5.0e-5,43,3.0614541567987907,11.260459000023328
ZIP_70_10_20,unmodified,Euler,5.0e-5,44,1.9481709779929048,22.675190308329935
ZIP_70_10_20,unmodified,Euler,5.0e-5,45,7.891510551990211,13.110150376876557
ZIP_70_10_20,unmodified,Euler,5.0e-5,46,2.6291238016006737,12.159959012445281
ZIP_70_10_20,unmodified,Euler,5.0e-5,47,2.271671137724582,13.9496493352181
ZIP_70_10_20,unmodified,Euler,5.0e-5,48,2.985094917222939,11.217490607216886
ZIP_70_10_20,unmodified,Euler,5.0e-5,49,1.933609508090158,23.72521935132422
ZIP_70_10_20,unmodified,Euler,5.0e-5,50,8.638498143043904,13.556077491070244
ZIP_70_10_20,unmodified,Euler,5.0e-5,51,2.810056331146784,11.659779757180095
ZIP_70_10_20,unmodified,Euler,5.0e-5,52,2.088880261091262,16.61957616044653
ZIP_70_10_20,unmodified,Euler,5.0e-5,53,4.23980135132023,11.055205133835845
ZIP_70_10_20,unmodified,Euler,5.0e-5,54,1.8754685556287325,43.78688136869953
ZIP_70_10_20,unmodified,Euler,5.0e-5,55,29.307526031184313,22.87742748166414
ZIP_70_10_20,unmodified,Euler,5.0e-5,56,7.984152940043928,13.079758560703088
ZIP_70_10_20,unmodified,Euler,5.0e-5,57,2.6116045954619387,12.725070399842364
ZIP_70_10_20,unmodified,Euler,5.0e-5,58,2.481808521610532,12.586055793801362
ZIP_70_10_20,unmodified,Euler,5.0e-5,59,2.4333712612311924,12.831309074640417
ZIP_70_10_20,unmodified,Euler,5.0e-5,60,2.524167819655418,12.35129491003346
ZIP_70_10_20,unmodified,Euler,5.0e-5,61,2.3436761628180944,13.36486811500657
ZIP_70_10_20,unmodified,Euler,5.0e-5,62,2.7393234939258946,11.634841535409874
ZIP_70_10_20,unmodified,Euler,5.0e-5,63,2.0801615743828417,16.78242834384583
ZIP_70_10_20,unmodified,Euler,5.0e-5,64,4.323380247360929,11.086420853070514
ZIP_70_10_20,unmodified,Euler,5.0e-5,65,1.8858712783837133,38.731619565554915
ZIP_70_10_20,unmodified,Euler,5.0e-5,66,22.937347487987086,20.449801074429974
ZIP_70_10_20,unmodified,Euler,5.0e-5,67,6.3800468181144145,12.183838968164991
ZIP_70_10_20,unmodified,Euler,5.0e-5,68,2.2668299776310934,15.681606327557413
ZIP_70_10_20,unmodified,Euler,5.0e-5,69,3.7735975843402563,10.936136861994976
ZIP_70_10_20,unmodified,Euler,5.0e-5,70,1.8363974121931963,310.3011425312915
ZIP_70_10_20,unmodified,Euler,5.0e-5,71,1469.0291186717966,155.69014830404848
ZIP_70_10_20,unmodified,Euler,5.0e-5,72,369.69632954645505,78.03527976967601
ZIP_70_10_20,unmodified,Euler,5.0e-5,73,92.87568296367155,39.401682662489584
ZIP_70_10_20,unmodified,Euler,5.0e-5,74,23.678839770969464,20.51139942129006
ZIP_70_10_20,unmodified,Euler,5.0e-5,75,6.417955537728382,12.201772126141432
ZIP_70_10_20,unmodified,Euler,5.0e-5,76,2.2734792815144296,15.57782613605006
ZIP_70_10_20,unmodified,Euler,5.0e-5,77,3.723736196032471,10.931101578125725
ZIP_70_10_20,unmodified,Euler,5.0e-5,78,1.8348232331803487,1188.6430575348136
ZIP_70_10_20,unmodified,Euler,5.0e-5,79,21550.65446599743,595.2894616519817
ZIP_70_10_20,unmodified,Euler,5.0e-5,80,5404.769970307954,297.69581735056096
ZIP_70_10_20,unmodified,Euler,5.0e-5,81,1351.6525572077478,148.94595556136787
ZIP_70_10_20,unmodified,Euler,5.0e-5,82,338.35759685540927,74.67007857809483
ZIP_70_10_20,unmodified,Euler,5.0e-5,83,85.03798928395102,37.737297368136424
ZIP_70_10_20,unmodified,Euler,5.0e-5,84,21.72071998456425,19.72109975980111
ZIP_70_10_20,unmodified,Euler,5.0e-5,85,5.933069703601264,11.94118028262818
ZIP_70_10_20,unmodified,Euler,5.0e-5,86,2.1777178267049004,17.523341845924698
ZIP_70_10_20,unmodified,Euler,5.0e-5,87,4.713120960405202,11.254648992427152
ZIP_70_10_20,unmodified,Euler,5.0e-5,88,1.9425895158325868,26.399747984797433
ZIP_70_10_20,unmodified,Euler,5.0e-5,89,10.668234642951683,14.753047098285942
ZIP_70_10_20,unmodified,Euler,5.0e-5,90,3.321960795055092,11.323882981317983
ZIP_70_10_20,unmodified,Euler,5.0e-5,91,1.9621069355966783,30.398599468952558
ZIP_70_10_20,unmodified,Euler,5.0e-5,92,14.138681369439913,16.54534402581698
ZIP_70_10_20,unmodified,Euler,5.0e-5,93,4.177284812917784,11.213372940110904
ZIP_70_10_20,unmodified,Euler,5.0e-5,94,1.9221012509206497,96.01206382054652
ZIP_70_10_20,unmodified,Euler,5.0e-5,95,140.90292977482378,49.0014816301646
ZIP_70_10_20,unmodified,Euler,5.0e-5,96,36.62406161853994,25.063835984107683
ZIP_70_10_20,unmodified,Euler,5.0e-5,97,9.583272672439094,13.819788647051649
ZIP_70_10_20,unmodified,Euler,5.0e-5,98,2.9188116717705714,11.476844191556307
ZIP_70_10_20,unmodified,Euler,5.0e-5,99,2.0238284709812686,18.534008498720784
ZIP_70_10_20,unmodified,Euler,5.0e-5,100,5.273357032530857,11.549053212955997
ZIP_70_10_20,unmodified,Euler,5.0e-5,101,2.044260691286399,19.330597483087487
ZIP_70_10_20,unmodified,Euler,5.0e-5,102,5.72697860521262,11.963864149421353
ZIP_70_10_20,unmodified,Euler,5.0e-5,103,2.186404395825283,17.183879662164202
ZIP_70_10_20,unmodified,Euler,5.0e-5,104,4.532195926652969,11.171296480298835
ZIP_70_10_20,unmodified,Euler,5.0e-5,105,1.9143466658465975,30.760425176483515
ZIP_70_10_20,unmodified,Euler,5.0e-5,106,14.476537922038391,16.709938874710545
ZIP_70_10_20,unmodified,Euler,5.0e-5,107,4.2607480337268635,11.231311629450603
ZIP_70_10_20,unmodified,Euler,5.0e-5,108,1.9281266764823648,72.84098409501455
ZIP_70_10_20,unmodified,Euler,5.0e-5,109,81.14964191205816,37.424138317194284
ZIP_70_10_20,unmodified,Euler,5.0e-5,110,21.363797348803963,19.480605545222858
ZIP_70_10_20,unmodified,Euler,5.0e-5,111,5.7911241177974455,11.681092729358433
ZIP_70_10_20,unmodified,Euler,5.0e-5,112,2.0899146039943597,18.044808648316277
ZIP_70_10_20,unmodified,Euler,5.0e-5,113,4.992088406980514,11.582934502148012
ZIP_70_10_20,unmodified,Euler,5.0e-5,114,2.0499979594241005,22.981207351805093
ZIP_70_10_20,unmodified,Euler,5.0e-5,115,8.104981248812459,13.234467578211774
ZIP_70_10_20,unmodified,Euler,5.0e-5,116,2.6789331864542785,11.997838334477814
ZIP_70_10_20,unmodified,Euler,5.0e-5,117,2.2116088334733908,14.580215332069791
ZIP_70_10_20,unmodified,Euler,5.0e-5,118,3.261802429179469,11.00132230659983
ZIP_70_10_20,unmodified,Euler,5.0e-5,119,1.859451570383551,41.44651316865728
ZIP_70_10_20,unmodified,Euler,5.0e-5,120,26.317288295731775,21.891208374387727
ZIP_70_10_20,unmodified,Euler,5.0e-5,121,7.312984776845476,12.540121254859576
ZIP_70_10_20,unmodified,Euler,5.0e-5,122,2.4058038106310224,13.339921272330274
ZIP_70_10_20,unmodified,Euler,5.0e-5,123,2.7326746849674906,11.830629355604248
ZIP_70_10_20,unmodified,Euler,5.0e-5,124,2.143928356136567,16.47274319138019
ZIP_70_10_20,unmodified,Euler,5.0e-5,125,4.1620785459186855,11.248657344127727
ZIP_70_10_20,unmodified,Euler,5.0e-5,126,1.9343488789810004,54.55415193955819
ZIP_70_10_20,unmodified,Euler,5.0e-5,127,45.55439045605828,28.33479457751308
ZIP_70_10_20,unmodified,Euler,5.0e-5,128,12.248230995794376,15.259657982594165
ZIP_70_10_20,unmodified,Euler,5.0e-5,129,3.5563694708470592,10.969184529757502
ZIP_70_10_20,unmodified,Euler,5.0e-5,130,1.847846472194207,61.30186068749134
ZIP_70_10_20,unmodified,Euler,5.0e-5,131,57.50268963993459,31.685803416160546
ZIP_70_10_20,unmodified,Euler,5.0e-5,132,15.315594934918554,16.786606488727795
ZIP_70_10_20,unmodified,Euler,5.0e-5,133,4.301889333852148,11.023266883199817
ZIP_70_10_20,unmodified,Euler,5.0e-5,134,1.8643251666869172,60.278235086913035
ZIP_70_10_20,unmodified,Euler,5.0e-5,135,55.508097925691736,30.93022617682854
ZIP_70_10_20,unmodified,Euler,5.0e-5,136,14.592568764190288,16.55345287159351
ZIP_70_10_20,unmodified,Euler,5.0e-5,137,4.180868864318637,11.21339732659364
ZIP_70_10_20,unmodified,Euler,5.0e-5,138,1.922101599705991,96.60662458889769
ZIP_70_10_20,unmodified,Euler,5.0e-5,139,142.6516784056326,49.29901621147973
ZIP_70_10_20,unmodified,Euler,5.0e-5,140,37.07013543891789,25.208805963675704
ZIP_70_10_20,unmodified,Euler,5.0e-5,141,9.694410999667301,13.881492425320378
ZIP_70_10_20,unmodified,Euler,5.0e-5,142,2.9448260464734797,11.434539665067811
ZIP_70_10_20,unmodified,Euler,5.0e-5,143,2.0089283656167067,19.125648499356792
ZIP_70_10_20,unmodified,Euler,5.0e-5,144,5.615382716238666,11.742706009375109
ZIP_70_10_20,unmodified,Euler,5.0e-5,145,2.1126646316521565,17.147721036596543
ZIP_70_10_20,unmodified,Euler,5.0e-5,146,4.509212986393345,11.36904468746565
ZIP_70_10_20,unmodified,Euler,5.0e-5,147,1.9755045156054487,33.05680165363952
ZIP_70_10_20,unmodified,Euler,5.0e-5,148,16.752947789082985,17.835326878947367
ZIP_70_10_20,unmodified,Euler,5.0e-5,149,4.856487520496435,11.228372731694405
ZIP_70_10_20,unmodified,Euler,5.0e-5,150,1.933006427292589,28.739738856060285
ZIP_70_10_20,unmodified,Euler,5.0e-5,151,12.639723245140676,15.79161443507566
ZIP_70_10_20,unmodified,Euler,5.0e-5,152,3.805634339590045,11.179550062759063
ZIP_70_10_20,unmodified,Euler,5.0e-5,153,1.9111928149337756,161.02885799937025
ZIP_70_10_20,unmodified,Euler,5.0e-5,154,395.73539190312437,81.05829937267823
ZIP_70_10_20,unmodified,Euler,5.0e-5,155,100.21244247960131,40.90024770121104
ZIP_70_10_20,unmodified,Euler,5.0e-5,156,25.514187727122117,21.22648419598557
ZIP_70_10_20,unmodified,Euler,5.0e-5,157,6.873115888849322,12.453190826672683
ZIP_70_10_20,unmodified,Euler,5.0e-5,158,2.3678718154678564,14.384876413847993
ZIP_70_10_20,unmodified,Euler,5.0e-5,159,3.1741905018606,11.053868394915668
ZIP_70_10_20,unmodified,Euler,5.0e-5,160,1.8773894769169135,33.3927317284245
ZIP_70_10_20,unmodified,Euler,5.0e-5,161,17.09557278973167,18.00018487303036
ZIP_70_10_20,unmodified,Euler,5.0e-5,162,4.946551292673914,11.267883210830814
ZIP_70_10_20,unmodified,Euler,5.0e-5,163,1.9464260817583867,26.848150676120632
ZIP_70_10_20,unmodified,Euler,5.0e-5,164,11.033106049186982,14.949631301765786
ZIP_70_10_20,unmodified,Euler,5.0e-5,165,3.4109845186722305,11.27332258998507
ZIP_70_10_20,unmodified,Euler,5.0e-5,166,1.9443578279806413,36.307530060323806
ZIP_70_10_20,unmodified,Euler,5.0e-5,167,20.159579717718252,19.299574117279924
ZIP_70_10_20,unmodified,Euler,5.0e-5,168,5.682793803580681,11.813963552124212
ZIP_70_10_20,unmodified,Euler,5.0e-5,169,2.131752060948527,18.951192622420336
ZIP_70_10_20,unmodified,Euler,5.0e-5,170,5.512720819401967,11.680627019598528
ZIP_70_10_20,unmodified,Euler,5.0e-5,171,2.0905893419352664,17.74918287889202
ZIP_70_10_20,unmodified,Euler,5.0e-5,172,4.83024600353423,11.50676133634484
ZIP_70_10_20,unmodified,Euler,5.0e-5,173,2.0232865408621987,25.352067469104625
ZIP_70_10_20,unmodified,Euler,5.0e-5,174,9.861385295553331,14.264056520465518
ZIP_70_10_20,unmodified,Euler,5.0e-5,175,3.109865386339392,11.209118782058187
ZIP_70_10_20,unmodified,Euler,5.0e-5,176,1.930394229827808,24.334812330536522
ZIP_70_10_20,unmodified,Euler,5.0e-5,177,9.087552990968511,13.820206845207148
ZIP_70_10_20,unmodified,Euler,5.0e-5,178,2.920111316158352,11.45299879922818
ZIP_70_10_20,unmodified,Euler,5.0e-5,179,2.0154578113718418,18.84478375086153
ZIP_70_10_20,unmodified,Euler,5.0e-5,180,5.451686192560682,11.64900865854742
ZIP_70_10_20,unmodified,Euler,5.0e-5,181,2.079418320260468,18.079978828657673
ZIP_70_10_20,unmodified,Euler,5.0e-5,182,5.011512581527428,11.5922936985623
ZIP_70_10_20,unmodified,Euler,5.0e-5,183,2.0532931624445125,22.738892728844714
ZIP_70_10_20,unmodified,Euler,5.0e-5,184,7.93512203818604,13.132586786010767
ZIP_70_10_20,unmodified,Euler,5.0e-5,185,2.6380651844711998,12.129695987833355
ZIP_70_10_20,unmodified,Euler,5.0e-5,186,2.2603993125476025,14.056009593466216
ZIP_70_10_20,unmodified,Euler,5.0e-5,187,3.0309177336386885,11.167523426073638
ZIP_70_10_20,unmodified,Euler,5.0e-5,188,1.9163825990940409,25.62515122130061
ZIP_70_10_20,unmodified,Euler,5.0e-5,189,10.075524814923837,14.390326171385137
ZIP_70_10_20,unmodified,Euler,5.0e-5,190,3.1649731341064373,11.158091134704335
ZIP_70_10_20,unmodified,Euler,5.0e-5,191,1.9127886044759985,26.51747114775284
ZIP_70_10_20,unmodified,Euler,5.0e-5,192,10.788401463009604,14.791371278212731
ZIP_70_10_20,unmodified,Euler,5.0e-5,193,3.343195800476059,11.039053589634827
ZIP_70_10_20,unmodified,Euler,5.0e-5,194,1.8719074919474434,36.72438520140115
ZIP_70_10_20,unmodified,Euler,5.0e-5,195,20.670424026970558,19.598811781587496
ZIP_70_10_20,unmodified,Euler,5.0e-5,196,5.862835264010597,11.726113433866129
ZIP_70_10_20,unmodified,Euler,5.0e-5,197,2.105926594639729,17.56623592642429
ZIP_70_10_20,unmodified,Euler,5.0e-5,198,4.731434332199125,11.462293897415085
ZIP_70_10_20,unmodified,Euler,5.0e-5,199,2.0077845446658937,27.18622637113211
ZIP_70_10_20,unmodified,Euler,5.0e-5,200,11.337782320309044,15.090659777649543
ZIP_70_10_20,unmodified,Euler,5.0e-6,1,66.682760906657,3.7558364526754637
ZIP_70_10_20,unmodified,Euler,5.0e-6,2,1.3745583109864559,29.242972498186656
ZIP_70_10_20,unmodified,Euler,5.0e-6,3,13.116722403408925,17.390020833046464
ZIP_70_10_20,unmodified,Euler,5.0e-6,4,4.603687454765441,14.465440274588346
ZIP_70_10_20,unmodified,Euler,5.0e-6,5,3.1959547788537708,22.83595640847609
ZIP_70_10_20,unmodified,Euler,5.0e-6,6,7.962593639577004,14.462869646513836
ZIP_70_10_20,unmodified,Euler,5.0e-6,7,3.1884335788771376,26.692249384355218
ZIP_70_10_20,unmodified,Euler,5.0e-6,8,10.866070582725525,15.944003756405616
ZIP_70_10_20,unmodified,Euler,5.0e-6,9,3.8669520990727126,17.216894076374714
ZIP_70_10_20,unmodified,Euler,5.0e-6,10,4.524076458503722,14.295068611426785
ZIP_70_10_20,unmodified,Euler,5.0e-6,11,3.1214008216167373,25.18794876956404
ZIP_70_10_20,unmodified,Euler,5.0e-6,12,9.686233479089124,15.261749837187795
ZIP_70_10_20,unmodified,Euler,5.0e-6,13,3.5480115987330754,18.86313874175162
ZIP_70_10_20,unmodified,Euler,5.0e-6,14,5.432797108438918,14.04728548329916
ZIP_70_10_20,unmodified,Euler,5.0e-6,15,3.0063542301773416,91.72288750317853
ZIP_70_10_20,unmodified,Euler,5.0e-6,16,127.98927438953197,46.930515938885634
ZIP_70_10_20,unmodified,Euler,5.0e-6,17,33.46894452080421,24.542195096198117
ZIP_70_10_20,unmodified,Euler,5.0e-6,18,9.154095667160329,14.92431267231861
ZIP_70_10_20,unmodified,Euler,5.0e-6,19,3.388653655121303,23.547299335518034
ZIP_70_10_20,unmodified,Euler,5.0e-6,20,8.465291569405345,14.681138215826337
ZIP_70_10_20,unmodified,Euler,5.0e-6,21,3.284658000158064,23.36650345990887
ZIP_70_10_20,unmodified,Euler,5.0e-6,22,8.330593223491288,14.79640009766379
ZIP_70_10_20,unmodified,Euler,5.0e-6,23,3.3317488897622902,24.838291789745902
ZIP_70_10_20,unmodified,Euler,5.0e-6,24,9.418508820220877,15.127530455390094
ZIP_70_10_20,unmodified,Euler,5.0e-6,25,3.4861810903163857,19.596146141264605
ZIP_70_10_20,unmodified,Euler,5.0e-6,26,5.862514722873347,14.041356357939284
ZIP_70_10_20,unmodified,Euler,5.0e-6,27,3.0030376023106653,4013.5603165496505
ZIP_70_10_20,unmodified,Euler,5.0e-6,28,244784.78533193283,2021.3693378377027
ZIP_70_10_20,unmodified,Euler,5.0e-6,29,62086.2819094959,1010.7143360229614
ZIP_70_10_20,unmodified,Euler,5.0e-6,30,15522.507590467976,505.39474280769986
ZIP_70_10_20,unmodified,Euler,5.0e-6,31,3881.2034893675873,252.77753687048545
ZIP_70_10_20,unmodified,Euler,5.0e-6,32,970.916121364123,126.54972463369346
ZIP_70_10_20,unmodified,Euler,5.0e-6,33,243.34802339647786,63.60215746704253
ZIP_70_10_20,unmodified,Euler,5.0e-6,34,61.46874663747025,32.48550604560529
ZIP_70_10_20,unmodified,Euler,5.0e-6,35,16.03751254031161,17.815384740116176
ZIP_70_10_20,unmodified,Euler,5.0e-6,36,4.827967795970735,14.281063266505402
ZIP_70_10_20,unmodified,Euler,5.0e-6,37,3.1146040252483713,25.94112540541621
ZIP_70_10_20,unmodified,Euler,5.0e-6,38,10.273660483794107,15.545795065372639
ZIP_70_10_20,unmodified,Euler,5.0e-6,39,3.6806509032934924,17.6651750908363
ZIP_70_10_20,unmodified,Euler,5.0e-6,40,4.765581966831945,14.292443555093529
ZIP_70_10_20,unmodified,Euler,5.0e-6,41,3.1138332271081017,31.77651278945032
ZIP_70_10_20,unmodified,Euler,5.0e-6,42,15.39183580724887,18.023537985112696
ZIP_70_10_20,unmodified,Euler,5.0e-6,43,4.939593131509618,14.47182747481441
ZIP_70_10_20,unmodified,Euler,5.0e-6,44,3.1923045782616897,26.563688205993923
ZIP_70_10_20,unmodified,Euler,5.0e-6,45,10.761813558126683,15.895390407528673
ZIP_70_10_20,unmodified,Euler,5.0e-6,46,3.843457332170282,17.361722202666662
ZIP_70_10_20,unmodified,Euler,5.0e-6,47,4.600650974446705,14.208574023077011
ZIP_70_10_20,unmodified,Euler,5.0e-6,48,3.08362524670482,27.038749976844173
ZIP_70_10_20,unmodified,Euler,5.0e-6,49,11.160698266953665,15.97800169926199
ZIP_70_10_20,unmodified,Euler,5.0e-6,50,3.8872523777217163,16.415422889215776
ZIP_70_10_20,unmodified,Euler,5.0e-6,51,4.115845344443591,15.159282354100302
ZIP_70_10_20,unmodified,Euler,5.0e-6,52,3.5054802810775416,18.39148509113385
ZIP_70_10_20,unmodified,Euler,5.0e-6,53,5.16505508219128,14.100213186155301
ZIP_70_10_20,unmodified,Euler,5.0e-6,54,3.029625161189246,53.732986229130965
ZIP_70_10_20,unmodified,Euler,5.0e-6,55,43.95801279738577,28.26060096376257
ZIP_70_10_20,unmodified,Euler,5.0e-6,56,12.138251017436755,16.238052246623404
ZIP_70_10_20,unmodified,Euler,5.0e-6,57,4.009850486617445,16.54562175035127
ZIP_70_10_20,unmodified,Euler,5.0e-6,58,4.177414542437041,14.888256488218879
ZIP_70_10_20,unmodified,Euler,5.0e-6,59,3.3862064653626853,19.1339110753506
ZIP_70_10_20,unmodified,Euler,5.0e-6,60,5.5899922496499785,13.787726702895336
ZIP_70_10_20,unmodified,Euler,5.0e-6,61,2.901791141032628,172.36730609750717
ZIP_70_10_20,unmodified,Euler,5.0e-6,62,451.92775249666465,87.68982666421844
ZIP_70_10_20,unmodified,Euler,5.0e-6,63,116.84653817169944,44.33587265040571
ZIP_70_10_20,unmodified,Euler,5.0e-6,64,29.86994892504814,23.21150741561439
ZIP_70_10_20,unmodified,Euler,5.0e-6,65,8.189981491699275,14.3509927376192
ZIP_70_10_20,unmodified,Euler,5.0e-6,66,3.13865094096072,30.681429245274316
ZIP_70_10_20,unmodified,Euler,5.0e-6,67,14.350671093695048,17.555396193872074
ZIP_70_10_20,unmodified,Euler,5.0e-6,68,4.686617762572979,14.75452563731943
ZIP_70_10_20,unmodified,Euler,5.0e-6,69,3.3191018795376546,21.764482497889734
ZIP_70_10_20,unmodified,Euler,5.0e-6,70,7.229197808971752,14.366903754641713
ZIP_70_10_20,unmodified,Euler,5.0e-6,71,3.142084370814819,37.73267875287966
ZIP_70_10_20,unmodified,Euler,5.0e-6,72,21.717044509192814,20.718089021221566
ZIP_70_10_20,unmodified,Euler,5.0e-6,73,6.527886854837905,13.870263912587031
ZIP_70_10_20,unmodified,Euler,5.0e-6,74,2.934648817200708,154.94773735824484
ZIP_70_10_20,unmodified,Euler,5.0e-6,75,365.0761390202689,78.42201085614629
ZIP_70_10_20,unmodified,Euler,5.0e-6,76,93.45220581144558,39.81711505719588
ZIP_70_10_20,unmodified,Euler,5.0e-6,77,24.09147840747638,21.216698035829253
ZIP_70_10_20,unmodified,Euler,5.0e-6,78,6.842163010089613,14.148008788666026
ZIP_70_10_20,unmodified,Euler,5.0e-6,79,3.0473218702717024,89.50916522658564
ZIP_70_10_20,unmodified,Euler,5.0e-6,80,121.97492145549862,46.14830218826444
ZIP_70_10_20,unmodified,Euler,5.0e-6,81,32.363989273267464,24.080450428291904
ZIP_70_10_20,unmodified,Euler,5.0e-6,82,8.814259028296933,14.597735152814508
ZIP_70_10_20,unmodified,Euler,5.0e-6,83,3.2466093449004925,25.23404210340256
ZIP_70_10_20,unmodified,Euler,5.0e-6,84,9.712981803970656,15.4097107770377
ZIP_70_10_20,unmodified,Euler,5.0e-6,85,3.6127128796767685,19.33228790298919
ZIP_70_10_20,unmodified,Euler,5.0e-6,86,5.705761853824895,13.789505268655292
ZIP_70_10_20,unmodified,Euler,5.0e-6,87,2.9023012538640893,321.48241717978385
ZIP_70_10_20,unmodified,Euler,5.0e-6,88,1571.33176425747,162.68110869406632
ZIP_70_10_20,unmodified,Euler,5.0e-6,89,402.1456935411561,81.59998760423238
ZIP_70_10_20,unmodified,Euler,5.0e-6,90,101.17837499814775,41.32060672539485
ZIP_70_10_20,unmodified,Euler,5.0e-6,91,25.945491752791373,21.7995334592126
ZIP_70_10_20,unmodified,Euler,5.0e-6,92,7.22461835752717,14.025969104660565
ZIP_70_10_20,unmodified,Euler,5.0e-6,93,2.9996102869483834,53.44109983730962
ZIP_70_10_20,unmodified,Euler,5.0e-6,94,43.48208857763519,28.119050738897485
ZIP_70_10_20,unmodified,Euler,5.0e-6,95,12.016990824507504,16.183666399409102
ZIP_70_10_20,unmodified,Euler,5.0e-6,96,3.9830826010400133,16.671202326690448
ZIP_70_10_20,unmodified,Euler,5.0e-6,97,4.241222098210573,14.748280189769241
ZIP_70_10_20,unmodified,Euler,5.0e-6,98,3.322795233694927,20.018483753510072
ZIP_70_10_20,unmodified,Euler,5.0e-6,99,6.119073128960554,13.835693058517432
ZIP_70_10_20,unmodified,Euler,5.0e-6,100,2.920955324031366,140.7822818984563
ZIP_70_10_20,unmodified,Euler,5.0e-6,101,301.39698351754123,71.34931816573221
ZIP_70_10_20,unmodified,Euler,5.0e-6,102,77.35620392415674,36.34587801090094
ZIP_70_10_20,unmodified,Euler,5.0e-6,103,20.074293083141974,19.64369794749224
ZIP_70_10_20,unmodified,Euler,5.0e-6,104,5.865752966178429,14.079462853314457
ZIP_70_10_20,unmodified,Euler,5.0e-6,105,3.019376051526025,92.3118016623114
ZIP_70_10_20,unmodified,Euler,5.0e-6,106,129.63722865897725,47.22289586009838
ZIP_70_10_20,unmodified,Euler,5.0e-6,107,33.887242615070754,24.680503799380375
ZIP_70_10_20,unmodified,Euler,5.0e-6,108,9.257531722193448,14.967052314557748
ZIP_70_10_20,unmodified,Euler,5.0e-6,109,3.408021569109134,23.04193556031732
ZIP_70_10_20,unmodified,Euler,5.0e-6,110,8.105961047747744,14.52038090214015
ZIP_70_10_20,unmodified,Euler,5.0e-6,111,3.2136219349151136,25.667138365674965
ZIP_70_10_20,unmodified,Euler,5.0e-6,112,10.048719746972942,15.56427251737685
ZIP_70_10_20,unmodified,Euler,5.0e-6,113,3.6853578386551895,18.579477921173293
ZIP_70_10_20,unmodified,Euler,5.0e-6,114,5.269670890828378,13.827114539520176
ZIP_70_10_20,unmodified,Euler,5.0e-6,115,2.919043088127089,65.90571640687625
ZIP_70_10_20,unmodified,Euler,5.0e-6,116,66.16743344892883,34.41857284697664
ZIP_70_10_20,unmodified,Euler,5.0e-6,117,18.00453937118246,18.67352594689664
ZIP_70_10_20,unmodified,Euler,5.0e-6,118,5.303345141273271,13.958741328536046
ZIP_70_10_20,unmodified,Euler,5.0e-6,119,2.9747050243300315,41.27486900214807
ZIP_70_10_20,unmodified,Euler,5.0e-6,120,25.980928327455285,22.39737877320577
ZIP_70_10_20,unmodified,Euler,5.0e-6,121,7.627654430871708,14.15874121818117
ZIP_70_10_20,unmodified,Euler,5.0e-6,122,3.0559979036716123,39.24644822451672
ZIP_70_10_20,unmodified,Euler,5.0e-6,123,23.466152840239253,21.37933411609928
ZIP_70_10_20,unmodified,Euler,5.0e-6,124,6.948289428296271,14.173086008300096
ZIP_70_10_20,unmodified,Euler,5.0e-6,125,3.058005739970681,74.157540078421
ZIP_70_10_20,unmodified,Euler,5.0e-6,126,83.75218263369912,38.50286051480165
ZIP_70_10_20,unmodified,Euler,5.0e-6,127,22.529949556080112,20.512570012682822
ZIP_70_10_20,unmodified,Euler,5.0e-6,128,6.397619749122185,13.84992515763419
ZIP_70_10_20,unmodified,Euler,5.0e-6,129,2.9262917564118194,321.363540278256
ZIP_70_10_20,unmodified,Euler,5.0e-6,130,1569.8147897999177,161.6956072708718
ZIP_70_10_20,unmodified,Euler,5.0e-6,131,397.28617504546895,81.13306041239626
ZIP_70_10_20,unmodified,Euler,5.0e-6,132,100.02361588705423,41.14604001064853
ZIP_70_10_20,unmodified,Euler,5.0e-6,133,25.726338794904876,21.828464055825236
ZIP_70_10_20,unmodified,Euler,5.0e-6,134,7.242229832493865,14.242767568944554
ZIP_70_10_20,unmodified,Euler,5.0e-6,135,3.0877988341964544,54.398415318231066
ZIP_70_10_20,unmodified,Euler,5.0e-6,136,45.0969786359669,28.74361914656796
ZIP_70_10_20,unmodified,Euler,5.0e-6,137,12.55833798781592,16.27500012897695
ZIP_70_10_20,unmodified,Euler,5.0e-6,138,4.031227434243325,15.910962346212747
ZIP_70_10_20,unmodified,Euler,5.0e-6,139,3.8668926978195266,15.884477336305238
ZIP_70_10_20,unmodified,Euler,5.0e-6,140,3.850177886047678,15.91332015862108
ZIP_70_10_20,unmodified,Euler,5.0e-6,141,3.8684031406051154,15.857522649906976
ZIP_70_10_20,unmodified,Euler,5.0e-6,142,3.837098773463913,15.971724423046064
ZIP_70_10_20,unmodified,Euler,5.0e-6,143,3.8968257699360214,15.75759887687622
ZIP_70_10_20,unmodified,Euler,5.0e-6,144,3.7887447022500753,16.208186808236125
ZIP_70_10_20,unmodified,Euler,5.0e-6,145,4.012950231443483,15.403546496715602
ZIP_70_10_20,unmodified,Euler,5.0e-6,146,3.619833492772813,17.29768238200451
ZIP_70_10_20,unmodified,Euler,5.0e-6,147,4.569820119216443,14.454325513304767
ZIP_70_10_20,unmodified,Euler,5.0e-6,148,3.185370204938864,26.255949600612556
ZIP_70_10_20,unmodified,Euler,5.0e-6,149,10.51429881435085,15.780179877911563
ZIP_70_10_20,unmodified,Euler,5.0e-6,150,3.78806577341267,17.73587213002417
ZIP_70_10_20,unmodified,Euler,5.0e-6,151,4.801417458550587,14.033594614438776
ZIP_70_10_20,unmodified,Euler,5.0e-6,152,3.0078021563351554,33.28333035656718
ZIP_70_10_20,unmodified,Euler,5.0e-6,153,16.90340887020034,18.67328454362016
ZIP_70_10_20,unmodified,Euler,5.0e-6,154,5.304707250114814,13.943692962089973
ZIP_70_10_20,unmodified,Euler,5.0e-6,155,2.968300036307359,42.80303709986152
ZIP_70_10_20,unmodified,Euler,5.0e-6,156,27.937798983498748,23.126680922598595
ZIP_70_10_20,unmodified,Euler,5.0e-6,157,8.131992253735827,14.33878294453225
ZIP_70_10_20,unmodified,Euler,5.0e-6,158,3.1334143035221325,30.981290492250775
ZIP_70_10_20,unmodified,Euler,5.0e-6,159,14.63214538905526,17.682730192378404
ZIP_70_10_20,unmodified,Euler,5.0e-6,160,4.754765729024334,14.666629111600525
ZIP_70_10_20,unmodified,Euler,5.0e-6,161,3.2794350750000714,22.88619526285273
ZIP_70_10_20,unmodified,Euler,5.0e-6,162,7.992207243503099,14.656247026561955
ZIP_70_10_20,unmodified,Euler,5.0e-6,163,3.2691993917224105,27.346990963497888
ZIP_70_10_20,unmodified,Euler,5.0e-6,164,11.415502045139474,16.095815555739982
ZIP_70_10_20,unmodified,Euler,5.0e-6,165,3.9445430035616456,16.157680057370438
ZIP_70_10_20,unmodified,Euler,5.0e-6,166,3.9877163546777594,15.487267849351568
ZIP_70_10_20,unmodified,Euler,5.0e-6,167,3.659422964911694,16.998708780881532
ZIP_70_10_20,unmodified,Euler,5.0e-6,168,4.413430925759494,14.633904566487447
ZIP_70_10_20,unmodified,Euler,5.0e-6,169,3.2655514596767676,22.93186965245027
ZIP_70_10_20,unmodified,Euler,5.0e-6,170,8.02409658260557,14.669279013095188
ZIP_70_10_20,unmodified,Euler,5.0e-6,171,3.274989323264746,27.07406399697624
ZIP_70_10_20,unmodified,Euler,5.0e-6,172,11.188976398128899,15.985594203857207
ZIP_70_10_20,unmodified,Euler,5.0e-6,173,3.8909107551001383,16.400002874535208
ZIP_70_10_20,unmodified,Euler,5.0e-6,174,4.108122604265018,15.176917815907808
ZIP_70_10_20,unmodified,Euler,5.0e-6,175,3.5136758071279846,18.29953915266955
ZIP_70_10_20,unmodified,Euler,5.0e-6,176,5.113622554223029,14.116254456498174
ZIP_70_10_20,unmodified,Euler,5.0e-6,177,3.036641629586483,49.56389385446106
ZIP_70_10_20,unmodified,Euler,5.0e-6,178,37.407031518316806,26.25269688974027
ZIP_70_10_20,unmodified,Euler,5.0e-6,179,10.47512996633519,15.496562138327308
ZIP_70_10_20,unmodified,Euler,5.0e-6,180,3.6527103674221224,19.04827318149972
ZIP_70_10_20,unmodified,Euler,5.0e-6,181,5.539169788315427,13.791317792370664
ZIP_70_10_20,unmodified,Euler,5.0e-6,182,2.9034019249623353,132.67278091002228
ZIP_70_10_20,unmodified,Euler,5.0e-6,183,267.82469289398165,67.76204644111573
ZIP_70_10_20,unmodified,Euler,5.0e-6,184,69.77477292417511,34.52927406272828
ZIP_70_10_20,unmodified,Euler,5.0e-6,185,18.11854892391119,18.70820221314767
ZIP_70_10_20,unmodified,Euler,5.0e-6,186,5.322981943682187,13.951002838581548
ZIP_70_10_20,unmodified,Euler,5.0e-6,187,2.971367671988841,42.213061357742696
ZIP_70_10_20,unmodified,Euler,5.0e-6,188,27.173901247326324,22.844633752295326
ZIP_70_10_20,unmodified,Euler,5.0e-6,189,7.9350278928449045,14.266064490854033
ZIP_70_10_20,unmodified,Euler,5.0e-6,190,3.1020113381178325,33.61697099758833
ZIP_70_10_20,unmodified,Euler,5.0e-6,191,17.223773747983316,18.82752853509654
ZIP_70_10_20,unmodified,Euler,5.0e-6,192,5.38962842838771,14.189526063998754
ZIP_70_10_20,unmodified,Euler,5.0e-6,193,3.067780112003216,42.28004349140048
ZIP_70_10_20,unmodified,Euler,5.0e-6,194,27.22939858364897,22.793238869182286
ZIP_70_10_20,unmodified,Euler,5.0e-6,195,7.89717630348135,14.449256149012207
ZIP_70_10_20,unmodified,Euler,5.0e-6,196,3.1773176482003276,35.000557928253265
ZIP_70_10_20,unmodified,Euler,5.0e-6,197,18.689326938348504,19.449339962375284
ZIP_70_10_20,unmodified,Euler,5.0e-6,198,5.753924364064722,13.83557278598818
ZIP_70_10_20,unmodified,Euler,5.0e-6,199,2.921529757501572,89.0036477307725
ZIP_70_10_20,unmodified,Euler,5.0e-6,200,120.60361290996606,45.90268028091612
ZIP_70_10_20,unmodified,Trap,0.0005,1,66.682760906657,13.183252052905777
ZIP_70_10_20,unmodified,Trap,0.0005,2,1.2645777836868064,5.794397679329778
ZIP_70_10_20,unmodified,Trap,0.0005,3,0.5365113565160242,4.872318065498504
ZIP_70_10_20,unmodified,Trap,0.0005,4,0.37698646862682345,8.688804973608512
ZIP_70_10_20,unmodified,Trap,0.0005,5,1.1994923104022077,5.173995906313969
ZIP_70_10_20,unmodified,Trap,0.0005,6,0.42431624501230547,6.136658016651621
ZIP_70_10_20,unmodified,Trap,0.0005,7,0.5991109547645946,4.680863375881888
ZIP_70_10_20,unmodified,Trap,0.0005,8,0.3500587811901946,15.77552354821602
ZIP_70_10_20,unmodified,Trap,0.0005,9,3.981903536312324,8.258275921223234
ZIP_70_10_20,unmodified,Trap,0.0005,10,1.0876310707215278,4.937767223883382
ZIP_70_10_20,unmodified,Trap,0.0005,11,0.39188579588999317,6.7171598402661195
ZIP_70_10_20,unmodified,Trap,0.0005,12,0.7175611072769515,4.689929199581008
ZIP_70_10_20,unmodified,Trap,0.0005,13,0.34895798835822245,71.10499795355388
ZIP_70_10_20,unmodified,Trap,0.0005,14,80.37277680102143,35.94002601042091
ZIP_70_10_20,unmodified,Trap,0.0005,15,20.44319373289791,18.050208520301425
ZIP_70_10_20,unmodified,Trap,0.0005,16,5.158416148013363,9.217300546445992
ZIP_70_10_20,unmodified,Trap,0.0005,17,1.35114186489984,5.251330644193785
ZIP_70_10_20,unmodified,Trap,0.0005,18,0.4436825820913019,5.424140164877166
ZIP_70_10_20,unmodified,Trap,0.0005,19,0.4685854843358611,5.3096238736865695
ZIP_70_10_20,unmodified,Trap,0.0005,20,0.4480343444470942,5.552729687518813
ZIP_70_10_20,unmodified,Trap,0.0005,21,0.49104128778625833,5.120180416473202
ZIP_70_10_20,unmodified,Trap,0.0005,22,0.41650660918999627,6.23942432009755
ZIP_70_10_20,unmodified,Trap,0.0005,23,0.6194576053388576,4.717113761311588
ZIP_70_10_20,unmodified,Trap,0.0005,24,0.3531606829935004,19.77156358465094
ZIP_70_10_20,unmodified,Trap,0.0005,25,6.199192286810085,10.203260915206972
ZIP_70_10_20,unmodified,Trap,0.0005,26,1.6481537110327293,5.7373057838382895
ZIP_70_10_20,unmodified,Trap,0.0005,27,0.5215200476631359,4.9825109454049095
ZIP_70_10_20,unmodified,Trap,0.0005,28,0.3942862684197245,7.192123469981801
ZIP_70_10_20,unmodified,Trap,0.0005,29,0.8224528743520672,4.747990199904966
ZIP_70_10_20,unmodified,Trap,0.0005,30,0.3575427375111412,15.183279635883425
ZIP_70_10_20,unmodified,Trap,0.0005,31,3.688395361312277,7.969636972353545
ZIP_70_10_20,unmodified,Trap,0.0005,32,1.0137973810006815,4.855305390194024
ZIP_70_10_20,unmodified,Trap,0.0005,33,0.37870022516736385,7.491784427293051
ZIP_70_10_20,unmodified,Trap,0.0005,34,0.8921663707160138,4.8105390441250515
ZIP_70_10_20,unmodified,Trap,0.0005,35,0.36696691287572936,10.834047750096607
ZIP_70_10_20,unmodified,Trap,0.0005,36,1.875627666509166,5.937181542285266
ZIP_70_10_20,unmodified,Trap,0.0005,37,0.5668084543542071,4.712976041586826
ZIP_70_10_20,unmodified,Trap,0.0005,38,0.3546878556755828,12.905809828091671
ZIP_70_10_20,unmodified,Trap,0.0005,39,2.6640290848324506,6.8798514732747
ZIP_70_10_20,unmodified,Trap,0.0005,40,0.7584687576228826,4.635526159076385
ZIP_70_10_20,unmodified,Trap,0.0005,41,0.34420681761092226,21.31134808227227
ZIP_70_10_20,unmodified,Trap,0.0005,42,7.201327388775725,10.951045752909987
ZIP_70_10_20,unmodified,Trap,0.0005,43,1.8984984561565699,6.0518855062922485
ZIP_70_10_20,unmodified,Trap,0.0005,44,0.5801999502029792,4.787539581883533
ZIP_70_10_20,unmodified,Trap,0.0005,45,0.3638614434964401,11.396420820176695
ZIP_70_10_20,unmodified,Trap,0.0005,46,2.06192843491456,6.271226623347714
ZIP_70_10_20,unmodified,Trap,0.0005,47,0.6230033398080687,4.72171761810977
ZIP_70_10_20,unmodified,Trap,0.0005,48,0.3538364117664698,18.64199210473252
ZIP_70_10_20,unmodified,Trap,0.0005,49,5.511634026945859,9.657007748024313
ZIP_70_10_20,unmodified,Trap,0.0005,50,1.4764643498513803,5.516792409042046
ZIP_70_10_20,unmodified,Trap,0.0005,51,0.48225778662364926,5.243229456791785
ZIP_70_10_20,unmodified,Trap,0.0005,52,0.4368301062964951,5.746840201885391
ZIP_70_10_20,unmodified,Trap,0.0005,53,0.5258164272461502,4.930521702598919
ZIP_70_10_20,unmodified,Trap,0.0005,54,0.38608254402794073,7.762614558951986
ZIP_70_10_20,unmodified,Trap,0.0005,55,0.9577942879534094,4.87986738280597
ZIP_70_10_20,unmodified,Trap,0.0005,56,0.377573424490573,8.856789349008109
ZIP_70_10_20,unmodified,Trap,0.0005,57,1.2515895217471313,5.139959403803243
ZIP_70_10_20,unmodified,Trap,0.0005,58,0.4249922793008043,5.724629520452008
ZIP_70_10_20,unmodified,Trap,0.0005,59,0.5216911379466183,4.949342867518501
ZIP_70_10_20,unmodified,Trap,0.0005,60,0.38905045811379446,7.533368749377643
ZIP_70_10_20,unmodified,Trap,0.0005,61,0.9021683206499727,4.820770438306083
ZIP_70_10_20,unmodified,Trap,0.0005,62,0.36852244510118165,10.442176415009847
ZIP_70_10_20,unmodified,Trap,0.0005,63,1.741965056292153,5.768413186267469
ZIP_70_10_20,unmodified,Trap,0.0005,64,0.53526471127763,4.79366922600177
ZIP_70_10_20,unmodified,Trap,0.0005,65,0.36671512684469704,9.535023617545448
ZIP_70_10_20,unmodified,Trap,0.0005,66,1.451524734813888,5.396149981532475
ZIP_70_10_20,unmodified,Trap,0.0005,67,0.4685876453868892,5.154507998023566
ZIP_70_10_20,unmodified,Trap,0.0005,68,0.4234066305696186,6.004017056271747
ZIP_70_10_20,unmodified,Trap,0.0005,69,0.5734260484782003,4.7294540335829005
ZIP_70_10_20,unmodified,Trap,0.0005,70,0.35719447629387424,11.806051400066604
ZIP_70_10_20,unmodified,Trap,0.0005,71,2.228475206148085,6.3709376164029665
ZIP_70_10_20,unmodified,Trap,0.0005,72,0.6517062943039907,4.622749322672963
ZIP_70_10_20,unmodified,Trap,0.0005,73,0.3417492361431369,72.68213820646292
ZIP_70_10_20,unmodified,Trap,0.0005,74,83.97111217934122,36.731512646009655
ZIP_70_10_20,unmodified,Trap,0.0005,75,21.353431604730062,18.44393678525214
ZIP_70_10_20,unmodified,Trap,0.0005,76,5.385759551312052,9.408162958838307
ZIP_70_10_20,unmodified,Trap,0.0005,77,1.4071938219059754,5.320460818102559
ZIP_70_10_20,unmodified,Trap,0.0005,78,0.4554671964347728,5.282647224598206
ZIP_70_10_20,unmodified,Trap,0.0005,79,0.4445840113675926,5.605205165603308
ZIP_70_10_20,unmodified,Trap,0.0005,80,0.49951832984029626,5.02825475858679
ZIP_70_10_20,unmodified,Trap,0.0005,81,0.40315044980931275,6.604462811587428
ZIP_70_10_20,unmodified,Trap,0.0005,82,0.6943552348803627,4.615547805624324
ZIP_70_10_20,unmodified,Trap,0.0005,83,0.3409053960816759,216.24030650682332
ZIP_70_10_20,unmodified,Trap,0.0005,84,740.1963310904721,108.1966626900766
ZIP_70_10_20,unmodified,Trap,0.0005,85,185.26895643893718,54.14654318470639
ZIP_70_10_20,unmodified,Trap,0.0005,86,46.39974535263731,27.170298105210406
ZIP_70_10_20,unmodified,Trap,0.0005,87,11.683472905337373,13.7846854698727
ZIP_70_10_20,unmodified,Trap,0.0005,88,3.0076731686506535,7.321336897039589
ZIP_70_10_20,unmodified,Trap,0.0005,89,0.8488437502652799,4.76263964826729
ZIP_70_10_20,unmodified,Trap,0.0005,90,0.35971513747564066,13.719858504427952
ZIP_70_10_20,unmodified,Trap,0.0005,91,3.0111763734703194,7.264879616779957
ZIP_70_10_20,unmodified,Trap,0.0005,92,0.8444764445876013,4.691805406325878
ZIP_70_10_20,unmodified,Trap,0.0005,93,0.3530156437414486,11.979300439738012
ZIP_70_10_20,unmodified,Trap,0.0005,94,2.277846183317642,6.528635316419378
ZIP_70_10_20,unmodified,Trap,0.0005,95,0.675141391249146,4.689849326736421
ZIP_70_10_20,unmodified,Trap,0.0005,96,0.3489915899051848,59.36386403857728
ZIP_70_10_20,unmodified,Trap,0.0005,97,55.816304037561046,29.814989939644324
ZIP_70_10_20,unmodified,Trap,0.0005,98,14.068793386232429,15.088498239294331
ZIP_70_10_20,unmodified,Trap,0.0005,99,3.6034359354219263,7.929081106394375
ZIP_70_10_20,unmodified,Trap,0.0005,100,0.9955158431153485,4.911330379408111
ZIP_70_10_20,unmodified,Trap,0.0005,101,0.38241623707368005,8.304262670613356
ZIP_70_10_20,unmodified,Trap,0.0005,102,1.0997207256412997,4.951913958658616
ZIP_70_10_20,unmodified,Trap,0.0005,103,0.3941655612518746,6.61582599669325
ZIP_70_10_20,unmodified,Trap,0.0005,104,0.6961281387749496,4.686748375177525
ZIP_70_10_20,unmodified,Trap,0.0005,105,0.34851152787079875,715.1050851200324
ZIP_70_10_20,unmodified,Trap,0.0005,106,8097.043700834031,358.88791962723485
ZIP_70_10_20,unmodified,Trap,0.0005,107,2038.280968341124,179.4476536033256
ZIP_70_10_20,unmodified,Trap,0.0005,108,509.648418180766,89.73326302899476
ZIP_70_10_20,unmodified,Trap,0.0005,109,127.44484394272098,44.89712692254004
ZIP_70_10_20,unmodified,Trap,0.0005,110,31.903370286323202,22.51072946712086
ZIP_70_10_20,unmodified,Trap,0.0005,111,8.021211936858524,11.396537205471995
ZIP_70_10_20,unmodified,Trap,0.0005,112,2.0600712319697494,6.119056165003393
ZIP_70_10_20,unmodified,Trap,0.0005,113,0.6014654473126092,4.659839385934214
ZIP_70_10_20,unmodified,Trap,0.0005,114,0.3469540354626295,19.931923868514232
ZIP_70_10_20,unmodified,Trap,0.0005,115,6.354010113816722,10.308017501610198
ZIP_70_10_20,unmodified,Trap,0.0005,116,1.687782835469551,5.670029834326937
ZIP_70_10_20,unmodified,Trap,0.0005,117,0.5171324080777916,4.860891333721665
ZIP_70_10_20,unmodified,Trap,0.0005,118,0.37693476714777696,8.220351002847298
ZIP_70_10_20,unmodified,Trap,0.0005,119,1.077562762538457,4.925604600598943
ZIP_70_10_20,unmodified,Trap,0.0005,120,0.389930122018456,6.810260090583018
ZIP_70_10_20,unmodified,Trap,0.0005,121,0.7375399224475229,4.696128777091655
ZIP_70_10_20,unmodified,Trap,0.0005,122,0.34985793466736675,39.71727123047281
ZIP_70_10_20,unmodified,Trap,0.0005,123,25.14438535359957,20.20202066574546
ZIP_70_10_20,unmodified,Trap,0.0005,124,6.461216670060654,10.26645767161488
ZIP_70_10_20,unmodified,Trap,0.0005,125,1.6735910502300793,5.650046395097262
ZIP_70_10_20,unmodified,Trap,0.0005,126,0.5135027985964373,4.876429829197615
ZIP_70_10_20,unmodified,Trap,0.0005,127,0.3793203107532551,7.99904890121186
ZIP_70_10_20,unmodified,Trap,0.0005,128,1.0200976406128721,4.858882887568484
ZIP_70_10_20,unmodified,Trap,0.0005,129,0.3792715784145116,7.449080155158703
ZIP_70_10_20,unmodified,Trap,0.0005,130,0.8820448199953791,4.800636489214939
ZIP_70_10_20,unmodified,Trap,0.0005,131,0.3654653910373748,11.264492170409655
ZIP_70_10_20,unmodified,Trap,0.0005,132,2.028120566640115,6.126817237838323
ZIP_70_10_20,unmodified,Trap,0.0005,133,0.6032429775600654,4.65713719380758
ZIP_70_10_20,unmodified,Trap,0.0005,134,0.34656349293173505,20.700611840551495
ZIP_70_10_20,unmodified,Trap,0.0005,135,6.852685464560678,10.689994163804387
ZIP_70_10_20,unmodified,Trap,0.0005,136,1.814381051953932,5.825249054837843
ZIP_70_10_20,unmodified,Trap,0.0005,137,0.5456280874535996,4.764052849805675
ZIP_70_10_20,unmodified,Trap,0.0005,138,0.362270508654935,10.413061240971416
ZIP_70_10_20,unmodified,Trap,0.0005,139,1.7322907594077457,5.756286837028586
ZIP_70_10_20,unmodified,Trap,0.0005,140,0.5330307549311636,4.800898684465738
ZIP_70_10_20,unmodified,Trap,0.0005,141,0.3678058504115578,9.356158134972647
ZIP_70_10_20,unmodified,Trap,0.0005,142,1.3973709231848883,5.326433649853359
ZIP_70_10_20,unmodified,Trap,0.0005,143,0.4565402519440173,5.269966803758816
ZIP_70_10_20,unmodified,Trap,0.0005,144,0.4424639322291049,5.638008136905528
ZIP_70_10_20,unmodified,Trap,0.0005,145,0.5054045382410851,4.991243858011738
ZIP_70_10_20,unmodified,Trap,0.0005,146,0.39728823484972214,6.849808401925915
ZIP_70_10_20,unmodified,Trap,0.0005,147,0.7471115038192062,4.624526075779461
ZIP_70_10_20,unmodified,Trap,0.0005,148,0.3425053444274397,28.580178139629155
ZIP_70_10_20,unmodified,Trap,0.0005,149,12.946296194443674,14.517812927626702
ZIP_70_10_20,unmodified,Trap,0.0005,150,3.336138215103536,7.66211627104534
ZIP_70_10_20,unmodified,Trap,0.0005,151,0.9296476472658346,4.839484806475507
ZIP_70_10_20,unmodified,Trap,0.0005,152,0.3713532289372186,9.851478628711282
ZIP_70_10_20,unmodified,Trap,0.0005,153,1.549802497117904,5.522540370448073
ZIP_70_10_20,unmodified,Trap,0.0005,154,0.4907807068445511,4.992761805179434
ZIP_70_10_20,unmodified,Trap,0.0005,155,0.39744560752282254,6.852197029047778
ZIP_70_10_20,unmodified,Trap,0.0005,156,0.7476334733929504,4.624714998570172
ZIP_70_10_20,unmodified,Trap,0.0005,157,0.34253591152799806,28.356773225365885
ZIP_70_10_20,unmodified,Trap,0.0005,158,12.744814455145182,14.407624642853156
ZIP_70_10_20,unmodified,Trap,0.0005,159,3.2856973952949993,7.610725328735634
ZIP_70_10_20,unmodified,Trap,0.0005,160,0.9172267733631784,4.826725641144026
ZIP_70_10_20,unmodified,Trap,0.0005,161,0.3694066042570877,10.253429424666233
ZIP_70_10_20,unmodified,Trap,0.0005,162,1.6793437292677897,5.6886385181260115
ZIP_70_10_20,unmodified,Trap,0.0005,163,0.5206412097045017,4.845536534275083
ZIP_70_10_20,unmodified,Trap,0.0005,164,0.3745844296289977,8.46402576195518
ZIP_70_10_20,unmodified,Trap,0.0005,165,1.142666661346767,5.004173889127008
ZIP_70_10_20,unmodified,Trap,0.0005,166,0.4026345065514973,6.295192538410458
ZIP_70_10_20,unmodified,Trap,0.0005,167,0.6304599616017373,4.70772443547079
ZIP_70_10_20,unmodified,Trap,0.0005,168,0.3517364843442004,23.48747954533873
ZIP_70_10_20,unmodified,Trap,0.0005,169,8.746031478949016,12.014412662174939
ZIP_70_10_20,unmodified,Trap,0.0005,170,2.2849762521475996,6.517151592106517
ZIP_70_10_20,unmodified,Trap,0.0005,171,0.6727363877917173,4.690506576309787
ZIP_70_10_20,unmodified,Trap,0.0005,172,0.3490927791348438,54.09099183014644
ZIP_70_10_20,unmodified,Trap,0.0005,173,46.344337873565344,27.186786675544905
ZIP_70_10_20,unmodified,Trap,0.0005,174,11.697858217038705,13.793083169004687
ZIP_70_10_20,unmodified,Trap,0.0005,175,3.011342940665651,7.3252240826809905
ZIP_70_10_20,unmodified,Trap,0.0005,176,0.849744646737223,4.763403030574169
ZIP_70_10_20,unmodified,Trap,0.0005,177,0.35982969915221513,13.65294389047855
ZIP_70_10_20,unmodified,Trap,0.0005,178,2.9818386424251755,7.232990561504173
ZIP_70_10_20,unmodified,Trap,0.0005,179,0.8371798109474388,4.686054205688207
ZIP_70_10_20,unmodified,Trap,0.0005,180,0.3521192088921161,12.387729129867802
ZIP_70_10_20,unmodified,Trap,0.0005,181,2.4356305743266082,6.71192935022018
ZIP_70_10_20,unmodified,Trap,0.0005,182,0.7135470716446323,4.688166326997357
ZIP_70_10_20,unmodified,Trap,0.0005,183,0.3486896286033477,141.59791462952984
ZIP_70_10_20,unmodified,Trap,0.0005,184,318.0675635599445,71.29338394113597
ZIP_70_10_20,unmodified,Trap,0.0005,185,80.4376859046957,35.683027290593984
ZIP_70_10_20,unmodified,Trap,0.0005,186,20.152866721850657,17.921901726526688
ZIP_70_10_20,unmodified,Trap,0.0005,187,5.085358598099822,9.155177206808153
ZIP_70_10_20,unmodified,Trap,0.0005,188,1.3331472185581472,5.229209375541338
ZIP_70_10_20,unmodified,Trap,0.0005,189,0.43993972861847686,5.475893284460285
ZIP_70_10_20,unmodified,Trap,0.0005,190,0.47752549125252425,5.226764578404159
ZIP_70_10_20,unmodified,Trap,0.0005,191,0.43410356367031727,5.79964454841358
ZIP_70_10_20,unmodified,Trap,0.0005,192,0.5354842246745491,4.892631738898228
ZIP_70_10_20,unmodified,Trap,0.0005,193,0.38013950195568613,8.32284995566746
ZIP_70_10_20,unmodified,Trap,0.0005,194,1.1007443697100825,5.0492107229167615
ZIP_70_10_20,unmodified,Trap,0.0005,195,0.40414481470315483,6.83044893750337
ZIP_70_10_20,unmodified,Trap,0.0005,196,0.7428429196795204,4.622999537105571
ZIP_70_10_20,unmodified,Trap,0.0005,197,0.34225796043370604,30.618879999159763
ZIP_70_10_20,unmodified,Trap,0.0005,198,14.85792686554851,15.524451944594624
ZIP_70_10_20,unmodified,Trap,0.0005,199,3.8147391431733073,8.134607395194724
ZIP_70_10_20,unmodified,Trap,0.0005,200,1.0477635863709607,4.972137877198716
ZIP_70_10_20,unmodified,Trap,5.0e-5,1,66.682760906657,4.5508278801400435
ZIP_70_10_20,unmodified,Trap,5.0e-5,2,1.3766374501185203,13.59978861372998
ZIP_70_10_20,unmodified,Trap,5.0e-5,3,2.85406740269606,14.094992685683494
ZIP_70_10_20,unmodified,Trap,5.0e-5,4,3.041868256664261,14.66464759256296
ZIP_70_10_20,unmodified,Trap,5.0e-5,5,3.28756661703147,13.644630052541666
ZIP_70_10_20,unmodified,Trap,5.0e-5,6,2.8501891912640813,16.026874773088412
ZIP_70_10_20,unmodified,Trap,5.0e-5,7,3.928400838562006,12.566900688629612
ZIP_70_10_20,unmodified,Trap,5.0e-5,8,2.4172764564931026,32.134290745701335
ZIP_70_10_20,unmodified,Trap,5.0e-5,9,15.784397706033715,17.7557729720185
ZIP_70_10_20,unmodified,Trap,5.0e-5,10,4.802110968650441,12.397006553377784
ZIP_70_10_20,unmodified,Trap,5.0e-5,11,2.3504043616790407,166.197932966268
ZIP_70_10_20,unmodified,Trap,5.0e-5,12,420.7226986878653,84.38793229149756
ZIP_70_10_20,unmodified,Trap,5.0e-5,13,108.34326790463888,42.601915759453014
ZIP_70_10_20,unmodified,Trap,5.0e-5,14,27.61272266283241,22.161810946409393
ZIP_70_10_20,unmodified,Trap,5.0e-5,15,7.475060454882245,13.266356909360761
ZIP_70_10_20,unmodified,Trap,5.0e-5,16,2.6859535325956605,20.228404195919342
ZIP_70_10_20,unmodified,Trap,5.0e-5,17,6.254706847074974,13.063719511719832
ZIP_70_10_20,unmodified,Trap,5.0e-5,18,2.6009638762387906,27.03317517463431
ZIP_70_10_20,unmodified,Trap,5.0e-5,19,11.174992018884502,15.457664683698711
ZIP_70_10_20,unmodified,Trap,5.0e-5,20,3.642134181855695,13.119907344652276
ZIP_70_10_20,unmodified,Trap,5.0e-5,21,2.6348838066122573,19.240052503023218
ZIP_70_10_20,unmodified,Trap,5.0e-5,22,5.663427008816922,12.62321272818059
ZIP_70_10_20,unmodified,Trap,5.0e-5,23,2.4352003171249472,37.5581939065828
ZIP_70_10_20,unmodified,Trap,5.0e-5,24,21.518474809869716,20.228824404344294
ZIP_70_10_20,unmodified,Trap,5.0e-5,25,6.227895167299131,12.928684766912951
ZIP_70_10_20,unmodified,Trap,5.0e-5,26,2.547275415571281,33.745008467801895
ZIP_70_10_20,unmodified,Trap,5.0e-5,27,17.40302021958934,18.498289330888237
ZIP_70_10_20,unmodified,Trap,5.0e-5,28,5.211342997054957,12.430507779516562
ZIP_70_10_20,unmodified,Trap,5.0e-5,29,2.362209052086432,152.95029588426883
ZIP_70_10_20,unmodified,Trap,5.0e-5,30,356.1522379030502,77.21153910691395
ZIP_70_10_20,unmodified,Trap,5.0e-5,31,90.6991041303378,39.10376113537635
ZIP_70_10_20,unmodified,Trap,5.0e-5,32,23.263946402365217,20.612786493207086
ZIP_70_10_20,unmodified,Trap,5.0e-5,33,6.4657196631765,13.015346100045967
ZIP_70_10_20,unmodified,Trap,5.0e-5,34,2.581296664542155,29.48369269841614
ZIP_70_10_20,unmodified,Trap,5.0e-5,35,13.29001523807587,16.54008598801192
ZIP_70_10_20,unmodified,Trap,5.0e-5,36,4.168373786280284,12.559193720763572
ZIP_70_10_20,unmodified,Trap,5.0e-5,37,2.4136998577889788,34.025590837667224
ZIP_70_10_20,unmodified,Trap,5.0e-5,38,17.69416943718197,18.635429884354444
ZIP_70_10_20,unmodified,Trap,5.0e-5,39,5.28878704200037,12.444369777181691
ZIP_70_10_20,unmodified,Trap,5.0e-5,40,2.3673104107002394,114.74596302769537
ZIP_70_10_20,unmodified,Trap,5.0e-5,41,200.49728714357693,58.15458798460635
ZIP_70_10_20,unmodified,Trap,5.0e-5,42,51.45321794622339,29.753347409732427
ZIP_70_10_20,unmodified,Trap,5.0e-5,43,13.469107167807644,16.383138368178738
ZIP_70_10_20,unmodified,Trap,5.0e-5,44,4.085715825637372,12.918473712216981
ZIP_70_10_20,unmodified,Trap,5.0e-5,45,2.5472002933894635,26.939112597431333
ZIP_70_10_20,unmodified,Trap,5.0e-5,46,11.081290835509282,15.476273551653044
ZIP_70_10_20,unmodified,Trap,5.0e-5,47,3.647029482797924,13.487794435139937
ZIP_70_10_20,unmodified,Trap,5.0e-5,48,2.778443411953102,17.63485895075294
ZIP_70_10_20,unmodified,Trap,5.0e-5,49,4.756394374668296,12.620828795364282
ZIP_70_10_20,unmodified,Trap,5.0e-5,50,2.4294968515193345,1977.1750932200118
ZIP_70_10_20,unmodified,Trap,5.0e-5,51,59479.23877267873,995.2409887519657
ZIP_70_10_20,unmodified,Trap,5.0e-5,52,15069.03282555499,497.6610007393724
ZIP_70_10_20,unmodified,Trap,5.0e-5,53,3767.8916996745056,248.89377638693165
ZIP_70_10_20,unmodified,Trap,5.0e-5,54,942.4571219472201,124.57830286042747
ZIP_70_10_20,unmodified,Trap,5.0e-5,55,236.11183337639315,62.5562801905096
ZIP_70_10_20,unmodified,Trap,5.0e-5,56,59.535956468157025,31.832736632269608
ZIP_70_10_20,unmodified,Trap,5.0e-5,57,15.418023204556654,17.162700530063574
ZIP_70_10_20,unmodified,Trap,5.0e-5,58,4.48593655137233,12.441298384835184
ZIP_70_10_20,unmodified,Trap,5.0e-5,59,2.3679252954909753,56.09213812775789
ZIP_70_10_20,unmodified,Trap,5.0e-5,60,48.01848363143048,29.33081988205319
ZIP_70_10_20,unmodified,Trap,5.0e-5,61,13.091802601005721,16.073227102287692
ZIP_70_10_20,unmodified,Trap,5.0e-5,62,3.935742001949516,12.754945543691449
ZIP_70_10_20,unmodified,Trap,5.0e-5,63,2.48994275532074,25.04689546298315
ZIP_70_10_20,unmodified,Trap,5.0e-5,64,9.595428732907674,14.62325651620832
ZIP_70_10_20,unmodified,Trap,5.0e-5,65,3.2609847893875012,14.129363671193497
ZIP_70_10_20,unmodified,Trap,5.0e-5,66,3.0558377613895513,14.648186755621166
ZIP_70_10_20,unmodified,Trap,5.0e-5,67,3.280131922635268,13.670492041909958
ZIP_70_10_20,unmodified,Trap,5.0e-5,68,2.8609934126547367,15.929567630916294
ZIP_70_10_20,unmodified,Trap,5.0e-5,69,3.8807537040902944,12.603483968618658
ZIP_70_10_20,unmodified,Trap,5.0e-5,70,2.4314518718990867,30.011412304080533
ZIP_70_10_20,unmodified,Trap,5.0e-5,71,13.77034442003618,16.784345045233053
ZIP_70_10_20,unmodified,Trap,5.0e-5,72,4.292097994274586,12.497428245918067
ZIP_70_10_20,unmodified,Trap,5.0e-5,73,2.3897670936668356,40.91524739906978
ZIP_70_10_20,unmodified,Trap,5.0e-5,74,25.57149133944439,21.91444098046194
ZIP_70_10_20,unmodified,Trap,5.0e-5,75,7.31076523122434,13.197733147984547
ZIP_70_10_20,unmodified,Trap,5.0e-5,76,2.6585092890052713,20.979741603124943
ZIP_70_10_20,unmodified,Trap,5.0e-5,77,6.726987084075785,13.274100798391581
ZIP_70_10_20,unmodified,Trap,5.0e-5,78,2.684984074404371,22.4958457396951
ZIP_70_10_20,unmodified,Trap,5.0e-5,79,7.740959098759441,13.621300798507573
ZIP_70_10_20,unmodified,Trap,5.0e-5,80,2.831580017997381,17.24703275583471
ZIP_70_10_20,unmodified,Trap,5.0e-5,81,4.549887511849035,12.616570365910263
ZIP_70_10_20,unmodified,Trap,5.0e-5,82,2.4282506581265872,150.9143898177524
ZIP_70_10_20,unmodified,Trap,5.0e-5,83,346.73846977942696,76.1982021338137
ZIP_70_10_20,unmodified,Trap,5.0e-5,84,88.33407692929332,38.60414644677301
ZIP_70_10_20,unmodified,Trap,5.0e-5,85,22.673307747143383,20.37967974278204
ZIP_70_10_20,unmodified,Trap,5.0e-5,86,6.320367611180337,12.959721045858977
ZIP_70_10_20,unmodified,Trap,5.0e-5,87,2.559420386884247,32.01977339300397
ZIP_70_10_20,unmodified,Trap,5.0e-5,88,15.671281043723912,17.696723633030793
ZIP_70_10_20,unmodified,Trap,5.0e-5,89,4.770268693021836,12.397848082898744
ZIP_70_10_20,unmodified,Trap,5.0e-5,90,2.3507947189088347,141.15406310967504
ZIP_70_10_20,unmodified,Trap,5.0e-5,91,303.54127548995484,71.81692597465099
ZIP_70_10_20,unmodified,Trap,5.0e-5,92,78.46920083063543,36.392694680923256
ZIP_70_10_20,unmodified,Trap,5.0e-5,93,20.150789676416025,19.241961339175624
ZIP_70_10_20,unmodified,Trap,5.0e-5,94,5.636644734539601,12.523999376199104
ZIP_70_10_20,unmodified,Trap,5.0e-5,95,2.3969426087045362,58.18711003099207
ZIP_70_10_20,unmodified,Trap,5.0e-5,96,51.60119230379029,30.149889076620067
ZIP_70_10_20,unmodified,Trap,5.0e-5,97,13.83130657147366,16.55962257154378
ZIP_70_10_20,unmodified,Trap,5.0e-5,98,4.174138716801511,12.851504086337918
ZIP_70_10_20,unmodified,Trap,5.0e-5,99,2.5205836458228448,30.073281882913605
ZIP_70_10_20,unmodified,Trap,5.0e-5,100,13.804911388537054,16.81986409743395
ZIP_70_10_20,unmodified,Trap,5.0e-5,101,4.3068873305348205,12.767579192486027
ZIP_70_10_20,unmodified,Trap,5.0e-5,102,2.4873851821791226,36.70855950810226
ZIP_70_10_20,unmodified,Trap,5.0e-5,103,20.557240779713737,19.83352973566633
ZIP_70_10_20,unmodified,Trap,5.0e-5,104,5.9870041849597575,12.845248559221734
ZIP_70_10_20,unmodified,Trap,5.0e-5,105,2.514761092866118,40.55873906911372
ZIP_70_10_20,unmodified,Trap,5.0e-5,106,25.12742077674017,21.73687662482994
ZIP_70_10_20,unmodified,Trap,5.0e-5,107,7.192866433360318,13.142698433162991
ZIP_70_10_20,unmodified,Trap,5.0e-5,108,2.6365719157950145,21.68488847962794
ZIP_70_10_20,unmodified,Trap,5.0e-5,109,7.185852649774614,13.492009675249841
ZIP_70_10_20,unmodified,Trap,5.0e-5,110,2.7734992959350833,19.826461838249017
ZIP_70_10_20,unmodified,Trap,5.0e-5,111,6.013214368369381,12.763639481146521
ZIP_70_10_20,unmodified,Trap,5.0e-5,112,2.4889711138346797,29.588419349093588
ZIP_70_10_20,unmodified,Trap,5.0e-5,113,13.363967095569226,16.607095168098255
ZIP_70_10_20,unmodified,Trap,5.0e-5,114,4.198724057323457,12.828488897964679
ZIP_70_10_20,unmodified,Trap,5.0e-5,115,2.5114830246207003,31.445545113443444
ZIP_70_10_20,unmodified,Trap,5.0e-5,116,15.09150291454051,17.42824103153415
ZIP_70_10_20,unmodified,Trap,5.0e-5,117,4.623771864228585,12.663213509483
ZIP_70_10_20,unmodified,Trap,5.0e-5,118,2.4461152912973065,67.75700370854707
ZIP_70_10_20,unmodified,Trap,5.0e-5,119,69.95396544388898,34.84871136371986
ZIP_70_10_20,unmodified,Trap,5.0e-5,120,18.47768120396893,18.652926447352986
ZIP_70_10_20,unmodified,Trap,5.0e-5,121,5.2951882175947755,12.668771134837545
ZIP_70_10_20,unmodified,Trap,5.0e-5,122,2.4470282492481368,141.8869891853884
ZIP_70_10_20,unmodified,Trap,5.0e-5,123,306.69733310723643,72.17743578212944
ZIP_70_10_20,unmodified,Trap,5.0e-5,124,79.25894171486995,36.570305535021305
ZIP_70_10_20,unmodified,Trap,5.0e-5,125,20.347933715667374,19.32431700903897
ZIP_70_10_20,unmodified,Trap,5.0e-5,126,5.684937204730353,12.5377517071745
ZIP_70_10_20,unmodified,Trap,5.0e-5,127,2.402108361707223,54.48916975185151
ZIP_70_10_20,unmodified,Trap,5.0e-5,128,45.256039013659034,28.345132229298553
ZIP_70_10_20,unmodified,Trap,5.0e-5,129,12.225276093615555,15.789595361098966
ZIP_70_10_20,unmodified,Trap,5.0e-5,130,3.795356480972368,13.247495782480375
ZIP_70_10_20,unmodified,Trap,5.0e-5,131,2.67969544340119,19.890817087208703
ZIP_70_10_20,unmodified,Trap,5.0e-5,132,6.048105030732144,12.978081266354748
ZIP_70_10_20,unmodified,Trap,5.0e-5,133,2.5671786288602405,30.08636680325818
ZIP_70_10_20,unmodified,Trap,5.0e-5,134,13.83822988085863,16.81250844571214
ZIP_70_10_20,unmodified,Trap,5.0e-5,135,4.306460848180275,12.491583875347935
ZIP_70_10_20,unmodified,Trap,5.0e-5,136,2.3875023509468876,41.8596787499638
ZIP_70_10_20,unmodified,Trap,5.0e-5,137,26.76385540307558,22.370114832027074
ZIP_70_10_20,unmodified,Trap,5.0e-5,138,7.61767618667998,13.343576764757069
ZIP_70_10_20,unmodified,Trap,5.0e-5,139,2.717110369309332,19.459949431409314
ZIP_70_10_20,unmodified,Trap,5.0e-5,140,5.789428318249448,12.878102448723999
ZIP_70_10_20,unmodified,Trap,5.0e-5,141,2.528054103801508,35.658231244723375
ZIP_70_10_20,unmodified,Trap,5.0e-5,142,19.42939492990466,19.397984352456337
ZIP_70_10_20,unmodified,Trap,5.0e-5,143,5.7297550036658365,12.555518234806794
ZIP_70_10_20,unmodified,Trap,5.0e-5,144,2.408837588689142,50.20077876611126
ZIP_70_10_20,unmodified,Trap,5.0e-5,145,38.418798728024726,26.262271809265386
ZIP_70_10_20,unmodified,Trap,5.0e-5,146,10.494967191788811,14.937261040930334
ZIP_70_10_20,unmodified,Trap,5.0e-5,147,3.3971890938750064,14.17013726532542
ZIP_70_10_20,unmodified,Trap,5.0e-5,148,3.068116057435636,14.661612513700975
ZIP_70_10_20,unmodified,Trap,5.0e-5,149,3.2902163294203066,13.760528439188628
ZIP_70_10_20,unmodified,Trap,5.0e-5,150,2.8932325621027277,15.982687809521456
ZIP_70_10_20,unmodified,Trap,5.0e-5,151,3.908554679990859,12.821801862453428
ZIP_70_10_20,unmodified,Trap,5.0e-5,152,2.509531793176265,30.511149915577874
ZIP_70_10_20,unmodified,Trap,5.0e-5,153,14.209205420159986,17.01280827692291
ZIP_70_10_20,unmodified,Trap,5.0e-5,154,4.406164511561234,12.724205092769118
ZIP_70_10_20,unmodified,Trap,5.0e-5,155,2.470253042059599,43.12640685899578
ZIP_70_10_20,unmodified,Trap,5.0e-5,156,28.36282501540756,22.86098607303305
ZIP_70_10_20,unmodified,Trap,5.0e-5,157,7.9532196491799025,13.680737124583162
ZIP_70_10_20,unmodified,Trap,5.0e-5,158,2.850789205353171,18.448121613482222
ZIP_70_10_20,unmodified,Trap,5.0e-5,159,5.205895350242793,12.468228707722833
ZIP_70_10_20,unmodified,Trap,5.0e-5,160,2.376719725542479,66.89114557369751
ZIP_70_10_20,unmodified,Trap,5.0e-5,161,68.17830332994633,34.4203344234249
ZIP_70_10_20,unmodified,Trap,5.0e-5,162,18.02624849551734,18.45810624072283
ZIP_70_10_20,unmodified,Trap,5.0e-5,163,5.18522087728212,12.6536893265205
ZIP_70_10_20,unmodified,Trap,5.0e-5,164,2.4413779348230387,262.73350521789604
ZIP_70_10_20,unmodified,Trap,5.0e-5,165,1050.9703856110746,132.88695655644528
ZIP_70_10_20,unmodified,Trap,5.0e-5,166,268.65760440151064,66.69842497696536
ZIP_70_10_20,unmodified,Trap,5.0e-5,167,67.6811862883451,33.86619287922519
ZIP_70_10_20,unmodified,Trap,5.0e-5,168,17.450358952173524,18.080518864921526
ZIP_70_10_20,unmodified,Trap,5.0e-5,169,4.977614156792579,12.402752457183873
ZIP_70_10_20,unmodified,Trap,5.0e-5,170,2.352181475940543,948.5626473675944
ZIP_70_10_20,unmodified,Trap,5.0e-5,171,13691.649182296991,477.86432338090685
ZIP_70_10_20,unmodified,Trap,5.0e-5,172,3474.0688515431716,239.00432153232364
ZIP_70_10_20,unmodified,Trap,5.0e-5,173,869.0487175465993,119.63868923444078
ZIP_70_10_20,unmodified,Trap,5.0e-5,174,217.75920962489664,60.09785871159351
ZIP_70_10_20,unmodified,Trap,5.0e-5,175,54.948550851755584,30.628639525854425
ZIP_70_10_20,unmodified,Trap,5.0e-5,176,14.273909751531875,16.628377569389617
ZIP_70_10_20,unmodified,Trap,5.0e-5,177,4.2115461126137195,12.547923284082033
ZIP_70_10_20,unmodified,Trap,5.0e-5,178,2.40927043299638,35.15394671989479
ZIP_70_10_20,unmodified,Trap,5.0e-5,179,18.88539297469296,19.165499171361542
ZIP_70_10_20,unmodified,Trap,5.0e-5,180,5.593446350454865,12.516064790723998
ZIP_70_10_20,unmodified,Trap,5.0e-5,181,2.3940070674181713,60.028477041203026
ZIP_70_10_20,unmodified,Trap,5.0e-5,182,54.91589682648721,31.050976066047628
ZIP_70_10_20,unmodified,Trap,5.0e-5,183,14.670269345384055,16.952447419211882
ZIP_70_10_20,unmodified,Trap,5.0e-5,184,4.37433619768818,12.741522046970754
ZIP_70_10_20,unmodified,Trap,5.0e-5,185,2.4770681242686163,40.24220222278952
ZIP_70_10_20,unmodified,Trap,5.0e-5,186,24.699910380519935,21.491254101986975
ZIP_70_10_20,unmodified,Trap,5.0e-5,187,7.029074885416493,13.25394125096514
ZIP_70_10_20,unmodified,Trap,5.0e-5,188,2.6763150665076507,23.192778264818706
ZIP_70_10_20,unmodified,Trap,5.0e-5,189,8.227679886540649,13.881179052426718
ZIP_70_10_20,unmodified,Trap,5.0e-5,190,2.9399664139269657,16.061314728954862
ZIP_70_10_20,unmodified,Trap,5.0e-5,191,3.946943784817451,12.796535405253513
ZIP_70_10_20,unmodified,Trap,5.0e-5,192,2.4995338729025844,32.17276993680607
ZIP_70_10_20,unmodified,Trap,5.0e-5,193,15.796540602748472,17.754341485865528
ZIP_70_10_20,unmodified,Trap,5.0e-5,194,4.798269370316814,12.641271228727062
ZIP_70_10_20,unmodified,Trap,5.0e-5,195,2.43728116861386,118.20864444108065
ZIP_70_10_20,unmodified,Trap,5.0e-5,196,212.77610001985187,59.88267614894309
ZIP_70_10_20,unmodified,Trap,5.0e-5,197,54.55646506461056,30.596042659017453
ZIP_70_10_20,unmodified,Trap,5.0e-5,198,14.242776815321776,16.748283653603337
ZIP_70_10_20,unmodified,Trap,5.0e-5,199,4.269688545980406,12.792646834738333
ZIP_70_10_20,unmodified,Trap,5.0e-5,200,2.497271450500835,34.2621985065905
ZIP_70_10_20,unmodified,Trap,5.0e-6,1,66.682760906657,3.66158176333876
ZIP_70_10_20,unmodified,Trap,5.0e-6,2,1.3737981070247498,37.73866534954275
ZIP_70_10_20,unmodified,Trap,5.0e-6,3,21.804030552106113,21.389911572042934
ZIP_70_10_20,unmodified,Trap,5.0e-6,4,6.959308027130367,14.11570249686457
ZIP_70_10_20,unmodified,Trap,5.0e-6,5,3.038646451242382,86.6663802586134
ZIP_70_10_20,unmodified,Trap,5.0e-6,6,114.2735979486521,44.45646321717201
ZIP_70_10_20,unmodified,Trap,5.0e-6,7,30.033341687952365,23.41141801810159
ZIP_70_10_20,unmodified,Trap,5.0e-6,8,8.33026873381851,14.716779744717439
ZIP_70_10_20,unmodified,Trap,5.0e-6,9,3.29580220830397,32.71910578131601
ZIP_70_10_20,unmodified,Trap,5.0e-6,10,16.33385292822899,18.46879751886418
ZIP_70_10_20,unmodified,Trap,5.0e-6,11,5.189481427438238,14.275266093280225
ZIP_70_10_20,unmodified,Trap,5.0e-6,12,3.1112987658259907,32.66328885287842
ZIP_70_10_20,unmodified,Trap,5.0e-6,13,16.27915639083484,18.45099647468566
ZIP_70_10_20,unmodified,Trap,5.0e-6,14,5.1795245515005846,14.281415866697154
ZIP_70_10_20,unmodified,Trap,5.0e-6,15,3.1139993344769255,32.37152576226592
ZIP_70_10_20,unmodified,Trap,5.0e-6,16,15.98996545415601,18.320757536651755
ZIP_70_10_20,unmodified,Trap,5.0e-6,17,5.106816913443397,14.332012659159368
ZIP_70_10_20,unmodified,Trap,5.0e-6,18,3.136241903899131,30.29456953023261
ZIP_70_10_20,unmodified,Trap,5.0e-6,19,14.006054716060143,17.408913460279685
ZIP_70_10_20,unmodified,Trap,5.0e-6,20,4.612267284136457,14.890857594532722
ZIP_70_10_20,unmodified,Trap,5.0e-6,21,3.3864331595622805,20.877807758529986
ZIP_70_10_20,unmodified,Trap,5.0e-6,22,6.655148996033088,14.112153925544185
ZIP_70_10_20,unmodified,Trap,5.0e-6,23,3.037816630180065,69.53229934775844
ZIP_70_10_20,unmodified,Trap,5.0e-6,24,73.57727879819288,36.004220344527425
ZIP_70_10_20,unmodified,Trap,5.0e-6,25,19.699724726406274,19.546094742935733
ZIP_70_10_20,unmodified,Trap,5.0e-6,26,5.807727352662835,14.310260882642732
ZIP_70_10_20,unmodified,Trap,5.0e-6,27,3.1195250565894046,60.46937621510169
ZIP_70_10_20,unmodified,Trap,5.0e-6,28,55.65922436727084,31.57049511297941
ZIP_70_10_20,unmodified,Trap,5.0e-6,29,15.14729107241496,17.634739351498563
ZIP_70_10_20,unmodified,Trap,5.0e-6,30,4.728327851359686,15.114619202975868
ZIP_70_10_20,unmodified,Trap,5.0e-6,31,3.483288356810342,20.515049034584777
ZIP_70_10_20,unmodified,Trap,5.0e-6,32,6.424102649865626,14.288678100568315
ZIP_70_10_20,unmodified,Trap,5.0e-6,33,3.109066421379338,111.76827177817655
ZIP_70_10_20,unmodified,Trap,5.0e-6,34,190.11294717851996,57.306724961201205
ZIP_70_10_20,unmodified,Trap,5.0e-6,35,49.90494416341003,29.45851463345604
ZIP_70_10_20,unmodified,Trap,5.0e-6,36,13.188674151601083,16.613187973877004
ZIP_70_10_20,unmodified,Trap,5.0e-6,37,4.200054161278832,15.944787243614247
ZIP_70_10_20,unmodified,Trap,5.0e-6,38,3.882958919745433,16.46030205553867
ZIP_70_10_20,unmodified,Trap,5.0e-6,39,4.134617035177682,15.472137190940343
ZIP_70_10_20,unmodified,Trap,5.0e-6,40,3.6566442213260433,17.705163057485937
ZIP_70_10_20,unmodified,Trap,5.0e-6,41,4.785037081324803,14.334598657116715
ZIP_70_10_20,unmodified,Trap,5.0e-6,42,3.138098459685182,29.32763345104445
ZIP_70_10_20,unmodified,Trap,5.0e-6,43,13.127196665174555,16.99577751822239
ZIP_70_10_20,unmodified,Trap,5.0e-6,44,4.396560101305029,15.311089866826048
ZIP_70_10_20,unmodified,Trap,5.0e-6,45,3.5804794875845887,18.387738883819335
ZIP_70_10_20,unmodified,Trap,5.0e-6,46,5.161574975748087,14.093756124961612
ZIP_70_10_20,unmodified,Trap,5.0e-6,47,3.032849946425109,45.343355119301506
ZIP_70_10_20,unmodified,Trap,5.0e-6,48,31.34639029885287,24.38866956273593
ZIP_70_10_20,unmodified,Trap,5.0e-6,49,9.042971793451319,14.80549207348207
ZIP_70_10_20,unmodified,Trap,5.0e-6,50,3.3394519327230725,25.529554462605322
ZIP_70_10_20,unmodified,Trap,5.0e-6,51,9.941274187709814,15.607056917764911
ZIP_70_10_20,unmodified,Trap,5.0e-6,52,3.7058047476765688,19.69233382529672
ZIP_70_10_20,unmodified,Trap,5.0e-6,53,5.919808265486977,13.984596001390784
ZIP_70_10_20,unmodified,Trap,5.0e-6,54,2.9845392277046146,593.5601952820225
ZIP_70_10_20,unmodified,Trap,5.0e-6,55,5355.094038668876,299.67710715153345
ZIP_70_10_20,unmodified,Trap,5.0e-6,56,1364.6209511405461,149.98384912368005
ZIP_70_10_20,unmodified,Trap,5.0e-6,57,341.8159465761339,75.27416147662075
ZIP_70_10_20,unmodified,Trap,5.0e-6,58,86.0990403199757,38.22185349989989
ZIP_70_10_20,unmodified,Trap,5.0e-6,59,22.2002458335853,20.411301732803977
ZIP_70_10_20,unmodified,Trap,5.0e-6,60,6.334710721442223,14.023499579588647
ZIP_70_10_20,unmodified,Trap,5.0e-6,61,3.000237691283706,452.2300485165138
ZIP_70_10_20,unmodified,Trap,5.0e-6,62,3108.8353223140575,228.52357367277105
ZIP_70_10_20,unmodified,Trap,5.0e-6,63,793.5381536549977,114.45164309432927
ZIP_70_10_20,unmodified,Trap,5.0e-6,64,199.04347997221132,57.59968031812776
ZIP_70_10_20,unmodified,Trap,5.0e-6,65,50.41402222413014,29.58848766786638
ZIP_70_10_20,unmodified,Trap,5.0e-6,66,13.305244146442417,16.665101082279698
ZIP_70_10_20,unmodified,Trap,5.0e-6,67,4.226258861714529,15.85812257903703
ZIP_70_10_20,unmodified,Trap,5.0e-6,68,3.8408735719994374,16.653705574917314
ZIP_70_10_20,unmodified,Trap,5.0e-6,69,4.232585755878243,15.201615019280656
ZIP_70_10_20,unmodified,Trap,5.0e-6,70,3.529887041535066,18.81382053688365
ZIP_70_10_20,unmodified,Trap,5.0e-6,71,5.403821422072775,14.017793162750566
ZIP_70_10_20,unmodified,Trap,5.0e-6,72,2.999767468348035,67.1021918837953
ZIP_70_10_20,unmodified,Trap,5.0e-6,73,68.58677951443603,35.04350712234603
ZIP_70_10_20,unmodified,Trap,5.0e-6,74,18.66410728434766,18.998434866929067
ZIP_70_10_20,unmodified,Trap,5.0e-6,75,5.489270794811268,14.140476995060617
ZIP_70_10_20,unmodified,Trap,5.0e-6,76,3.0522249056655038,43.44268219484842
ZIP_70_10_20,unmodified,Trap,5.0e-6,77,28.77654583349658,23.47586912635366
ZIP_70_10_20,unmodified,Trap,5.0e-6,78,8.379250406698672,14.54670392158428
ZIP_70_10_20,unmodified,Trap,5.0e-6,79,3.224632753618636,31.256503885840218
ZIP_70_10_20,unmodified,Trap,5.0e-6,80,14.89275150086789,17.86713952036227
ZIP_70_10_20,unmodified,Trap,5.0e-6,81,4.854446640790065,14.911001603204003
ZIP_70_10_20,unmodified,Trap,5.0e-6,82,3.3895959678624723,22.604434169365128
ZIP_70_10_20,unmodified,Trap,5.0e-6,83,7.796774387068016,14.698569817209723
ZIP_70_10_20,unmodified,Trap,5.0e-6,84,3.288403486571579,32.11350757754423
ZIP_70_10_20,unmodified,Trap,5.0e-6,85,15.735528575698986,18.199368234942146
ZIP_70_10_20,unmodified,Trap,5.0e-6,86,5.039496028917803,14.385019465737116
ZIP_70_10_20,unmodified,Trap,5.0e-6,87,3.159608775262292,28.568269761431925
ZIP_70_10_20,unmodified,Trap,5.0e-6,88,12.456826089630825,16.676694673340982
ZIP_70_10_20,unmodified,Trap,5.0e-6,89,4.233531615389771,15.74470369538434
ZIP_70_10_20,unmodified,Trap,5.0e-6,90,3.7861962570608663,16.92830944100066
ZIP_70_10_20,unmodified,Trap,5.0e-6,91,4.373633135408841,14.89118821955654
ZIP_70_10_20,unmodified,Trap,5.0e-6,92,3.3871087094796866,20.72188690249277
ZIP_70_10_20,unmodified,Trap,5.0e-6,93,6.556130809572514,14.086997964939638
ZIP_70_10_20,unmodified,Trap,5.0e-6,94,3.0271780259913887,80.06189942443663
ZIP_70_10_20,unmodified,Trap,5.0e-6,95,97.53008193184183,41.190616920896105
ZIP_70_10_20,unmodified,Trap,5.0e-6,96,25.783170089934476,21.89464911972687
ZIP_70_10_20,unmodified,Trap,5.0e-6,97,7.286247747739638,14.399016807757949
ZIP_70_10_20,unmodified,Trap,5.0e-6,98,3.1560308713443312,64.9281078384715
ZIP_70_10_20,unmodified,Trap,5.0e-6,99,64.21759965207428,33.96104387856904
ZIP_70_10_20,unmodified,Trap,5.0e-6,100,17.5291511668282,18.52245566950601
ZIP_70_10_20,unmodified,Trap,5.0e-6,101,5.218139447663951,14.278390489540495
ZIP_70_10_20,unmodified,Trap,5.0e-6,102,3.1125954801795004,32.64007301278063
ZIP_70_10_20,unmodified,Trap,5.0e-6,103,16.256044943543145,18.44057291197597
ZIP_70_10_20,unmodified,Trap,5.0e-6,104,5.17368628364603,14.285254215010275
ZIP_70_10_20,unmodified,Trap,5.0e-6,105,3.115684634451228,32.19522403231493
ZIP_70_10_20,unmodified,Trap,5.0e-6,106,15.816471525546214,18.242289957167447
ZIP_70_10_20,unmodified,Trap,5.0e-6,107,5.063261115742502,14.365406500465374
ZIP_70_10_20,unmodified,Trap,5.0e-6,108,3.1509553244166217,29.163033235388443
ZIP_70_10_20,unmodified,Trap,5.0e-6,109,12.980360188787857,16.92581857607654
ZIP_70_10_20,unmodified,Trap,5.0e-6,110,4.360548387555427,15.396903919179207
ZIP_70_10_20,unmodified,Trap,5.0e-6,111,3.6207467570096576,18.03655818056024
ZIP_70_10_20,unmodified,Trap,5.0e-6,112,4.966073390163112,14.19622094178714
ZIP_70_10_20,unmodified,Trap,5.0e-6,113,3.077484752772463,35.4917356972264
ZIP_70_10_20,unmodified,Trap,5.0e-6,114,19.21680213842412,19.73524545331203
ZIP_70_10_20,unmodified,Trap,5.0e-6,115,5.924165893800414,14.028944055639785
ZIP_70_10_20,unmodified,Trap,5.0e-6,116,3.0033951253807456,91.12021165520176
ZIP_70_10_20,unmodified,Trap,5.0e-6,117,126.39948626872636,46.98868319383044
ZIP_70_10_20,unmodified,Trap,5.0e-6,118,33.55325087730207,24.509870605985295
ZIP_70_10_20,unmodified,Trap,5.0e-6,119,9.13125853649681,14.830142641526932
ZIP_70_10_20,unmodified,Trap,5.0e-6,120,3.350447961731895,25.1905885896776
ZIP_70_10_20,unmodified,Trap,5.0e-6,121,9.679444182777829,15.489198803748486
ZIP_70_10_20,unmodified,Trap,5.0e-6,122,3.6502004955197282,20.392662848201805
ZIP_70_10_20,unmodified,Trap,5.0e-6,123,6.348582262478194,14.039613956612206
ZIP_70_10_20,unmodified,Trap,5.0e-6,124,3.007231212121263,124.92545242954866
ZIP_70_10_20,unmodified,Trap,5.0e-6,125,237.34788866242934,63.47158743757563
ZIP_70_10_20,unmodified,Trap,5.0e-6,126,61.217532463421264,32.52040195453675
ZIP_70_10_20,unmodified,Trap,5.0e-6,127,16.071304755609752,18.02543708390179
ZIP_70_10_20,unmodified,Trap,5.0e-6,128,4.939901679750908,14.829601959132356
ZIP_70_10_20,unmodified,Trap,5.0e-6,129,3.352423374227517,23.773676764296
ZIP_70_10_20,unmodified,Trap,5.0e-6,130,8.622803651265844,15.028702676999742
ZIP_70_10_20,unmodified,Trap,5.0e-6,131,3.4370775539367484,24.789436866998393
ZIP_70_10_20,unmodified,Trap,5.0e-6,132,9.380766737982327,15.201248192569171
ZIP_70_10_20,unmodified,Trap,5.0e-6,133,3.5203297051020055,20.777777133781328
ZIP_70_10_20,unmodified,Trap,5.0e-6,134,6.589355036840215,14.322560032286649
ZIP_70_10_20,unmodified,Trap,5.0e-6,135,3.1236039724610434,82.14106895160992
ZIP_70_10_20,unmodified,Trap,5.0e-6,136,102.73315449182778,42.50560873659139
ZIP_70_10_20,unmodified,Trap,5.0e-6,137,27.456910938647113,22.400920944374175
ZIP_70_10_20,unmodified,Trap,5.0e-6,138,7.62845179198397,14.281559908064386
ZIP_70_10_20,unmodified,Trap,5.0e-6,139,3.1092816255514943,46.54964518422396
ZIP_70_10_20,unmodified,Trap,5.0e-6,140,32.99953324563054,24.856647566219426
ZIP_70_10_20,unmodified,Trap,5.0e-6,141,9.391062907464025,15.12860271906116
ZIP_70_10_20,unmodified,Trap,5.0e-6,142,3.482025445612889,23.913538532287607
ZIP_70_10_20,unmodified,Trap,5.0e-6,143,8.729824877898961,14.902016664419694
ZIP_70_10_20,unmodified,Trap,5.0e-6,144,3.383912003245968,23.524770072551274
ZIP_70_10_20,unmodified,Trap,5.0e-6,145,8.443458299960914,14.953913760696295
ZIP_70_10_20,unmodified,Trap,5.0e-6,146,3.403090768892363,25.94439338138621
ZIP_70_10_20,unmodified,Trap,5.0e-6,147,10.274645187881966,15.624161125353949
ZIP_70_10_20,unmodified,Trap,5.0e-6,148,3.7178885395072627,18.459573480860712
ZIP_70_10_20,unmodified,Trap,5.0e-6,149,5.2029087184771665,14.328187335150853
ZIP_70_10_20,unmodified,Trap,5.0e-6,150,3.128517823795706,46.514605677838695
ZIP_70_10_20,unmodified,Trap,5.0e-6,151,32.94995547880122,24.840209515319927
ZIP_70_10_20,unmodified,Trap,5.0e-6,152,9.378651332716005,15.123569880871246
ZIP_70_10_20,unmodified,Trap,5.0e-6,153,3.4797173481092933,23.976242205734273
ZIP_70_10_20,unmodified,Trap,5.0e-6,154,8.77564584421023,14.922666246904605
ZIP_70_10_20,unmodified,Trap,5.0e-6,155,3.393235553984873,23.286781678433623
ZIP_70_10_20,unmodified,Trap,5.0e-6,156,8.273758192418722,14.884596808870018
ZIP_70_10_20,unmodified,Trap,5.0e-6,157,3.3717495465589766,27.21182390352241
ZIP_70_10_20,unmodified,Trap,5.0e-6,158,11.302204614983244,16.117176453870346
ZIP_70_10_20,unmodified,Trap,5.0e-6,159,3.955171093448776,16.855161604797814
ZIP_70_10_20,unmodified,Trap,5.0e-6,160,4.338757040073554,15.142246262267124
ZIP_70_10_20,unmodified,Trap,5.0e-6,161,3.4969622484896408,20.04762630564119
ZIP_70_10_20,unmodified,Trap,5.0e-6,162,6.135183834175296,14.244964066432946
ZIP_70_10_20,unmodified,Trap,5.0e-6,163,3.0904962043132547,354.63410101368225
ZIP_70_10_20,unmodified,Trap,5.0e-6,164,1911.9943227853369,179.38855240767649
ZIP_70_10_20,unmodified,Trap,5.0e-6,165,488.9860154291621,89.93605727694907
ZIP_70_10_20,unmodified,Trap,5.0e-6,166,122.90588632839074,45.45052914994216
ZIP_70_10_20,unmodified,Trap,5.0e-6,167,31.39052513050422,23.769062698456874
ZIP_70_10_20,unmodified,Trap,5.0e-6,168,8.587917023065485,14.615193161370984
ZIP_70_10_20,unmodified,Trap,5.0e-6,169,3.2547520656267785,29.397531427293004
ZIP_70_10_20,unmodified,Trap,5.0e-6,170,13.17625051125412,17.0914442777121
ZIP_70_10_20,unmodified,Trap,5.0e-6,171,4.44262647347774,15.649054244981679
ZIP_70_10_20,unmodified,Trap,5.0e-6,172,3.735166161993251,17.507291826600323
ZIP_70_10_20,unmodified,Trap,5.0e-6,173,4.680793504383955,14.665603766239753
ZIP_70_10_20,unmodified,Trap,5.0e-6,174,3.2790760114493787,26.270119275381866
ZIP_70_10_20,unmodified,Trap,5.0e-6,175,10.525479598551033,15.873099862773936
ZIP_70_10_20,unmodified,Trap,5.0e-6,176,3.832895778701951,18.45047498424381
ZIP_70_10_20,unmodified,Trap,5.0e-6,177,5.19609049511192,14.086216834075923
ZIP_70_10_20,unmodified,Trap,5.0e-6,178,3.0295335898860456,46.72313353357927
ZIP_70_10_20,unmodified,Trap,5.0e-6,179,33.280653835622445,25.05378963687063
ZIP_70_10_20,unmodified,Trap,5.0e-6,180,9.542557142239374,15.012218455671503
ZIP_70_10_20,unmodified,Trap,5.0e-6,181,3.432719769147444,22.8728960157284
ZIP_70_10_20,unmodified,Trap,5.0e-6,182,7.982708252313066,14.769149277746715
ZIP_70_10_20,unmodified,Trap,5.0e-6,183,3.319892052551318,29.91980645553281
ZIP_70_10_20,unmodified,Trap,5.0e-6,184,13.661199351183232,17.241100737631346
ZIP_70_10_20,unmodified,Trap,5.0e-6,185,4.523998362886028,15.046178680667955
ZIP_70_10_20,unmodified,Trap,5.0e-6,186,3.4575480691622973,19.768161919892957
ZIP_70_10_20,unmodified,Trap,5.0e-6,187,5.96632014999406,13.987278818901869
ZIP_70_10_20,unmodified,Trap,5.0e-6,188,2.9855962271652485,4000.226276119424
ZIP_70_10_20,unmodified,Trap,5.0e-6,189,243160.01441935395,2015.1071298514728
ZIP_70_10_20,unmodified,Trap,5.0e-6,190,61702.00947158118,1007.5791976993352
ZIP_70_10_20,unmodified,Trap,5.0e-6,191,15426.283711545011,503.8305470172128
ZIP_70_10_20,unmodified,Trap,5.0e-6,192,3857.197530844483,251.9976777003881
ZIP_70_10_20,unmodified,Trap,5.0e-6,193,964.9305377183684,126.16479242938512
ZIP_70_10_20,unmodified,Trap,5.0e-6,194,241.86886183237775,63.420033670908786
ZIP_70_10_20,unmodified,Trap,5.0e-6,195,61.11698883401145,32.41702853244374
ZIP_70_10_20,unmodified,Trap,5.0e-6,196,15.969958892438203,17.840352367143524
ZIP_70_10_20,unmodified,Trap,5.0e-6,197,4.841599092557938,14.614612748342442
ZIP_70_10_20,unmodified,Trap,5.0e-6,198,3.2616044004154308,23.906390018541053
ZIP_70_10_20,unmodified,Trap,5.0e-6,199,8.725477041812697,14.905551405006609
ZIP_70_10_20,unmodified,Trap,5.0e-6,200,3.3855314633935993,23.47002260574398
ZIP_70_10_20,OpenIPSL_1,Euler,0.0005,1,66.682760906657,18.52250690598035
ZIP_70_10_20,OpenIPSL_1,Euler,0.0005,2,0.48965684622602046,2.3091521528621564
ZIP_70_10_20,OpenIPSL_1,Euler,0.0005,3,0.08989447159620922,0.31330803345499175
ZIP_70_10_20,OpenIPSL_1,Euler,0.0005,4,0.0016526047558658539,0.005979597280717747
ZIP_70_10_20,OpenIPSL_1,Euler,0.0005,5,6.019454147124102e-7,2.179600219091007e-6
ZIP_70_10_20,OpenIPSL_1,Euler,5.0e-5,1,66.682760906657,5.637270743053871
ZIP_70_10_20,OpenIPSL_1,Euler,5.0e-5,2,0.2559808754895823,7.21166192491324
ZIP_70_10_20,OpenIPSL_1,Euler,5.0e-5,3,0.8121821496265637,3.1404693999064723
ZIP_70_10_20,OpenIPSL_1,Euler,5.0e-5,4,0.1539474338814958,0.9585609660105243
ZIP_70_10_20,OpenIPSL_1,Euler,5.0e-5,5,0.014342426179311536,0.10975416277161112
ZIP_70_10_20,OpenIPSL_1,Euler,5.0e-5,6,0.00018802913372995735,0.001477619684842799
ZIP_70_10_20,OpenIPSL_1,Euler,5.0e-5,7,3.408069804349926e-8,2.679189710802388e-7
ZIP_70_10_20,OpenIPSL_1,Euler,5.0e-6,1,66.682760906657,3.7558364526754637
ZIP_70_10_20,OpenIPSL_1,Euler,5.0e-6,2,0.17809958482979088,21.367045476156264
ZIP_70_10_20,OpenIPSL_1,Euler,5.0e-6,3,7.086557796481031,10.629164220448233
ZIP_70_10_20,OpenIPSL_1,Euler,5.0e-6,4,1.7321192708781863,5.042192405660516
ZIP_70_10_20,OpenIPSL_1,Euler,5.0e-6,5,0.3947198765465008,2.1094684867830433
ZIP_70_10_20,OpenIPSL_1,Euler,5.0e-6,6,0.06908080056858419,0.5679713898696027
ZIP_70_10_20,OpenIPSL_1,Euler,5.0e-6,7,0.005007998574527887,0.04815727377046588
ZIP_70_10_20,OpenIPSL_1,Euler,5.0e-6,8,3.600269930775089e-5,0.000351254911676495
ZIP_70_10_20,OpenIPSL_1,Euler,5.0e-6,9,1.9153850252568826e-9,1.8689153990864888e-8
ZIP_70_10_20,OpenIPSL_1,Trap,0.0005,1,66.682760906657,13.183252052905777
ZIP_70_10_20,OpenIPSL_1,Trap,0.0005,2,0.4459044913766494,3.2516114068208033
ZIP_70_10_20,OpenIPSL_1,Trap,0.0005,3,0.17207214225307055,0.7190527142746905
ZIP_70_10_20,OpenIPSL_1,Trap,0.0005,4,0.008407423653465437,0.03893571894930096
ZIP_70_10_20,OpenIPSL_1,Trap,0.0005,5,2.4651018121980192e-5,0.00011483504515891095
ZIP_70_10_20,OpenIPSL_1,Trap,0.0005,6,2.1443111733193886e-10,9.98930536396221e-10
ZIP_70_10_20,OpenIPSL_1,Trap,5.0e-5,1,66.682760906657,4.5508278801400435
ZIP_70_10_20,OpenIPSL_1,Trap,5.0e-5,2,0.2137977623857519,10.528461280314028
ZIP_70_10_20,OpenIPSL_1,Trap,5.0e-5,3,1.724813457238967,4.975023240310117
ZIP_70_10_20,OpenIPSL_1,Trap,5.0e-5,4,0.38501499859122085,2.0058983329448132
ZIP_70_10_20,OpenIPSL_1,Trap,5.0e-5,5,0.06259003453541141,0.4831884782600864
ZIP_70_10_20,OpenIPSL_1,Trap,5.0e-5,6,0.0036317880544888565,0.03171788315046441
ZIP_70_10_20,OpenIPSL_1,Trap,5.0e-5,7,1.564932989295317e-5,0.00013786004137611002
ZIP_70_10_20,OpenIPSL_1,Trap,5.0e-5,8,2.956406848656046e-10,2.604492920573405e-9
ZIP_70_10_20,OpenIPSL_1,Trap,5.0e-6,1,66.682760906657,3.66158176333876
ZIP_70_10_20,OpenIPSL_1,Trap,5.0e-6,2,0.17356994867827247,25.085870772616733
ZIP_70_10_20,OpenIPSL_1,Trap,5.0e-6,3,9.749060708533154,12.799740502457857
ZIP_70_10_20,OpenIPSL_1,Trap,5.0e-6,4,2.478147863731354,6.208358343685949
ZIP_70_10_20,OpenIPSL_1,Trap,5.0e-6,5,0.5986543933078015,2.7499986555259768
ZIP_70_10_20,OpenIPSL_1,Trap,5.0e-6,6,0.11738942664693311,0.8869063512656996
ZIP_70_10_20,OpenIPSL_1,Trap,5.0e-6,7,0.012210107816415424,0.11648180713983845
ZIP_70_10_20,OpenIPSL_1,Trap,5.0e-6,8,0.00021061057244260365,0.0020809683530263667
ZIP_70_10_20,OpenIPSL_1,Trap,5.0e-6,9,6.721944477252812e-8,6.645957186189054e-7
ZIP_70_10_20,OpenIPSL_2,Euler,0.0005,1,66.682760906657,18.52250690598035
ZIP_70_10_20,OpenIPSL_2,Euler,0.0005,2,0.4803717436013819,2.2256184364854352
ZIP_70_10_20,OpenIPSL_2,Euler,0.0005,3,0.08250583657231235,0.29115454023618914
ZIP_70_10_20,OpenIPSL_2,Euler,0.0005,4,0.0014040149381525523,0.005125870663445262
ZIP_70_10_20,OpenIPSL_2,Euler,0.0005,5,4.353356977714083e-7,1.5904309223017644e-6
ZIP_70_10_20,OpenIPSL_2,Euler,5.0e-5,1,66.682760906657,5.637270743053871
ZIP_70_10_20,OpenIPSL_2,Euler,5.0e-5,2,0.2563161433174809,6.92714818402328
ZIP_70_10_20,OpenIPSL_2,Euler,5.0e-5,3,0.7507300577870566,2.9942158081645647
ZIP_70_10_20,OpenIPSL_2,Euler,5.0e-5,4,0.1392576351792426,0.8811307109967909
ZIP_70_10_20,OpenIPSL_2,Euler,5.0e-5,5,0.012108256952661586,0.09284177119910711
ZIP_70_10_20,OpenIPSL_2,Euler,5.0e-5,6,0.0001345673165038016,0.00105550572504066
ZIP_70_10_20,OpenIPSL_2,Euler,5.0e-5,7,1.7394762172090564e-8,1.3647749827918118e-7
ZIP_70_10_20,OpenIPSL_2,Euler,5.0e-6,1,66.682760906657,3.7558364526754637
ZIP_70_10_20,OpenIPSL_2,Euler,5.0e-6,2,0.17805966522561362,18.6403187050383
ZIP_70_10_20,OpenIPSL_2,Euler,5.0e-6,3,5.380456485420536,9.284192220839039
ZIP_70_10_20,OpenIPSL_2,Euler,5.0e-6,4,1.31501195624696,4.335750348021117
ZIP_70_10_20,OpenIPSL_2,Euler,5.0e-6,5,0.2903825184547888,1.711989427889978
ZIP_70_10_20,OpenIPSL_2,Euler,5.0e-6,6,0.04551162177736933,0.39157947570668594
ZIP_70_10_20,OpenIPSL_2,Euler,5.0e-6,7,0.002385726813023022,0.022942863758728445
ZIP_70_10_20,OpenIPSL_2,Euler,5.0e-6,8,8.193252724901996e-6,7.934476990442266e-5
ZIP_70_10_20,OpenIPSL_2,Euler,5.0e-6,9,9.79957587552114e-11,9.490341237864237e-10
ZIP_70_10_20,OpenIPSL_2,Trap,0.0005,1,66.682760906657,13.183252052905777
ZIP_70_10_20,OpenIPSL_2,Trap,0.0005,2,0.44344904172953553,3.153640064701725
ZIP_70_10_20,OpenIPSL_2,Trap,0.0005,3,0.16098085614852617,0.6814622310121482
ZIP_70_10_20,OpenIPSL_2,Trap,0.0005,4,0.007471984615019774,0.03483470765520903
ZIP_70_10_20,OpenIPSL_2,Trap,0.0005,5,1.9542965344925396e-5,9.16030662103064e-5
ZIP_70_10_20,OpenIPSL_2,Trap,0.0005,6,1.351465912363712e-10,6.334815149432466e-10
ZIP_70_10_20,OpenIPSL_2,Trap,5.0e-5,1,66.682760906657,4.5508278801400435
ZIP_70_10_20,OpenIPSL_2,Trap,5.0e-5,2,0.2138398868804965,9.904372913771414
ZIP_70_10_20,OpenIPSL_2,Trap,5.0e-5,3,1.5284403564998084,4.664350830377722
ZIP_70_10_20,OpenIPSL_2,Trap,5.0e-5,4,0.3359440734015036,1.8224024739459943
ZIP_70_10_20,OpenIPSL_2,Trap,5.0e-5,5,0.051610237407641896,0.4050265341992645
ZIP_70_10_20,OpenIPSL_2,Trap,5.0e-5,6,0.002554823321106808,0.022265200475618988
ZIP_70_10_20,OpenIPSL_2,Trap,5.0e-5,7,7.723962675671908e-6,6.773025980186019e-5
ZIP_70_10_20,OpenIPSL_2,Trap,5.0e-5,8,7.147631213693141e-11,6.267800961444767e-10
ZIP_70_10_20,OpenIPSL_2,Trap,5.0e-6,1,66.682760906657,3.66158176333876
ZIP_70_10_20,OpenIPSL_2,Trap,5.0e-6,2,0.17354763041041607,21.316510044024707
ZIP_70_10_20,OpenIPSL_2,Trap,5.0e-6,3,7.025607979938152,10.710152502343266
ZIP_70_10_20,OpenIPSL_2,Trap,5.0e-6,4,1.744773899663583,5.085770250099288
ZIP_70_10_20,OpenIPSL_2,Trap,5.0e-6,5,0.3989250769672416,2.1247645415311776
ZIP_70_10_20,OpenIPSL_2,Trap,5.0e-6,6,0.0700524845032816,0.5763936074228878
ZIP_70_10_20,OpenIPSL_2,Trap,5.0e-6,7,0.005168027240847349,0.049918458107045004
ZIP_70_10_20,OpenIPSL_2,Trap,5.0e-6,8,3.8786204150689854e-5,0.00038040397795189023
ZIP_70_10_20,OpenIPSL_2,Trap,5.0e-6,9,2.2525093946246015e-9,2.209478624331931e-8
